product_id,date,expiration_date,last,change,prior_settle,open,high,low,volume,last_update
2457,7/1/2020,7/31/2020,,,534.75,,,,0,7/1/2020 20:15
2457,7/1/2020,8/31/2020,,,532,,,,0,7/1/2020 20:15
2457,7/1/2020,9/30/2020,,,532,,,,0,7/1/2020 20:15
2457,7/1/2020,10/31/2020,,,533.75,,,,0,7/1/2020 20:15
2457,7/1/2020,11/30/2020,,,535.25,,,,0,7/1/2020 20:15
2457,7/1/2020,12/31/2020,,,536.5,,,,0,7/1/2020 20:15
2457,7/1/2020,1/31/2021,,,538,,,,0,7/1/2020 20:15
2457,7/1/2020,2/28/2021,,,539,,,,0,7/1/2020 20:15
2457,7/1/2020,3/31/2021,,,538.25,,,,0,7/1/2020 20:15
2457,7/1/2020,4/30/2021,,,536.75,,,,0,7/1/2020 20:15
2457,7/1/2020,5/31/2021,,,537.75,,,,0,7/1/2020 20:15
2457,7/1/2020,6/30/2021,,,540.25,,,,0,7/1/2020 20:15
2457,7/1/2020,7/31/2021,,,541.5,,,,0,7/1/2020 20:15
2457,7/1/2020,8/31/2021,,,539,,,,0,7/1/2020 20:15
2457,7/1/2020,9/30/2021,,,537.5,,,,0,7/1/2020 20:15
2457,7/1/2020,10/31/2021,,,537,,,,0,7/1/2020 20:15
2457,7/1/2020,11/30/2021,,,533.75,,,,0,7/1/2020 20:15
2457,7/1/2020,12/31/2021,,,527.75,,,,0,7/1/2020 20:15
2457,7/1/2020,1/31/2022,,,521.5,,,,0,7/1/2020 17:57
2457,7/1/2020,2/28/2022,,,520.5,,,,0,7/1/2020 17:57
2457,7/1/2020,3/31/2022,,,519.25,,,,0,7/1/2020 17:56
2457,7/1/2020,4/30/2022,,,518.75,,,,0,7/1/2020 17:56
2457,7/1/2020,5/31/2022,,,518,,,,0,7/1/2020 17:57
2457,7/1/2020,6/30/2022,,,517.25,,,,0,7/1/2020 17:57
2457,7/1/2020,7/31/2022,,,516.25,,,,0,7/1/2020 17:56
2457,7/1/2020,8/31/2022,,,515,,,,0,7/1/2020 17:56
2457,7/1/2020,9/30/2022,,,514.25,,,,0,7/1/2020 17:57
2457,7/1/2020,10/31/2022,,,513.75,,,,0,7/1/2020 17:57
2457,7/1/2020,11/30/2022,,,512.75,,,,0,7/1/2020 17:55
2457,7/1/2020,12/31/2022,,,511.75,,,,0,7/1/2020 17:56
2457,7/1/2020,1/31/2023,,,511,,,,0,7/1/2020 17:56
2457,7/1/2020,2/28/2023,,,509.75,,,,0,7/1/2020 17:57
2457,7/1/2020,3/31/2023,,,509,,,,0,7/1/2020 17:56
2457,7/1/2020,4/30/2023,,,508.25,,,,0,7/1/2020 17:57
2457,7/1/2020,5/31/2023,,,507.5,,,,0,7/1/2020 17:55
2457,7/1/2020,6/30/2023,,,506.75,,,,0,7/1/2020 17:57
2457,7/1/2020,7/31/2023,,,506,,,,0,7/1/2020 17:56
2457,7/1/2020,8/31/2023,,,505.25,,,,0,7/1/2020 17:56
2457,7/1/2020,9/30/2023,,,539.25,,,,0,7/1/2020 17:56
2457,7/1/2020,10/31/2023,,,547,,,,0,7/1/2020 17:57
2457,7/1/2020,11/30/2023,,,508.25,,,,0,7/1/2020 17:56
2457,7/1/2020,12/31/2023,,,508.75,,,,0,7/1/2020 17:55
2457,7/1/2020,1/31/2024,,,541.25,,,,0,7/1/2020 17:56
2457,7/1/2020,2/29/2024,,,546.5,,,,0,7/1/2020 17:57
2457,7/1/2020,3/31/2024,,,573.75,,,,0,7/1/2020 17:57
2457,7/1/2020,4/30/2024,,,562.5,,,,0,7/1/2020 17:57
2457,7/1/2020,5/31/2024,,,560,,,,0,7/1/2020 17:57
2457,7/1/2020,6/30/2024,,,554.5,,,,0,7/1/2020 17:57
2457,7/1/2020,7/31/2024,,,575.5,,,,0,7/1/2020 17:57
2457,7/1/2020,8/31/2024,,,552.5,,,,0,7/1/2020 17:57
2457,7/1/2020,9/30/2024,,,553.5,,,,0,7/1/2020 17:57
2457,7/1/2020,10/31/2024,,,572.75,,,,0,7/1/2020 17:57
2457,7/1/2020,11/30/2024,,,613.75,,,,0,7/1/2020 17:58
2457,7/1/2020,12/31/2024,,,621.5,,,,0,7/1/2020 17:56
2457,7/1/2020,1/31/2025,,,605.75,,,,0,7/1/2020 17:56
2457,7/1/2020,2/28/2025,,,593.75,,,,0,7/1/2020 17:56
2457,7/1/2020,3/31/2025,,,525.5,,,,0,7/1/2020 17:56
2457,7/1/2020,4/30/2025,,,514.25,,,,0,7/1/2020 17:57
2457,7/1/2020,5/31/2025,,,508.25,,,,0,7/1/2020 17:57
2457,7/1/2020,6/30/2025,,,0,,,,0,7/1/2020 17:57
2457,7/2/2020,7/31/2020,,,541.75,,,,0,7/2/2020 20:10
2457,7/2/2020,8/31/2020,,,539.25,,,,0,7/2/2020 20:10
2457,7/2/2020,9/30/2020,,,538.75,,,,0,7/2/2020 20:10
2457,7/2/2020,10/31/2020,,,541.25,,,,0,7/2/2020 20:10
2457,7/2/2020,11/30/2020,,,543.5,,,,0,7/2/2020 20:10
2457,7/2/2020,12/31/2020,,,546,,,,0,7/2/2020 20:10
2457,7/2/2020,1/31/2021,,,547.5,,,,0,7/2/2020 20:10
2457,7/2/2020,2/28/2021,,,547.5,,,,0,7/2/2020 20:10
2457,7/2/2020,3/31/2021,,,547.25,,,,0,7/2/2020 20:10
2457,7/2/2020,4/30/2021,,,546,,,,0,7/2/2020 20:10
2457,7/2/2020,5/31/2021,,,546.25,,,,0,7/2/2020 20:10
2457,7/2/2020,6/30/2021,,,546.75,,,,0,7/2/2020 20:10
2457,7/2/2020,7/31/2021,,,548.25,,,,0,7/2/2020 20:10
2457,7/2/2020,8/31/2021,,,547.75,,,,0,7/2/2020 20:10
2457,7/2/2020,9/30/2021,,,547.25,,,,0,7/2/2020 20:10
2457,7/2/2020,10/31/2021,,,547,,,,0,7/2/2020 20:10
2457,7/2/2020,11/30/2021,,,544.25,,,,0,7/2/2020 20:10
2457,7/2/2020,12/31/2021,,,539,,,,0,7/2/2020 20:10
2457,7/2/2020,1/31/2022,,,532.75,,,,0,7/2/2020 18:09
2457,7/2/2020,2/28/2022,,,531.75,,,,0,7/2/2020 18:09
2457,7/2/2020,3/31/2022,,,530.5,,,,0,7/2/2020 18:08
2457,7/2/2020,4/30/2022,,,530,,,,0,7/2/2020 18:08
2457,7/2/2020,5/31/2022,,,529.25,,,,0,7/2/2020 18:09
2457,7/2/2020,6/30/2022,,,528.5,,,,0,7/2/2020 18:09
2457,7/2/2020,7/31/2022,,,527.5,,,,0,7/2/2020 18:08
2457,7/2/2020,8/31/2022,,,526.25,,,,0,7/2/2020 18:08
2457,7/2/2020,9/30/2022,,,525.5,,,,0,7/2/2020 18:09
2457,7/2/2020,10/31/2022,,,525,,,,0,7/2/2020 18:09
2457,7/2/2020,11/30/2022,,,524,,,,0,7/2/2020 18:08
2457,7/2/2020,12/31/2022,,,523,,,,0,7/2/2020 18:08
2457,7/2/2020,1/31/2023,,,522.25,,,,0,7/2/2020 18:08
2457,7/2/2020,2/28/2023,,,521,,,,0,7/2/2020 18:09
2457,7/2/2020,3/31/2023,,,520.25,,,,0,7/2/2020 18:08
2457,7/2/2020,4/30/2023,,,519.5,,,,0,7/2/2020 18:09
2457,7/2/2020,5/31/2023,,,518.75,,,,0,7/2/2020 18:08
2457,7/2/2020,6/30/2023,,,518,,,,0,7/2/2020 18:09
2457,7/2/2020,7/31/2023,,,517.25,,,,0,7/2/2020 18:08
2457,7/2/2020,8/31/2023,,,516.5,,,,0,7/2/2020 18:09
2457,7/2/2020,9/30/2023,,,539.25,,,,0,7/2/2020 18:09
2457,7/2/2020,10/31/2023,,,547,,,,0,7/2/2020 18:09
2457,7/2/2020,11/30/2023,,,508.25,,,,0,7/2/2020 18:08
2457,7/2/2020,12/31/2023,,,508.75,,,,0,7/2/2020 18:08
2457,7/2/2020,1/31/2024,,,541.25,,,,0,7/2/2020 18:08
2457,7/2/2020,2/29/2024,,,546.5,,,,0,7/2/2020 18:09
2457,7/2/2020,3/31/2024,,,573.75,,,,0,7/2/2020 18:09
2457,7/2/2020,4/30/2024,,,562.5,,,,0,7/2/2020 18:09
2457,7/2/2020,5/31/2024,,,560,,,,0,7/2/2020 18:09
2457,7/2/2020,6/30/2024,,,554.5,,,,0,7/2/2020 18:09
2457,7/2/2020,7/31/2024,,,575.5,,,,0,7/2/2020 18:10
2457,7/2/2020,8/31/2024,,,552.5,,,,0,7/2/2020 18:09
2457,7/2/2020,9/30/2024,,,553.5,,,,0,7/2/2020 18:09
2457,7/2/2020,10/31/2024,,,572.75,,,,0,7/2/2020 18:09
2457,7/2/2020,11/30/2024,,,613.75,,,,0,7/2/2020 18:10
2457,7/2/2020,12/31/2024,,,621.5,,,,0,7/2/2020 18:08
2457,7/2/2020,1/31/2025,,,605.75,,,,0,7/2/2020 18:08
2457,7/2/2020,2/28/2025,,,593.75,,,,0,7/2/2020 18:08
2457,7/2/2020,3/31/2025,,,525.5,,,,0,7/2/2020 18:08
2457,7/2/2020,4/30/2025,,,514.25,,,,0,7/2/2020 18:10
2457,7/2/2020,5/31/2025,,,508.25,,,,0,7/2/2020 18:10
2457,7/2/2020,6/30/2025,,,0,,,,0,7/2/2020 18:09
2457,7/5/2020,7/31/2020,,,549.25,,,,0,7/5/2020 13:06
2457,7/5/2020,8/31/2020,,,548.25,,,,0,7/5/2020 13:07
2457,7/5/2020,9/30/2020,,,548,,,,0,7/5/2020 13:07
2457,7/5/2020,10/31/2020,,,550,,,,0,7/5/2020 13:06
2457,7/5/2020,11/30/2020,,,552.5,,,,0,7/5/2020 13:07
2457,7/5/2020,12/31/2020,,,554.5,,,,0,7/5/2020 13:06
2457,7/5/2020,1/31/2021,,,554.75,,,,0,7/5/2020 13:05
2457,7/5/2020,2/28/2021,,,554.5,,,,0,7/5/2020 13:06
2457,7/5/2020,3/31/2021,,,553,,,,0,7/5/2020 13:07
2457,7/5/2020,4/30/2021,,,551.25,,,,0,7/5/2020 13:05
2457,7/5/2020,5/31/2021,,,551.75,,,,0,7/5/2020 13:06
2457,7/5/2020,6/30/2021,,,552.25,,,,0,7/5/2020 13:05
2457,7/5/2020,7/31/2021,,,553,,,,0,7/5/2020 13:05
2457,7/5/2020,8/31/2021,,,552.75,,,,0,7/5/2020 13:07
2457,7/5/2020,9/30/2021,,,552.5,,,,0,7/5/2020 13:05
2457,7/5/2020,10/31/2021,,,552.25,,,,0,7/5/2020 13:06
2457,7/5/2020,11/30/2021,,,549.5,,,,0,7/5/2020 13:06
2457,7/5/2020,12/31/2021,,,544.25,,,,0,7/5/2020 13:06
2457,7/5/2020,1/31/2022,,,538.25,,,,0,7/5/2020 13:07
2457,7/5/2020,2/28/2022,,,537.5,,,,0,7/5/2020 13:07
2457,7/5/2020,3/31/2022,,,536.25,,,,0,7/5/2020 13:06
2457,7/5/2020,4/30/2022,,,535.75,,,,0,7/5/2020 13:06
2457,7/5/2020,5/31/2022,,,535.25,,,,0,7/5/2020 13:07
2457,7/5/2020,6/30/2022,,,534.5,,,,0,7/5/2020 13:07
2457,7/5/2020,7/31/2022,,,533.75,,,,0,7/5/2020 13:06
2457,7/5/2020,8/31/2022,,,532.5,,,,0,7/5/2020 13:06
2457,7/5/2020,9/30/2022,,,532,,,,0,7/5/2020 13:07
2457,7/5/2020,10/31/2022,,,531.5,,,,0,7/5/2020 13:07
2457,7/5/2020,11/30/2022,,,530.5,,,,0,7/5/2020 13:05
2457,7/5/2020,12/31/2022,,,529.75,,,,0,7/5/2020 13:06
2457,7/5/2020,1/31/2023,,,529,,,,0,7/5/2020 13:05
2457,7/5/2020,2/28/2023,,,528,,,,0,7/5/2020 13:07
2457,7/5/2020,3/31/2023,,,527.25,,,,0,7/5/2020 13:06
2457,7/5/2020,4/30/2023,,,526.5,,,,0,7/5/2020 13:07
2457,7/5/2020,5/31/2023,,,526,,,,0,7/5/2020 13:05
2457,7/5/2020,6/30/2023,,,525.25,,,,0,7/5/2020 13:06
2457,7/5/2020,7/31/2023,,,524.5,,,,0,7/5/2020 13:06
2457,7/5/2020,8/31/2023,,,523.75,,,,0,7/5/2020 13:06
2457,7/5/2020,9/30/2023,,,539.25,,,,0,7/5/2020 13:06
2457,7/5/2020,10/31/2023,,,547,,,,0,7/5/2020 13:07
2457,7/5/2020,11/30/2023,,,508.25,,,,0,7/5/2020 13:05
2457,7/5/2020,12/31/2023,,,508.75,,,,0,7/5/2020 13:05
2457,7/5/2020,1/31/2024,,,541.25,,,,0,7/5/2020 13:06
2457,7/5/2020,2/29/2024,,,546.5,,,,0,7/5/2020 13:07
2457,7/5/2020,3/31/2024,,,573.75,,,,0,7/5/2020 13:07
2457,7/5/2020,4/30/2024,,,562.5,,,,0,7/5/2020 13:07
2457,7/5/2020,5/31/2024,,,560,,,,0,7/5/2020 13:07
2457,7/5/2020,6/30/2024,,,554.5,,,,0,7/5/2020 13:07
2457,7/5/2020,7/31/2024,,,575.5,,,,0,7/5/2020 13:07
2457,7/5/2020,8/31/2024,,,552.5,,,,0,7/5/2020 13:07
2457,7/5/2020,9/30/2024,,,553.5,,,,0,7/5/2020 13:06
2457,7/5/2020,10/31/2024,,,572.75,,,,0,7/5/2020 13:07
2457,7/5/2020,11/30/2024,,,613.75,,,,0,7/5/2020 13:07
2457,7/5/2020,12/31/2024,,,621.5,,,,0,7/5/2020 13:06
2457,7/5/2020,1/31/2025,,,605.75,,,,0,7/5/2020 13:05
2457,7/5/2020,2/28/2025,,,593.75,,,,0,7/5/2020 13:05
2457,7/5/2020,3/31/2025,,,525.5,,,,0,7/5/2020 13:06
2457,7/5/2020,4/30/2025,,,514.25,,,,0,7/5/2020 13:07
2457,7/5/2020,5/31/2025,,,508.25,,,,0,7/5/2020 13:07
2457,7/5/2020,6/30/2025,,,0,,,,0,7/5/2020 13:07
2457,7/6/2020,7/31/2020,,,549.25,,,,0,7/6/2020 20:14
2457,7/6/2020,8/31/2020,,,548.25,,,,0,7/6/2020 20:14
2457,7/6/2020,9/30/2020,,,548,,,,0,7/6/2020 20:14
2457,7/6/2020,10/31/2020,,,550,,,,0,7/6/2020 20:14
2457,7/6/2020,11/30/2020,,,552.5,,,,0,7/6/2020 20:14
2457,7/6/2020,12/31/2020,,,554.5,,,,0,7/6/2020 20:14
2457,7/6/2020,1/31/2021,,,554.75,,,,0,7/6/2020 20:14
2457,7/6/2020,2/28/2021,,,554.5,,,,0,7/6/2020 20:14
2457,7/6/2020,3/31/2021,,,553,,,,0,7/6/2020 20:14
2457,7/6/2020,4/30/2021,,,551.25,,,,0,7/6/2020 20:14
2457,7/6/2020,5/31/2021,,,551.75,,,,0,7/6/2020 20:14
2457,7/6/2020,6/30/2021,,,552.25,,,,0,7/6/2020 20:14
2457,7/6/2020,7/31/2021,,,553,,,,0,7/6/2020 20:14
2457,7/6/2020,8/31/2021,,,552.75,,,,0,7/6/2020 20:14
2457,7/6/2020,9/30/2021,,,552.5,,,,0,7/6/2020 20:14
2457,7/6/2020,10/31/2021,,,552.25,,,,0,7/6/2020 20:14
2457,7/6/2020,11/30/2021,,,549.5,,,,0,7/6/2020 20:14
2457,7/6/2020,12/31/2021,,,544.25,,,,0,7/6/2020 20:14
2457,7/6/2020,1/31/2022,,,538.25,,,,0,7/6/2020 18:29
2457,7/6/2020,2/28/2022,,,537.5,,,,0,7/6/2020 18:30
2457,7/6/2020,3/31/2022,,,536.25,,,,0,7/6/2020 18:29
2457,7/6/2020,4/30/2022,,,535.75,,,,0,7/6/2020 18:28
2457,7/6/2020,5/31/2022,,,535.25,,,,0,7/6/2020 18:30
2457,7/6/2020,6/30/2022,,,534.5,,,,0,7/6/2020 18:30
2457,7/6/2020,7/31/2022,,,533.75,,,,0,7/6/2020 18:28
2457,7/6/2020,8/31/2022,,,532.5,,,,0,7/6/2020 18:28
2457,7/6/2020,9/30/2022,,,532,,,,0,7/6/2020 18:29
2457,7/6/2020,10/31/2022,,,531.5,,,,0,7/6/2020 18:29
2457,7/6/2020,11/30/2022,,,530.5,,,,0,7/6/2020 18:28
2457,7/6/2020,12/31/2022,,,529.75,,,,0,7/6/2020 18:28
2457,7/6/2020,1/31/2023,,,529,,,,0,7/6/2020 18:28
2457,7/6/2020,2/28/2023,,,528,,,,0,7/6/2020 18:29
2457,7/6/2020,3/31/2023,,,527.25,,,,0,7/6/2020 18:28
2457,7/6/2020,4/30/2023,,,526.5,,,,0,7/6/2020 18:30
2457,7/6/2020,5/31/2023,,,526,,,,0,7/6/2020 18:28
2457,7/6/2020,6/30/2023,,,525.25,,,,0,7/6/2020 18:29
2457,7/6/2020,7/31/2023,,,524.5,,,,0,7/6/2020 18:29
2457,7/6/2020,8/31/2023,,,523.75,,,,0,7/6/2020 18:29
2457,7/6/2020,9/30/2023,,,539.25,,,,0,7/6/2020 18:29
2457,7/6/2020,10/31/2023,,,547,,,,0,7/6/2020 18:30
2457,7/6/2020,11/30/2023,,,508.25,,,,0,7/6/2020 18:28
2457,7/6/2020,12/31/2023,,,508.75,,,,0,7/6/2020 18:28
2457,7/6/2020,1/31/2024,,,541.25,,,,0,7/6/2020 18:28
2457,7/6/2020,2/29/2024,,,546.5,,,,0,7/6/2020 18:30
2457,7/6/2020,3/31/2024,,,573.75,,,,0,7/6/2020 18:29
2457,7/6/2020,4/30/2024,,,562.5,,,,0,7/6/2020 18:29
2457,7/6/2020,5/31/2024,,,560,,,,0,7/6/2020 18:30
2457,7/6/2020,6/30/2024,,,554.5,,,,0,7/6/2020 18:29
2457,7/6/2020,7/31/2024,,,575.5,,,,0,7/6/2020 18:30
2457,7/6/2020,8/31/2024,,,552.5,,,,0,7/6/2020 18:29
2457,7/6/2020,9/30/2024,,,553.5,,,,0,7/6/2020 18:29
2457,7/6/2020,10/31/2024,,,572.75,,,,0,7/6/2020 18:30
2457,7/6/2020,11/30/2024,,,613.75,,,,0,7/6/2020 18:30
2457,7/6/2020,12/31/2024,,,621.5,,,,0,7/6/2020 18:28
2457,7/6/2020,1/31/2025,,,605.75,,,,0,7/6/2020 18:28
2457,7/6/2020,2/28/2025,,,593.75,,,,0,7/6/2020 18:28
2457,7/6/2020,3/31/2025,,,525.5,,,,0,7/6/2020 18:28
2457,7/6/2020,4/30/2025,,,514.25,,,,0,7/6/2020 18:30
2457,7/6/2020,5/31/2025,,,508.25,,,,0,7/6/2020 18:30
2457,7/6/2020,6/30/2025,,,543.75,,,,0,7/6/2020 18:30
2457,7/7/2020,7/31/2020,,,555.75,,,,0,7/7/2020 20:13
2457,7/7/2020,8/31/2020,,,555.25,,,,0,7/7/2020 20:13
2457,7/7/2020,9/30/2020,,,554.75,,,,0,7/7/2020 20:13
2457,7/7/2020,10/31/2020,,,556,,,,0,7/7/2020 20:13
2457,7/7/2020,11/30/2020,,,557.5,,,,0,7/7/2020 20:13
2457,7/7/2020,12/31/2020,,,559.5,,,,0,7/7/2020 20:13
2457,7/7/2020,1/31/2021,,,560.25,,,,0,7/7/2020 20:13
2457,7/7/2020,2/28/2021,,,560.25,,,,0,7/7/2020 20:13
2457,7/7/2020,3/31/2021,,,560,,,,0,7/7/2020 20:13
2457,7/7/2020,4/30/2021,,,558.75,,,,0,7/7/2020 20:13
2457,7/7/2020,5/31/2021,,,559,,,,0,7/7/2020 20:13
2457,7/7/2020,6/30/2021,,,560.5,,,,0,7/7/2020 20:13
2457,7/7/2020,7/31/2021,,,561.75,,,,0,7/7/2020 20:13
2457,7/7/2020,8/31/2021,,,561.5,,,,0,7/7/2020 20:13
2457,7/7/2020,9/30/2021,,,561.25,,,,0,7/7/2020 20:13
2457,7/7/2020,10/31/2021,,,560.75,,,,0,7/7/2020 20:13
2457,7/7/2020,11/30/2021,,,560.5,,,,0,7/7/2020 20:13
2457,7/7/2020,12/31/2021,,,560.25,,,,0,7/7/2020 20:13
2457,7/7/2020,1/31/2022,,,554.25,,,,0,7/7/2020 18:00
2457,7/7/2020,2/28/2022,,,553.5,,,,0,7/7/2020 18:00
2457,7/7/2020,3/31/2022,,,552.25,,,,0,7/7/2020 17:59
2457,7/7/2020,4/30/2022,,,551.75,,,,0,7/7/2020 17:59
2457,7/7/2020,5/31/2022,,,551.25,,,,0,7/7/2020 18:00
2457,7/7/2020,6/30/2022,,,550.5,,,,0,7/7/2020 18:00
2457,7/7/2020,7/31/2022,,,549.75,,,,0,7/7/2020 17:59
2457,7/7/2020,8/31/2022,,,548.5,,,,0,7/7/2020 17:59
2457,7/7/2020,9/30/2022,,,548,,,,0,7/7/2020 18:00
2457,7/7/2020,10/31/2022,,,547.5,,,,0,7/7/2020 18:00
2457,7/7/2020,11/30/2022,,,546.5,,,,0,7/7/2020 17:58
2457,7/7/2020,12/31/2022,,,545.75,,,,0,7/7/2020 17:59
2457,7/7/2020,1/31/2023,,,545,,,,0,7/7/2020 17:59
2457,7/7/2020,2/28/2023,,,544,,,,0,7/7/2020 18:00
2457,7/7/2020,3/31/2023,,,543.25,,,,0,7/7/2020 17:59
2457,7/7/2020,4/30/2023,,,542.5,,,,0,7/7/2020 18:00
2457,7/7/2020,5/31/2023,,,542,,,,0,7/7/2020 17:58
2457,7/7/2020,6/30/2023,,,541.25,,,,0,7/7/2020 18:00
2457,7/7/2020,7/31/2023,,,540.5,,,,0,7/7/2020 17:59
2457,7/7/2020,8/31/2023,,,539.75,,,,0,7/7/2020 17:59
2457,7/7/2020,9/30/2023,,,539.25,,,,0,7/7/2020 17:59
2457,7/7/2020,10/31/2023,,,547,,,,0,7/7/2020 18:00
2457,7/7/2020,11/30/2023,,,508.25,,,,0,7/7/2020 17:59
2457,7/7/2020,12/31/2023,,,508.75,,,,0,7/7/2020 17:58
2457,7/7/2020,1/31/2024,,,541.25,,,,0,7/7/2020 17:59
2457,7/7/2020,2/29/2024,,,546.5,,,,0,7/7/2020 18:00
2457,7/7/2020,3/31/2024,,,573.75,,,,0,7/7/2020 18:00
2457,7/7/2020,4/30/2024,,,562.5,,,,0,7/7/2020 18:00
2457,7/7/2020,5/31/2024,,,560,,,,0,7/7/2020 18:00
2457,7/7/2020,6/30/2024,,,554.5,,,,0,7/7/2020 18:00
2457,7/7/2020,7/31/2024,,,575.5,,,,0,7/7/2020 18:00
2457,7/7/2020,8/31/2024,,,552.5,,,,0,7/7/2020 18:00
2457,7/7/2020,9/30/2024,,,553.5,,,,0,7/7/2020 17:59
2457,7/7/2020,10/31/2024,,,572.75,,,,0,7/7/2020 18:00
2457,7/7/2020,11/30/2024,,,613.75,,,,0,7/7/2020 18:00
2457,7/7/2020,12/31/2024,,,621.5,,,,0,7/7/2020 17:59
2457,7/7/2020,1/31/2025,,,605.75,,,,0,7/7/2020 17:59
2457,7/7/2020,2/28/2025,,,593.75,,,,0,7/7/2020 17:59
2457,7/7/2020,3/31/2025,,,525.5,,,,0,7/7/2020 17:59
2457,7/7/2020,4/30/2025,,,514.25,,,,0,7/7/2020 18:00
2457,7/7/2020,5/31/2025,,,508.25,,,,0,7/7/2020 18:00
2457,7/7/2020,6/30/2025,,,543.75,,,,0,7/7/2020 18:00
2457,7/8/2020,7/31/2020,,,550.75,,,,0,7/8/2020 17:42
2457,7/8/2020,8/31/2020,,,549.25,,,,0,7/8/2020 17:44
2457,7/8/2020,9/30/2020,,,549.5,,,,0,7/8/2020 17:44
2457,7/8/2020,10/31/2020,,,551,,,,0,7/8/2020 17:43
2457,7/8/2020,11/30/2020,,,552.5,,,,0,7/8/2020 17:44
2457,7/8/2020,12/31/2020,,,554.75,,,,0,7/8/2020 17:42
2457,7/8/2020,1/31/2021,,,555.75,,,,0,7/8/2020 17:42
2457,7/8/2020,2/28/2021,,,555.5,,,,0,7/8/2020 17:43
2457,7/8/2020,3/31/2021,,,555,,,,0,7/8/2020 17:44
2457,7/8/2020,4/30/2021,,,554.75,,,,0,7/8/2020 17:42
2457,7/8/2020,5/31/2021,,,554.75,,,,0,7/8/2020 17:43
2457,7/8/2020,6/30/2021,,,554.25,,,,0,7/8/2020 17:42
2457,7/8/2020,7/31/2021,,,555,,,,0,7/8/2020 17:42
2457,7/8/2020,8/31/2021,,,556,,,,0,7/8/2020 17:44
2457,7/8/2020,9/30/2021,,,556,,,,0,7/8/2020 17:42
2457,7/8/2020,10/31/2021,,,555,,,,0,7/8/2020 17:43
2457,7/8/2020,11/30/2021,,,554.5,,,,0,7/8/2020 17:43
2457,7/8/2020,12/31/2021,,,554.25,,,,0,7/8/2020 17:43
2457,7/8/2020,1/31/2022,,,548.25,,,,0,7/8/2020 17:43
2457,7/8/2020,2/28/2022,,,547.5,,,,0,7/8/2020 17:44
2457,7/8/2020,3/31/2022,,,546.25,,,,0,7/8/2020 17:43
2457,7/8/2020,4/30/2022,,,545.75,,,,0,7/8/2020 17:43
2457,7/8/2020,5/31/2022,,,545.25,,,,0,7/8/2020 17:44
2457,7/8/2020,6/30/2022,,,544.5,,,,0,7/8/2020 17:44
2457,7/8/2020,7/31/2022,,,543.75,,,,0,7/8/2020 17:42
2457,7/8/2020,8/31/2022,,,542.5,,,,0,7/8/2020 17:43
2457,7/8/2020,9/30/2022,,,542,,,,0,7/8/2020 17:43
2457,7/8/2020,10/31/2022,,,541.5,,,,0,7/8/2020 17:43
2457,7/8/2020,11/30/2022,,,540.5,,,,0,7/8/2020 17:42
2457,7/8/2020,12/31/2022,,,539.75,,,,0,7/8/2020 17:42
2457,7/8/2020,1/31/2023,,,539,,,,0,7/8/2020 17:42
2457,7/8/2020,2/28/2023,,,538,,,,0,7/8/2020 17:43
2457,7/8/2020,3/31/2023,,,537.25,,,,0,7/8/2020 17:42
2457,7/8/2020,4/30/2023,,,536.5,,,,0,7/8/2020 17:44
2457,7/8/2020,5/31/2023,,,536,,,,0,7/8/2020 17:42
2457,7/8/2020,6/30/2023,,,535.25,,,,0,7/8/2020 17:43
2457,7/8/2020,7/31/2023,,,534.5,,,,0,7/8/2020 17:43
2457,7/8/2020,8/31/2023,,,533.75,,,,0,7/8/2020 17:43
2457,7/8/2020,9/30/2023,,,539.25,,,,0,7/8/2020 17:43
2457,7/8/2020,10/31/2023,,,547,,,,0,7/8/2020 17:44
2457,7/8/2020,11/30/2023,,,508.25,,,,0,7/8/2020 17:42
2457,7/8/2020,12/31/2023,,,508.75,,,,0,7/8/2020 17:42
2457,7/8/2020,1/31/2024,,,541.25,,,,0,7/8/2020 17:42
2457,7/8/2020,2/29/2024,,,546.5,,,,0,7/8/2020 17:44
2457,7/8/2020,3/31/2024,,,573.75,,,,0,7/8/2020 17:44
2457,7/8/2020,4/30/2024,,,562.5,,,,0,7/8/2020 17:43
2457,7/8/2020,5/31/2024,,,560,,,,0,7/8/2020 17:44
2457,7/8/2020,6/30/2024,,,554.5,,,,0,7/8/2020 17:43
2457,7/8/2020,7/31/2024,,,575.5,,,,0,7/8/2020 17:44
2457,7/8/2020,8/31/2024,,,552.5,,,,0,7/8/2020 17:44
2457,7/8/2020,9/30/2024,,,553.5,,,,0,7/8/2020 17:43
2457,7/8/2020,10/31/2024,,,572.75,,,,0,7/8/2020 17:44
2457,7/8/2020,11/30/2024,,,613.75,,,,0,7/8/2020 17:44
2457,7/8/2020,12/31/2024,,,621.5,,,,0,7/8/2020 17:43
2457,7/8/2020,1/31/2025,,,605.75,,,,0,7/8/2020 17:42
2457,7/8/2020,2/28/2025,,,593.75,,,,0,7/8/2020 17:42
2457,7/8/2020,3/31/2025,,,525.5,,,,0,7/8/2020 17:43
2457,7/8/2020,4/30/2025,,,514.25,,,,0,7/8/2020 17:44
2457,7/8/2020,5/31/2025,,,508.25,,,,0,7/8/2020 17:44
2457,7/8/2020,6/30/2025,,,543.75,,,,0,7/8/2020 17:44
8074,7/1/2020,7/31/2020,,,577,,,,0,7/1/2020 17:56
8074,7/1/2020,8/31/2020,,,557,,,,0,7/1/2020 17:56
8074,7/1/2020,9/30/2020,,,557,,,,0,7/1/2020 17:56
8074,7/1/2020,10/31/2020,,,557,,,,0,7/1/2020 17:56
8074,7/1/2020,11/30/2020,,,563,,,,0,7/1/2020 17:56
8074,7/1/2020,12/31/2020,,,563,,,,0,7/1/2020 17:57
8074,7/1/2020,1/31/2021,,,563,,,,0,7/1/2020 17:55
8074,7/1/2020,2/28/2021,,,563,,,,0,7/1/2020 17:56
8074,7/1/2020,3/31/2021,,,563,,,,0,7/1/2020 17:56
8074,7/1/2020,4/30/2021,,,563,,,,0,7/1/2020 17:57
8074,7/1/2020,5/31/2021,,,560.5,,,,0,7/1/2020 17:55
8074,7/1/2020,6/30/2021,,,560.5,,,,0,7/1/2020 17:57
8074,7/1/2020,7/31/2021,,,560.5,,,,0,7/1/2020 17:56
8074,7/1/2020,8/31/2021,,,560.5,,,,0,7/1/2020 17:57
8074,7/1/2020,9/30/2021,,,560.5,,,,0,7/1/2020 17:57
8074,7/1/2020,10/31/2021,,,560.5,,,,0,7/1/2020 17:56
8074,7/1/2020,11/30/2021,,,560.5,,,,0,7/1/2020 17:56
8074,7/1/2020,12/31/2021,,,560.5,,,,0,7/1/2020 17:57
8074,7/1/2020,1/31/2022,,,560.5,,,,0,7/1/2020 17:57
8074,7/1/2020,2/28/2022,,,560.5,,,,0,7/1/2020 17:55
8074,7/1/2020,3/31/2022,,,560.5,,,,0,7/1/2020 17:56
8074,7/1/2020,4/30/2022,,,560.5,,,,0,7/1/2020 17:57
8074,7/1/2020,5/31/2022,,,560.5,,,,0,7/1/2020 17:56
8074,7/2/2020,7/31/2020,,,579.5,,,,0,7/2/2020 18:08
8074,7/2/2020,8/31/2020,,,562.5,,,,0,7/2/2020 18:08
8074,7/2/2020,9/30/2020,,,562.5,,,,0,7/2/2020 18:08
8074,7/2/2020,10/31/2020,,,562.5,,,,0,7/2/2020 18:08
8074,7/2/2020,11/30/2020,,,569.5,,,,0,7/2/2020 18:08
8074,7/2/2020,12/31/2020,,,569.5,,,,0,7/2/2020 18:09
8074,7/2/2020,1/31/2021,,,569.5,,,,0,7/2/2020 18:08
8074,7/2/2020,2/28/2021,,,569.5,,,,0,7/2/2020 18:08
8074,7/2/2020,3/31/2021,,,569.5,,,,0,7/2/2020 18:08
8074,7/2/2020,4/30/2021,,,569.5,,,,0,7/2/2020 18:09
8074,7/2/2020,5/31/2021,,,567,,,,0,7/2/2020 18:08
8074,7/2/2020,6/30/2021,,,567,,,,0,7/2/2020 18:09
8074,7/2/2020,7/31/2021,,,567,,,,0,7/2/2020 18:08
8074,7/2/2020,8/31/2021,,,567,,,,0,7/2/2020 18:09
8074,7/2/2020,9/30/2021,,,567,,,,0,7/2/2020 18:10
8074,7/2/2020,10/31/2021,,,567,,,,0,7/2/2020 18:08
8074,7/2/2020,11/30/2021,,,567,,,,0,7/2/2020 18:08
8074,7/2/2020,12/31/2021,,,567,,,,0,7/2/2020 18:09
8074,7/2/2020,1/31/2022,,,567,,,,0,7/2/2020 18:10
8074,7/2/2020,2/28/2022,,,567,,,,0,7/2/2020 18:08
8074,7/2/2020,3/31/2022,,,567,,,,0,7/2/2020 18:08
8074,7/2/2020,4/30/2022,,,567,,,,0,7/2/2020 18:10
8074,7/2/2020,5/31/2022,,,567,,,,0,7/2/2020 18:08
8074,7/3/2020,7/31/2020,,,579.5,,,,0,7/3/2020 13:20
8074,7/3/2020,8/31/2020,,,562.5,,,,0,7/3/2020 13:20
8074,7/3/2020,9/30/2020,,,562.5,,,,0,7/3/2020 13:20
8074,7/3/2020,10/31/2020,,,562.5,,,,0,7/3/2020 13:20
8074,7/3/2020,11/30/2020,,,569.5,,,,0,7/3/2020 13:20
8074,7/3/2020,12/31/2020,,,569.5,,,,0,7/3/2020 13:20
8074,7/3/2020,1/31/2021,,,569.5,,,,0,7/3/2020 13:20
8074,7/3/2020,2/28/2021,,,569.5,,,,0,7/3/2020 13:20
8074,7/3/2020,3/31/2021,,,569.5,,,,0,7/3/2020 13:20
8074,7/3/2020,4/30/2021,,,569.5,,,,0,7/3/2020 13:20
8074,7/3/2020,5/31/2021,,,567,,,,0,7/3/2020 13:20
8074,7/3/2020,6/30/2021,,,567,,,,0,7/3/2020 13:20
8074,7/3/2020,7/31/2021,,,567,,,,0,7/3/2020 13:20
8074,7/3/2020,8/31/2021,,,567,,,,0,7/3/2020 13:20
8074,7/3/2020,9/30/2021,,,567,,,,0,7/3/2020 13:20
8074,7/3/2020,10/31/2021,,,567,,,,0,7/3/2020 13:20
8074,7/3/2020,11/30/2021,,,567,,,,0,7/3/2020 13:20
8074,7/3/2020,12/31/2021,,,567,,,,0,7/3/2020 13:20
8074,7/3/2020,1/31/2022,,,567,,,,0,7/3/2020 13:20
8074,7/3/2020,2/28/2022,,,567,,,,0,7/3/2020 13:20
8074,7/3/2020,3/31/2022,,,567,,,,0,7/3/2020 13:20
8074,7/3/2020,4/30/2022,,,567,,,,0,7/3/2020 13:20
8074,7/3/2020,5/31/2022,,,567,,,,0,7/3/2020 13:20
8074,7/5/2020,7/31/2020,,,579.5,,,,0,7/5/2020 13:06
8074,7/5/2020,8/31/2020,,,570.5,,,,0,7/5/2020 13:06
8074,7/5/2020,9/30/2020,,,570.5,,,,0,7/5/2020 13:05
8074,7/5/2020,10/31/2020,,,570.5,,,,0,7/5/2020 13:05
8074,7/5/2020,11/30/2020,,,578,,,,0,7/5/2020 13:05
8074,7/5/2020,12/31/2020,,,578,,,,0,7/5/2020 13:07
8074,7/5/2020,1/31/2021,,,578,,,,0,7/5/2020 13:05
8074,7/5/2020,2/28/2021,,,578,,,,0,7/5/2020 13:05
8074,7/5/2020,3/31/2021,,,578,,,,0,7/5/2020 13:05
8074,7/5/2020,4/30/2021,,,578,,,,0,7/5/2020 13:07
8074,7/5/2020,5/31/2021,,,575.5,,,,0,7/5/2020 13:05
8074,7/5/2020,6/30/2021,,,575.5,,,,0,7/5/2020 13:07
8074,7/5/2020,7/31/2021,,,575.5,,,,0,7/5/2020 13:06
8074,7/5/2020,8/31/2021,,,575.5,,,,0,7/5/2020 13:06
8074,7/5/2020,9/30/2021,,,575.5,,,,0,7/5/2020 13:07
8074,7/5/2020,10/31/2021,,,575.5,,,,0,7/5/2020 13:06
8074,7/5/2020,11/30/2021,,,575.5,,,,0,7/5/2020 13:06
8074,7/5/2020,12/31/2021,,,575.5,,,,0,7/5/2020 13:07
8074,7/5/2020,1/31/2022,,,575.5,,,,0,7/5/2020 13:07
8074,7/5/2020,2/28/2022,,,575.5,,,,0,7/5/2020 13:05
8074,7/5/2020,3/31/2022,,,575.5,,,,0,7/5/2020 13:06
8074,7/5/2020,4/30/2022,,,575.5,,,,0,7/5/2020 13:07
8074,7/5/2020,5/31/2022,,,575.5,,,,0,7/5/2020 13:05
8074,7/6/2020,7/31/2020,,,579.5,,,,0,7/6/2020 18:28
8074,7/6/2020,8/31/2020,,,570.5,,,,0,7/6/2020 18:29
8074,7/6/2020,9/30/2020,,,570.5,,,,0,7/6/2020 18:28
8074,7/6/2020,10/31/2020,,,570.5,,,,0,7/6/2020 18:28
8074,7/6/2020,11/30/2020,,,578,,,,0,7/6/2020 18:28
8074,7/6/2020,12/31/2020,,,578,,,,0,7/6/2020 18:29
8074,7/6/2020,1/31/2021,,,578,,,,0,7/6/2020 18:28
8074,7/6/2020,2/28/2021,,,578,,,,0,7/6/2020 18:28
8074,7/6/2020,3/31/2021,,,578,,,,0,7/6/2020 18:28
8074,7/6/2020,4/30/2021,,,578,,,,0,7/6/2020 18:29
8074,7/6/2020,5/31/2021,,,575.5,,,,0,7/6/2020 18:28
8074,7/6/2020,6/30/2021,,,575.5,,,,0,7/6/2020 18:29
8074,7/6/2020,7/31/2021,,,575.5,,,,0,7/6/2020 18:28
8074,7/6/2020,8/31/2021,,,575.5,,,,0,7/6/2020 18:29
8074,7/6/2020,9/30/2021,,,575.5,,,,0,7/6/2020 18:30
8074,7/6/2020,10/31/2021,,,575.5,,,,0,7/6/2020 18:28
8074,7/6/2020,11/30/2021,,,575.5,,,,0,7/6/2020 18:28
8074,7/6/2020,12/31/2021,,,575.5,,,,0,7/6/2020 18:29
8074,7/6/2020,1/31/2022,,,575.5,,,,0,7/6/2020 18:30
8074,7/6/2020,2/28/2022,,,575.5,,,,0,7/6/2020 18:28
8074,7/6/2020,3/31/2022,,,575.5,,,,0,7/6/2020 18:29
8074,7/6/2020,4/30/2022,,,575.5,,,,0,7/6/2020 18:30
8074,7/6/2020,5/31/2022,,,575.5,,,,0,7/6/2020 18:28
8074,7/7/2020,7/31/2020,,,586.75,,,,0,7/7/2020 17:59
8074,7/7/2020,8/31/2020,,,579.5,,,,0,7/7/2020 17:59
8074,7/7/2020,9/30/2020,,,579.5,,,,0,7/7/2020 17:59
8074,7/7/2020,10/31/2020,,,579.5,,,,0,7/7/2020 17:58
8074,7/7/2020,11/30/2020,,,584.5,,,,0,7/7/2020 17:59
8074,7/7/2020,12/31/2020,,,584.5,,,,0,7/7/2020 18:00
8074,7/7/2020,1/31/2021,,,584.5,,,,0,7/7/2020 17:58
8074,7/7/2020,2/28/2021,,,587,,,,0,7/7/2020 17:59
8074,7/7/2020,3/31/2021,,,587,,,,0,7/7/2020 17:59
8074,7/7/2020,4/30/2021,,,587,,,,0,7/7/2020 18:00
8074,7/7/2020,5/31/2021,,,584.5,,,,0,7/7/2020 17:58
8074,7/7/2020,6/30/2021,,,584.5,,,,0,7/7/2020 18:00
8074,7/7/2020,7/31/2021,,,584.5,,,,0,7/7/2020 17:59
8074,7/7/2020,8/31/2021,,,584.5,,,,0,7/7/2020 18:00
8074,7/7/2020,9/30/2021,,,584.5,,,,0,7/7/2020 18:00
8074,7/7/2020,10/31/2021,,,584.5,,,,0,7/7/2020 17:59
8074,7/7/2020,11/30/2021,,,584.5,,,,0,7/7/2020 17:59
8074,7/7/2020,12/31/2021,,,584.5,,,,0,7/7/2020 18:00
8074,7/7/2020,1/31/2022,,,584.5,,,,0,7/7/2020 18:00
8074,7/7/2020,2/28/2022,,,584.5,,,,0,7/7/2020 17:58
8074,7/7/2020,3/31/2022,,,584.5,,,,0,7/7/2020 17:59
8074,7/7/2020,4/30/2022,,,584.5,,,,0,7/7/2020 18:00
8074,7/7/2020,5/31/2022,,,584.5,,,,0,7/7/2020 17:58
8074,7/8/2020,7/31/2020,,,579.75,,,,0,7/8/2020 17:43
8074,7/8/2020,8/31/2020,,,572,,,,0,7/8/2020 17:43
8074,7/8/2020,9/30/2020,,,572,,,,0,7/8/2020 17:42
8074,7/8/2020,10/31/2020,,,572,,,,0,7/8/2020 17:42
8074,7/8/2020,11/30/2020,,,578,,,,0,7/8/2020 17:42
8074,7/8/2020,12/31/2020,,,578,,,,0,7/8/2020 17:43
8074,7/8/2020,1/31/2021,,,578,,,,0,7/8/2020 17:42
8074,7/8/2020,2/28/2021,,,580.5,,,,0,7/8/2020 17:42
8074,7/8/2020,3/31/2021,,,580.5,,,,0,7/8/2020 17:42
8074,7/8/2020,4/30/2021,,,580.5,,,,0,7/8/2020 17:44
8074,7/8/2020,5/31/2021,,,578,,,,0,7/8/2020 17:42
8074,7/8/2020,6/30/2021,,,578,,,,0,7/8/2020 17:44
8074,7/8/2020,7/31/2021,,,578,,,,0,7/8/2020 17:42
8074,7/8/2020,8/31/2021,,,578,,,,0,7/8/2020 17:43
8074,7/8/2020,9/30/2021,,,578,,,,0,7/8/2020 17:44
8074,7/8/2020,10/31/2021,,,578,,,,0,7/8/2020 17:42
8074,7/8/2020,11/30/2021,,,578,,,,0,7/8/2020 17:43
8074,7/8/2020,12/31/2021,,,578,,,,0,7/8/2020 17:43
8074,7/8/2020,1/31/2022,,,578,,,,0,7/8/2020 17:44
8074,7/8/2020,2/28/2022,,,578,,,,0,7/8/2020 17:42
8074,7/8/2020,3/31/2022,,,578,,,,0,7/8/2020 17:43
8074,7/8/2020,4/30/2022,,,578,,,,0,7/8/2020 17:44
8074,7/8/2020,5/31/2022,,,578,,,,0,7/8/2020 17:42
8076,7/1/2020,7/31/2020,,,180.5,,,,0,7/1/2020 17:57
8076,7/1/2020,8/31/2020,,,174.25,,,,0,7/1/2020 17:56
8076,7/1/2020,9/30/2020,,,170,,,,0,7/1/2020 17:57
8076,7/1/2020,10/31/2020,,,168.75,,,,0,7/1/2020 17:56
8076,7/1/2020,11/30/2020,,,168.5,,,,0,7/1/2020 17:56
8076,7/1/2020,12/31/2020,,,167,,,,0,7/1/2020 17:56
8076,7/1/2020,1/31/2021,,,165,,,,0,7/1/2020 17:57
8076,7/1/2020,2/28/2021,,,163,,,,0,7/1/2020 17:55
8076,7/1/2020,3/31/2021,,,159.25,,,,0,7/1/2020 17:57
8076,7/1/2020,4/30/2021,,,155,,,,0,7/1/2020 17:57
8076,7/1/2020,5/31/2021,,,154,,,,0,7/1/2020 17:57
8076,7/1/2020,6/30/2021,,,153.75,,,,0,7/1/2020 17:57
8076,7/2/2020,7/31/2020,,,182.75,,,,0,7/2/2020 18:09
8076,7/2/2020,8/31/2020,,,178,,,,0,7/2/2020 18:08
8076,7/2/2020,9/30/2020,,,173.75,,,,0,7/2/2020 18:09
8076,7/2/2020,10/31/2020,,,173.5,,,,0,7/2/2020 18:08
8076,7/2/2020,11/30/2020,,,174,,,,0,7/2/2020 18:08
8076,7/2/2020,12/31/2020,,,174.25,,,,0,7/2/2020 18:08
8076,7/2/2020,1/31/2021,,,172.75,,,,0,7/2/2020 18:09
8076,7/2/2020,2/28/2021,,,170,,,,0,7/2/2020 18:08
8076,7/2/2020,3/31/2021,,,166.75,,,,0,7/2/2020 18:09
8076,7/2/2020,4/30/2021,,,163.25,,,,0,7/2/2020 18:10
8076,7/2/2020,5/31/2021,,,161.5,,,,0,7/2/2020 18:09
8076,7/2/2020,6/30/2021,,,159.25,,,,0,7/2/2020 18:09
8076,7/5/2020,7/31/2020,,,185,,,,0,7/5/2020 13:06
8076,7/5/2020,8/31/2020,,,181.25,,,,0,7/5/2020 13:05
8076,7/5/2020,9/30/2020,,,177.5,,,,0,7/5/2020 13:07
8076,7/5/2020,10/31/2020,,,177.25,,,,0,7/5/2020 13:06
8076,7/5/2020,11/30/2020,,,178.25,,,,0,7/5/2020 13:06
8076,7/5/2020,12/31/2020,,,178,,,,0,7/5/2020 13:06
8076,7/5/2020,1/31/2021,,,175.25,,,,0,7/5/2020 13:07
8076,7/5/2020,2/28/2021,,,172.25,,,,0,7/5/2020 13:05
8076,7/5/2020,3/31/2021,,,168,,,,0,7/5/2020 13:07
8076,7/5/2020,4/30/2021,,,164,,,,0,7/5/2020 13:07
8076,7/5/2020,5/31/2021,,,162.5,,,,0,7/5/2020 13:07
8076,7/5/2020,6/30/2021,,,160.25,,,,0,7/5/2020 13:07
8076,7/6/2020,7/31/2020,,,185,,,,0,7/6/2020 18:29
8076,7/6/2020,8/31/2020,,,181.25,,,,0,7/6/2020 18:28
8076,7/6/2020,9/30/2020,,,177.5,,,,0,7/6/2020 18:29
8076,7/6/2020,10/31/2020,,,177.25,,,,0,7/6/2020 18:28
8076,7/6/2020,11/30/2020,,,178.25,,,,0,7/6/2020 18:28
8076,7/6/2020,12/31/2020,,,178,,,,0,7/6/2020 18:28
8076,7/6/2020,1/31/2021,,,175.25,,,,0,7/6/2020 18:30
8076,7/6/2020,2/28/2021,,,172.25,,,,0,7/6/2020 18:28
8076,7/6/2020,3/31/2021,,,168,,,,0,7/6/2020 18:30
8076,7/6/2020,4/30/2021,,,164,,,,0,7/6/2020 18:30
8076,7/6/2020,5/31/2021,,,162.5,,,,0,7/6/2020 18:29
8076,7/6/2020,6/30/2021,,,160.25,,,,0,7/6/2020 18:29
8076,7/7/2020,7/31/2020,,,183,,,,0,7/7/2020 18:00
8076,7/7/2020,8/31/2020,,,178.75,,,,0,7/7/2020 17:59
8076,7/7/2020,9/30/2020,,,175,,,,0,7/7/2020 18:00
8076,7/7/2020,10/31/2020,,,174,,,,0,7/7/2020 17:59
8076,7/7/2020,11/30/2020,,,174.25,,,,0,7/7/2020 17:59
8076,7/7/2020,12/31/2020,,,174,,,,0,7/7/2020 17:59
8076,7/7/2020,1/31/2021,,,171.75,,,,0,7/7/2020 18:00
8076,7/7/2020,2/28/2021,,,169.25,,,,0,7/7/2020 17:58
8076,7/7/2020,3/31/2021,,,166.5,,,,0,7/7/2020 18:00
8076,7/7/2020,4/30/2021,,,163,,,,0,7/7/2020 18:00
8076,7/7/2020,5/31/2021,,,161.75,,,,0,7/7/2020 18:00
8076,7/7/2020,6/30/2021,,,160.75,,,,0,7/7/2020 18:00
8076,7/8/2020,7/31/2020,,,179.75,,,,0,7/8/2020 17:43
8076,7/8/2020,8/31/2020,,,174.75,,,,0,7/8/2020 17:42
8076,7/8/2020,9/30/2020,,,171.5,,,,0,7/8/2020 17:43
8076,7/8/2020,10/31/2020,,,170.5,,,,0,7/8/2020 17:42
8076,7/8/2020,11/30/2020,,,170.25,,,,0,7/8/2020 17:43
8076,7/8/2020,12/31/2020,,,170,,,,0,7/8/2020 17:42
8076,7/8/2020,1/31/2021,,,168,,,,0,7/8/2020 17:44
8076,7/8/2020,2/28/2021,,,165,,,,0,7/8/2020 17:42
8076,7/8/2020,3/31/2021,,,161.5,,,,0,7/8/2020 17:44
8076,7/8/2020,4/30/2021,,,159,,,,0,7/8/2020 17:44
8076,7/8/2020,5/31/2021,,,157.25,,,,0,7/8/2020 17:43
8076,7/8/2020,6/30/2021,,,154,,,,0,7/8/2020 17:43
