Date,KO1 Comdty  (L1),OR1 Comdty  (R1),RG1 Comdty  (R1)
12/9/2011,3050,339.5,345.5
12/12/2011,2963,334.6,340
12/13/2011,2990,333.1,337
12/14/2011,3030,334.4,337
12/15/2011,2990,326.7,330.7
12/16/2011,2986,331.3,335.9
12/19/2011,3021,330.1,327.3
12/20/2011,3020,334.4,331
12/21/2011,3074,337.6,338.7
12/22/2011,3095,338,338
12/23/2011,3170,336.9,342.7
12/27/2011,3157,333.7,336
12/28/2011,3157,330.8,333.2
12/29/2011,3120,325.2,328
12/30/2011,3175,327,327.5
1/2/2012,,,
1/3/2012,3233,329.3,330.5
1/4/2012,3223,323.6,329
1/5/2012,3200,326.4,331.2
1/6/2012,3216,327.1,334.1
1/9/2012,3210,326.4,331
1/10/2012,3220,330.7,335
1/11/2012,3224,337.7,343.2
1/12/2012,3207,337,344.7
1/13/2012,3140,336.9,344.9
1/16/2012,3161,340.6,345.9
1/17/2012,3195,354.5,361.5
1/18/2012,3190,358.5,373
1/19/2012,3165,369.7,380
1/20/2012,3163,372.6,388
1/24/2012,,,
1/25/2012,3172,380.5,407
1/26/2012,3138,383.2,409.5
1/27/2012,3137,376,403
1/30/2012,3090,370.5,395
1/31/2012,3075,376,403
2/1/2012,,376.8,400
2/2/2012,3030,373.4,398
2/3/2012,3052,375.7,401.7
2/6/2012,,381.7,406
2/7/2012,,379.5,403
2/8/2012,3110,384.8,408
2/9/2012,3097,380.8,403
2/10/2012,3093,374.9,395.8
2/13/2012,3130,375.1,399
2/14/2012,3160,375.5,398
2/15/2012,3153,377.1,402.3
2/16/2012,3175,373.3,396
2/17/2012,3213,372.5,393.3
2/20/2012,3219,373.7,398.6
2/21/2012,3234,380.6,401.2
2/22/2012,3216,380.3,401.5
2/23/2012,3225,381.6,401
2/24/2012,3232,381.3,400.7
2/27/2012,3235,377.8,398.7
2/28/2012,3248,379,398.5
2/29/2012,3225,380,401
3/1/2012,3255,383,403.5
3/2/2012,3235,383.6,403.3
3/5/2012,3220,379.6,398
3/6/2012,3217,376.7,395
3/7/2012,3255,378.1,392
3/8/2012,3290,379.9,391.8
3/9/2012,3335,381.2,397.3
3/12/2012,3316,381.7,394.9
3/13/2012,3358,381.3,394.6
3/14/2012,3376,379.4,393.4
3/15/2012,3420,377.8,388.9
3/16/2012,3394,375.9,390.4
3/19/2012,3370,375,389
3/20/2012,3364,374.4,388
3/21/2012,3367,375.2,387
3/22/2012,3367,373.4,386.3
3/23/2012,3470,375.9,389
3/26/2012,3482,375.8,390
3/27/2012,3512,378.4,392.5
3/28/2012,3500,379,394
3/29/2012,3483,377.9,392
3/30/2012,3480,376,393
4/2/2012,3572,376.6,397
4/3/2012,3580,375.5,394
4/4/2012,3590,371.8,390
4/5/2012,3600,372,389.8
4/6/2012,3639,,
4/9/2012,3616,371.4,390
4/10/2012,3645,370.6,389
4/11/2012,,364.7,383.5
4/12/2012,3596,365,384
4/13/2012,3568,363.7,380
4/16/2012,3498,362.6,376
4/17/2012,3515,362.4,377
4/18/2012,3500,364.9,378.5
4/19/2012,3495,364.2,379
4/20/2012,3515,364,379.1
4/23/2012,3498,363.5,381
4/24/2012,3473,360.6,378.8
4/25/2012,3513,361,380.2
4/26/2012,3510,364,386
4/27/2012,3486,364.8,386
4/30/2012,3472,366.5,391
5/1/2012,,,
5/2/2012,3461,369.2,393.5
5/3/2012,3385,365,392.5
5/4/2012,3365,363.3,393.9
5/7/2012,3368,358,385
5/8/2012,3355,354.2,383
5/9/2012,3335,348.7,376.8
5/10/2012,3355,350.6,379
5/11/2012,3285,344.4,376.5
5/14/2012,3155,332.9,365.7
5/15/2012,3196,333.1,365.7
5/16/2012,3100,328.1,362.8
5/17/2012,3111,331.4,365.3
5/18/2012,3104,330.7,370
5/21/2012,3100,335.3,374.3
5/22/2012,3110,334.5,372
5/23/2012,3015,325,366.3
5/24/2012,3060,321.4,364.3
5/25/2012,3100,321.4,364.3
5/28/2012,3117,322,369
5/29/2012,3140,324.3,369
5/30/2012,3079,320,358
5/31/2012,3070,314.6,355
6/1/2012,2973,304.5,343
6/4/2012,2945,286.9,325
6/5/2012,2953,281.5,319
6/6/2012,2989,286.9,323.4
6/7/2012,2954,284.7,324
6/8/2012,2944,280,315
6/11/2012,2960,284.9,321.5
6/12/2012,2930,285.4,316.5
6/13/2012,2917,285,322.5
6/14/2012,2810,286.1,326.3
6/15/2012,2810,295.5,330
6/18/2012,2871,298.9,339
6/19/2012,2930,294.5,325.5
6/20/2012,3035,296.6,329
6/21/2012,2984,288.6,320
6/22/2012,2926,276.8,302.5
6/25/2012,3003,278.8,301.9
6/26/2012,3015,278.8,304.2
6/27/2012,3003,279.4,310
6/28/2012,2983,279.4,305
6/29/2012,2992,279,314
7/2/2012,3054,288.5,314
7/3/2012,3098,296,320.8
7/4/2012,3094,296,320
7/5/2012,3134,298.8,320.4
7/6/2012,3094,292.5,317.3
7/9/2012,3126,290.5,309.5
7/10/2012,3110,291.3,309.5
7/11/2012,3053,289.5,305
7/12/2012,2997,288.9,305.7
7/13/2012,3015,293,310
7/16/2012,3100,294.1,312.4
7/17/2012,3042,294.3,312.5
7/18/2012,2970,291,308.5
7/19/2012,3025,293.8,310
7/20/2012,3010,291.9,310.6
7/23/2012,2962,283.2,300
7/24/2012,2898,283.5,297
7/25/2012,2926,284.1,295.8
7/26/2012,2855,284.1,298.6
7/27/2012,2901,284,302
7/30/2012,2980,279.5,297.3
7/31/2012,2955,275.8,295.5
8/1/2012,2922,280.6,303
8/2/2012,2910,280.1,297
8/3/2012,2897,277.3,294.9
8/6/2012,2888,274.3,291
8/7/2012,2874,269.9,286.5
8/8/2012,2811,259.2,274.3
8/9/2012,2817,,
8/10/2012,2830,258,276.6
8/13/2012,2817,247.8,268.9
8/14/2012,2798,240.8,260.4
8/15/2012,2798,242.7,266.2
8/16/2012,2860,253.1,278.3
8/17/2012,2898,256,278
8/21/2012,,254.1,276.8
8/22/2012,3008,251.2,274.5
8/23/2012,3017,254.7,276
8/24/2012,3030,256.8,280.4
8/27/2012,3032,264.5,282
8/28/2012,2974,261,277.8
8/29/2012,2915,256.6,275.4
8/30/2012,2920,257.5,275.5
8/31/2012,,253.5,272
9/3/2012,2961,258.4,279.3
9/4/2012,2940,257.5,279.6
9/5/2012,2888,252.9,278.4
9/6/2012,2840,255.6,283
9/7/2012,2809,257,281
9/10/2012,2824,265.7,292.9
9/11/2012,2832,268.1,293
9/12/2012,2818,275.3,300
9/13/2012,2794,272.8,301
9/14/2012,2715,290.2,317.5
9/17/2012,,291.2,318.5
9/18/2012,2714,289.3,317
9/19/2012,2705,290.5,318
9/20/2012,2675,285.2,314.2
9/21/2012,2593,287.4,319.5
9/24/2012,2512,284.7,313
9/25/2012,2539,285.1,312
9/26/2012,2480,282.5,314.5
9/27/2012,2480,284.1,316.5
9/28/2012,2420,292,328
10/1/2012,2300,298,329.5
10/2/2012,2083,310.7,340
10/3/2012,2183,307.7,336.3
10/4/2012,2189,308,334.5
10/5/2012,2248,305.9,336
10/8/2012,2228,299,326
10/9/2012,2278,305.9,336
10/10/2012,2279,303.6,331
10/11/2012,2380,302.1,329.5
10/12/2012,2407,297.3,323
10/15/2012,2400,294.5,320.1
10/16/2012,2397,294.2,318.8
10/17/2012,2393,294.5,319
10/18/2012,2396,297.3,320.2
10/19/2012,2404,287.7,312.5
10/22/2012,2469,283.4,308.4
10/23/2012,2437,281.5,303.4
10/24/2012,2468,285.7,305
10/25/2012,2500,290.8,310.5
10/29/2012,2425,286.3,305.5
10/30/2012,2392,283.1,302
10/31/2012,2394,281.1,301.5
11/1/2012,2404,285.4,303
11/2/2012,2370,283,301
11/5/2012,2300,276.3,296
11/6/2012,2280,277.1,295.8
11/7/2012,2290,278.1,297
11/8/2012,2257,275.2,291.9
11/9/2012,2249,276.2,295
11/12/2012,2228,276.1,293
11/14/2012,2150,279.3,297.8
11/15/2012,,280.7,300
11/16/2012,2360,278.7,299.1
11/19/2012,2386,280.8,298.9
11/20/2012,2369,280.8,299
11/21/2012,2340,281.7,299.9
11/22/2012,2300,281.3,298.7
11/23/2012,2267,281.8,298
11/26/2012,2265,281.2,299.6
11/27/2012,2178,281.3,295
11/28/2012,2160,280.9,294
11/29/2012,2170,281.9,296
11/30/2012,2145,282.9,297
12/3/2012,2101,283.2,301.1
12/4/2012,2100,282.3,301
12/5/2012,2105,285.9,303.5
12/6/2012,2115,284,301
12/7/2012,2111,283.4,301.5
12/10/2012,2121,285.8,304.5
12/11/2012,2087,284.7,303.5
12/12/2012,2042,286.1,306
12/13/2012,2042,285.7,306
12/14/2012,2100,291.3,310.3
12/17/2012,2197,291.9,311
12/18/2012,2197,293.3,316
12/19/2012,2191,292.8,318
12/20/2012,2201,289,315.8
12/21/2012,2283,290.1,314
12/24/2012,2299,289,314
12/26/2012,2308,294.3,319
12/27/2012,2350,300.3,323
12/28/2012,2367,300.2,326.2
12/31/2012,2320,298.8,324
1/2/2013,2382,306.5,334
1/3/2013,2364,307.4,337.5
1/4/2013,2369,305.5,334.5
1/7/2013,2320,301.3,329
1/8/2013,2293,302.1,331
1/9/2013,2295,304,334
1/10/2013,2275,307.2,337
1/11/2013,2269,304,334.3
1/14/2013,2276,305.9,333
1/15/2013,2330,304.5,331
1/16/2013,2387,299.8,328
1/17/2013,2343,301.8,328.9
1/18/2013,2358,303.7,334.5
1/21/2013,2370,301.5,327.3
1/22/2013,2412,303,328
1/23/2013,2410,304.2,327
1/24/2013,,303,326
1/25/2013,2382,305.1,326.7
1/28/2013,,303.8,325
1/29/2013,2402,307.4,327
1/30/2013,2445,308.5,328.1
1/31/2013,2512,304.8,326.2
2/1/2013,,311.5,334
2/4/2013,2496,312.9,335
2/5/2013,2481,312,335
2/6/2013,2469,311.6,333
2/7/2013,2470,311.3,331
2/8/2013,2480,309.1,328.7
2/13/2013,2445,311.6,328
2/14/2013,2436,311,327
2/15/2013,2428,307.8,323.9
2/18/2013,2474,306.3,322
2/19/2013,2506,302.7,315.5
2/20/2013,2509,299.8,308.5
2/21/2013,2481,294.1,300.9
2/22/2013,2478,298,304.8
2/25/2013,2419,299.8,301.3
2/26/2013,2387,296.7,299
2/27/2013,2390,295.5,304
2/28/2013,2375,288,303
3/1/2013,2350,285.5,300.2
3/4/2013,2400,285.2,298.2
3/5/2013,2384,288.5,301.6
3/6/2013,2386,288.4,302.7
3/7/2013,2422,288,303
3/8/2013,2434,290.5,307.1
3/11/2013,2440,287.4,306
3/12/2013,2400,278.3,296.6
3/13/2013,2382,274.3,289.6
3/14/2013,2348,275.1,292
3/15/2013,2348,277.5,295.5
3/18/2013,2386,271.7,291
3/19/2013,2414,274.8,293
3/20/2013,2426,279.6,297
3/21/2013,2436,277.6,298.5
3/22/2013,2460,276.4,296.3
3/25/2013,2428,279,298.5
3/26/2013,2405,278.1,297
3/27/2013,2410,277.5,296.5
3/28/2013,2372,267,294.3
3/29/2013,2340,,
4/1/2013,2315,261.6,286.5
4/2/2013,2357,263.4,287.3
4/3/2013,2371,262.8,286.8
4/4/2013,2366,256.5,281.5
4/5/2013,2336,248.8,277
4/8/2013,2370,261.4,284.6
4/9/2013,2361,255,285.3
4/10/2013,2338,260.9,291
4/11/2013,2319,258.6,292.2
4/12/2013,2305,256.8,294
4/15/2013,2300,243.3,282
4/16/2013,2284,243.5,284
4/17/2013,2254,235.9,275.9
4/18/2013,2293,237.8,277.2
4/19/2013,2283,242.8,285
4/22/2013,2245,239.4,286
4/23/2013,2265,238.5,285.5
4/24/2013,2285,246,288
4/25/2013,2310,246,290.7
4/26/2013,2301,246.5,292.5
4/29/2013,2248,245.5,297
4/30/2013,2249,246,297
5/2/2013,2235,245.5,291
5/3/2013,2231,251,296
5/6/2013,2229,254.2,302
5/7/2013,2238,251.1,299.4
5/8/2013,2263,258.7,304
5/9/2013,2288,258,302
5/10/2013,2290,266.4,306
5/13/2013,2281,260.5,302.8
5/14/2013,2280,254.4,301.1
5/15/2013,2280,246,299
5/16/2013,2320,246.6,299.5
5/17/2013,2334,254.1,302.1
5/20/2013,2330,252.9,303
5/21/2013,2316,255.6,310.2
5/22/2013,2328,257.6,320
5/23/2013,2340,246.5,310
5/27/2013,2365,245.1,307
5/28/2013,2372,249.1,310
5/29/2013,2359,243,310
5/30/2013,2326,242.2,307
5/31/2013,2360,238.6,297.8
6/3/2013,2360,242,286
6/4/2013,2340,244.4,291.8
6/5/2013,2369,239,289
6/6/2013,2389,236.9,286
6/7/2013,2417,240,286.5
6/10/2013,2411,240.6,286
6/11/2013,2415,235.6,282
6/12/2013,2420,232.8,278
6/13/2013,2389,230,276
6/14/2013,2410,232.9,278
6/17/2013,2459,233.3,278
6/18/2013,2465,233,282
6/19/2013,2466,235.2,283
6/20/2013,2457,230.3,279.3
6/21/2013,2431,228.5,279.3
6/24/2013,2394,224.9,277.5
6/25/2013,2400,223.8,280
6/26/2013,2370,222.9,276
6/27/2013,2348,222.5,277
6/28/2013,2337,223,269
7/1/2013,2337,223.7,267
7/2/2013,2333,225.5,266
7/3/2013,2359,222.5,262
7/4/2013,2365,224.7,265.6
7/5/2013,2376,223.2,265
7/8/2013,2369,217.8,261.1
7/9/2013,2396,217.2,258
7/10/2013,2390,215.9,255
7/11/2013,2390,221.3,260.3
7/12/2013,2330,216.8,255
7/15/2013,2330,216.2,254.5
7/16/2013,2259,218.2,253.5
7/17/2013,2277,220.6,253
7/18/2013,2340,225.4,255
7/19/2013,2326,227.5,255
7/22/2013,2355,228.6,257
7/23/2013,2346,230.1,256.5
7/24/2013,2310,234.1,257
7/25/2013,2271,233.5,255
7/26/2013,2260,233.3,250
7/29/2013,2253,229.2,246.4
7/30/2013,2283,227.1,245
7/31/2013,2293,225.5,242.2
8/1/2013,2300,224,243.7
8/2/2013,2296,224.2,244.3
8/5/2013,2310,223,242.5
8/6/2013,2313,228.4,246.3
8/7/2013,2278,227.9,245
8/12/2013,2280,241,257.5
8/13/2013,2330,242.8,261
8/14/2013,2334,239.5,260
8/15/2013,2365,240,259
8/16/2013,2367,243.4,261.7
8/19/2013,2393,243.3,261
8/20/2013,2380,238.7,257.3
8/21/2013,2393,239,259
8/22/2013,2402,242.5,259.6
8/23/2013,2419,241.5,263
8/26/2013,2483,247,265
8/27/2013,2466,245.2,264
8/28/2013,2489,244.3,264
8/29/2013,2444,240.9,265
8/30/2013,2407,242.7,259
9/2/2013,2430,249.6,269
9/3/2013,2420,249.7,269
9/4/2013,2399,248.8,267
9/5/2013,2400,249.4,268.9
9/6/2013,2432,249.1,268.7
9/9/2013,2401,247,267.5
9/10/2013,2353,247.2,266
9/11/2013,2351,247,266
9/12/2013,2361,241,261
9/13/2013,2360,239.4,259.2
9/16/2013,,238.9,259.2
9/17/2013,2363,240,261
9/18/2013,2329,241.1,263
9/19/2013,2322,245.3,268
9/20/2013,2305,242.6,267
9/23/2013,2316,241.2,266
9/24/2013,2311,237.8,264
9/25/2013,2324,234.8,260.5
9/26/2013,2310,235,258
9/27/2013,2350,231.6,258
9/30/2013,2355,230.6,253
10/1/2013,2368,230.5,252
10/2/2013,2355,230.1,249.2
10/3/2013,2340,232.4,249
10/4/2013,2339,231.3,248.2
10/7/2013,2350,231,248.4
10/8/2013,2350,234.9,252
10/9/2013,2369,231.2,253.1
10/10/2013,2390,232.2,253
10/11/2013,2380,233.9,256
10/14/2013,2375,237.1,260
10/16/2013,2400,237.5,260.5
10/17/2013,2390,234.1,258
10/18/2013,2392,233.8,257
10/21/2013,2431,233.4,256
10/22/2013,2457,232.1,256
10/23/2013,2488,231.5,254.5
10/24/2013,2472,232.1,255
10/25/2013,2458,229.4,251
10/28/2013,2480,228.3,249.5
10/29/2013,2527,229,251.5
10/30/2013,2585,228.2,254.5
10/31/2013,2623,227.1,251.5
11/1/2013,2649,229.4,251.1
11/4/2013,2600,229.5,251
11/5/2013,,227.8,247.4
11/6/2013,2560,227.5,248
11/7/2013,2545,229.2,249.5
11/8/2013,2509,230.7,250
11/11/2013,2532,230.7,249.5
11/12/2013,2589,229,249.1
11/13/2013,2594,229.5,248.4
11/14/2013,2577,231,249
11/15/2013,2585,230.5,249
11/18/2013,2591,231,249
11/19/2013,2562,231.1,249
11/20/2013,2582,232,249.5
11/21/2013,2653,230.8,248
11/22/2013,2640,231.5,248.5
11/25/2013,2622,230,247.3
11/26/2013,2613,228.9,247
11/27/2013,2620,230,246.8
11/28/2013,2620,231.4,249
11/29/2013,2615,233.5,252
12/2/2013,2602,233.3,256
12/3/2013,2571,231.9,253.5
12/4/2013,2606,231.2,253.8
12/5/2013,2602,231,253
12/6/2013,2629,234.8,257
12/9/2013,2614,233.3,258
12/10/2013,2608,232,256.2
12/11/2013,2599,231.8,257.4
12/12/2013,2580,234,261
12/13/2013,2580,234,261.2
12/16/2013,2541,233.9,261
12/17/2013,2532,230.9,258.1
12/18/2013,2502,230.5,257.5
12/19/2013,2524,232.5,257.6
12/20/2013,2546,231,257
12/23/2013,2593,230.5,256.5
12/24/2013,2603,228.6,254
12/26/2013,2612,228.3,253.5
12/27/2013,2611,229.5,253
12/30/2013,2603,226.8,249
12/31/2013,2628,226.5,248.5
1/2/2014,2619,227,247.3
1/3/2014,2606,224,243
1/6/2014,2566,219.8,238.5
1/7/2014,2530,218.5,236
1/8/2014,2517,218.7,236.5
1/9/2014,2510,219.2,237
1/10/2014,2487,220,239
1/13/2014,2460,216.9,235
1/14/2014,,220.7,236.3
1/15/2014,2460,218.1,235.8
1/16/2014,2515,218,236.2
1/17/2014,,218,235.2
1/20/2014,2560,217.3,235.5
1/21/2014,2569,215.2,234
1/22/2014,2557,215.6,232.6
1/23/2014,2586,212.9,231.1
1/24/2014,2577,208.3,227.7
1/27/2014,2545,197.1,218
1/28/2014,2520,193.5,216
1/29/2014,2535,194.9,217.4
1/30/2014,2551,188.6,217
2/3/2014,,189.3,215
2/4/2014,2521,186.9,211
2/5/2014,2540,184.8,208
2/6/2014,2565,181.2,202
2/7/2014,2577,183.1,206
2/10/2014,2626,192.2,212
2/11/2014,2610,194.5,215.5
2/12/2014,2628,195.4,215.5
2/13/2014,2649,191,214.5
2/14/2014,2649,191.1,215
2/17/2014,2683,197.5,223
2/18/2014,2710,197.2,223
2/19/2014,2708,196.4,223.1
2/20/2014,2765,190.8,216.5
2/21/2014,2776,190.5,216.4
2/24/2014,2769,183.4,213.5
2/25/2014,2750,179,213
2/26/2014,2830,179.1,213
2/27/2014,2815,183.6,216
2/28/2014,2825,183,218
3/3/2014,2821,187.6,220.2
3/4/2014,2790,187.9,220.5
3/5/2014,2831,191.5,223.5
3/6/2014,2865,191.3,224
3/7/2014,2890,191,224
3/10/2014,2904,188,221
3/11/2014,2912,192.5,224
3/12/2014,2859,196.2,229.8
3/13/2014,2841,198.3,232.1
3/14/2014,2841,200.6,233.2
3/17/2014,2829,195.3,229.5
3/18/2014,2839,193.4,228.9
3/19/2014,2871,193.7,229.9
3/20/2014,2865,192.9,228.5
3/21/2014,2822,191.9,229.9
3/24/2014,2793,190.8,230.5
3/25/2014,2797,191.7,232.5
3/26/2014,2770,189.9,229.7
3/27/2014,2733,186.8,229.5
3/28/2014,2735,189.3,233.7
3/31/2014,2718,190,235.8
4/1/2014,2689,189.2,233.1
4/2/2014,2713,184.9,228.5
4/3/2014,2675,185.3,223
4/4/2014,2705,183.5,226.5
4/7/2014,2668,181.7,226
4/8/2014,2619,183.5,227
4/9/2014,2650,182.6,226.6
4/10/2014,2655,180.4,225
4/11/2014,2660,179.3,224.8
4/14/2014,2670,179.4,224
4/15/2014,2680,180.4,224.5
4/16/2014,2736,180.7,224.8
4/17/2014,2712,177.8,220.9
4/18/2014,2694,,
4/21/2014,2695,164.6,203.8
4/22/2014,2730,168,206.5
4/23/2014,2698,168.9,205.8
4/24/2014,2701,169.7,207
4/25/2014,2705,168.3,207.1
4/28/2014,2717,170.1,211.6
4/29/2014,2690,174.5,217.2
4/30/2014,2691,176,216.5
5/2/2014,2660,169.8,206
5/5/2014,2640,168.5,204
5/6/2014,2632,165.8,200.5
5/7/2014,2642,166.1,201.2
5/8/2014,2633,166.1,200
5/9/2014,2645,167.4,202.6
5/12/2014,2650,169.6,205.7
5/14/2014,2672,170.5,209.8
5/15/2014,2672,170.2,208
5/16/2014,2629,169.1,208.3
5/19/2014,2590,171.7,213
5/20/2014,2559,170.7,210.5
5/21/2014,2542,171.3,210
5/22/2014,2550,170.3,209.7
5/23/2014,2541,170.2,210.1
5/26/2014,2520,170.8,210.4
5/27/2014,2509,171.1,210.5
5/28/2014,2507,171.7,210.5
5/29/2014,2460,170.7,209.7
5/30/2014,2426,169.5,205
6/2/2014,2422,166.5,199.8
6/3/2014,2400,166.6,198.9
6/4/2014,2440,166.2,202.3
6/5/2014,2423,165.9,201.7
6/6/2014,2420,166.7,203.8
6/9/2014,2410,167.1,205
6/10/2014,2386,167.4,207
6/11/2014,2380,168.3,210.3
6/12/2014,2403,167.4,208
6/13/2014,2403,168,209.2
6/16/2014,2440,167.8,208.5
6/17/2014,2445,168.4,210.2
6/18/2014,2484,170,211.9
6/19/2014,2467,172.1,213
6/20/2014,2460,173.9,214.7
6/23/2014,2489,179.5,217.5
6/24/2014,2491,179.4,215.6
6/25/2014,2497,178.9,214.5
6/26/2014,2487,179.2,211.3
6/27/2014,2468,178.6,209.7
6/30/2014,2448,177.2,209
7/1/2014,2435,173.7,205.3
7/2/2014,2450,174,206.5
7/3/2014,2469,174.2,209
7/4/2014,2458,173.1,207.8
7/7/2014,2466,166.7,198.8
7/8/2014,2453,167.7,200.7
7/9/2014,2440,167.3,200.5
7/10/2014,2450,167.2,200
7/11/2014,2410,167.7,200.5
7/14/2014,2375,166.9,200.5
7/15/2014,,166.1,199
7/16/2014,2378,166.8,202.7
7/17/2014,2381,169.3,205.5
7/18/2014,2386,169,202.9
7/21/2014,2373,167.8,201
7/22/2014,2365,167.9,199.3
7/23/2014,2342,167.9,199.5
7/24/2014,2356,168.8,200
7/25/2014,2335,168.8,199.5
7/29/2014,,171.7,201
7/30/2014,2318,172,201
7/31/2014,2328,171.4,200.5
8/1/2014,2357,171.2,196.9
8/4/2014,2341,170,195.7
8/5/2014,2328,169,193.7
8/6/2014,2318,168,191.3
8/7/2014,2316,168.8,191.3
8/8/2014,2291,168.3,190.1
8/11/2014,2230,168.3,188.1
8/12/2014,2228,167.3,185.5
8/13/2014,2215,165.8,183
8/14/2014,2166,164.7,182
8/15/2014,2166,164.4,180.3
8/18/2014,2099,163.3,180.7
8/19/2014,2074,163.8,181.2
8/20/2014,2054,164.5,180.8
8/21/2014,2055,164.8,181
8/22/2014,2021,167.1,182.8
8/25/2014,2049,166.4,181.7
8/26/2014,2035,164.6,179.8
8/27/2014,1996,165.4,180.5
8/28/2014,1984,164.4,179.5
8/29/2014,1937,160,179
9/1/2014,,161.4,177.3
9/2/2014,1964,162.9,177.9
9/3/2014,1984,162.4,175.6
9/4/2014,2035,162.8,177.3
9/5/2014,2041,160.9,174.6
9/8/2014,2054,159.1,170.3
9/9/2014,2050,152.4,166
9/10/2014,2049,150.9,163.5
9/11/2014,2090,152.2,163.4
9/12/2014,2125,153.4,164
9/15/2014,2160,154,163.7
9/16/2014,,154,165.9
9/17/2014,2156,155.2,165.9
9/18/2014,2170,152.9,165.6
9/19/2014,2136,151,163
9/22/2014,2123,145.9,157.2
9/23/2014,2152,144.8,154.3
9/24/2014,2178,146.4,155.3
9/25/2014,2205,145,151.6
9/26/2014,2189,147.3,156
9/29/2014,2202,147.5,153.3
9/30/2014,2232,148,156
10/1/2014,2210,138.7,150
10/2/2014,2165,139.4,150.2
10/3/2014,2187,139.5,152.7
10/7/2014,2202,141.9,154.9
10/8/2014,2220,143.1,155.3
10/9/2014,2220,144.4,157.2
10/10/2014,2209,143.4,156
10/13/2014,2187,146.2,157.5
10/14/2014,2193,149,159.7
10/15/2014,2178,149.3,159.3
10/16/2014,2135,148.8,159.3
10/17/2014,2165,152.6,163.1
10/20/2014,2147,154.9,165.6
10/21/2014,2159,155.4,166
10/23/2014,2185,160.3,171.8
10/24/2014,2199,161.2,171.5
10/27/2014,2188,158.1,168.9
10/28/2014,2222,158.8,170.2
10/29/2014,2260,160,172.1
10/30/2014,2275,158.3,171
10/31/2014,2295,158,170
11/3/2014,2315,154.4,168
11/4/2014,2285,151.6,165.4
11/5/2014,2228,,161.8
11/6/2014,2219,151.9,163.2
11/7/2014,2192,153.8,164.8
11/10/2014,2205,154.5,164
11/11/2014,2234,153.9,163.8
11/12/2014,2214,155.8,167
11/13/2014,2191,156.5,168
11/14/2014,2191,154.9,166
11/17/2014,2208,153,162.8
11/18/2014,2230,153.7,163.2
11/19/2014,2234,154.7,164
11/20/2014,2213,154.8,164.5
11/21/2014,2215,153.5,160.6
11/24/2014,2195,155.1,164.5
11/25/2014,2201,155.8,162.8
11/26/2014,2205,155.9,160.3
11/27/2014,2165,154.5,160
11/28/2014,2147,151.7,157
12/1/2014,2100,148,154.6
12/2/2014,2129,149.6,156
12/3/2014,2160,147.8,154
12/4/2014,2147,148.9,155
12/5/2014,2135,147.7,155.1
12/8/2014,2148,145.9,153
12/9/2014,2107,143.3,152
12/10/2014,2140,143.5,151.5
12/11/2014,2175,143.1,152.8
12/12/2014,2154,146,158.4
12/15/2014,2154,149.7,162.3
12/16/2014,2113,148.5,162.5
12/17/2014,2123,147.9,163.9
12/18/2014,2146,147.8,164.5
12/19/2014,2160,148.6,165.9
12/22/2014,2171,148,167
12/23/2014,2209,147.3,166
12/24/2014,2217,146.4,162
12/26/2014,2250,147.4,164.5
12/29/2014,2298,148,166.9
12/30/2014,2300,152.8,168.9
12/31/2014,2291,152.2,170
1/2/2015,2315,153.4,171
1/5/2015,2298,151.3,169.7
1/6/2015,2309,149.5,168
1/7/2015,2349,144.3,165
1/8/2015,2384,144.4,164.8
1/9/2015,2359,145.5,166
1/12/2015,2375,144.5,165
1/13/2015,2375,142,163
1/14/2015,2361,139.8,160
1/15/2015,2373,139.9,160.4
1/16/2015,2348,138.2,160
1/19/2015,2342,138,160.9
1/20/2015,2337,138.5,161.5
1/21/2015,2291,138.8,163.5
1/22/2015,2272,140.2,166
1/23/2015,2264,140.3,167.5
1/26/2015,2200,139.6,166
1/27/2015,2188,140.4,168.7
1/28/2015,2221,140.8,170
1/29/2015,2147,139.4,169
1/30/2015,2154,138.7,167.5
2/2/2015,,139.8,172.7
2/3/2015,,140.7,174.7
2/4/2015,2193,140.5,174.5
2/5/2015,2300,141,175.2
2/6/2015,2330,141.2,178.5
2/9/2015,2294,140.6,180.8
2/10/2015,2278,139.6,183.6
2/11/2015,2255,140.2,184
2/12/2015,2265,141,184
2/13/2015,2265,143.2,185.3
2/16/2015,2305,143.4,186.1
2/17/2015,2286,143.2,182.7
2/18/2015,2302,140.7,182
2/23/2015,2247,139.7,181.8
2/24/2015,2273,139.6,182.7
2/25/2015,2258,140.1,181
2/26/2015,2292,145,183.5
2/27/2015,2321,145.8,182
3/2/2015,2381,143.9,183.5
3/3/2015,2389,142.3,181.5
3/4/2015,2378,143.4,180.8
3/5/2015,2350,143.5,179
3/6/2015,2312,140.5,172.2
3/9/2015,2280,141.5,172.2
3/10/2015,2240,141.4,171.5
3/11/2015,2286,141.6,171
3/12/2015,2248,142.7,172
3/13/2015,2270,143.2,171.5
3/16/2015,2209,142.9,172.5
3/17/2015,2149,143.3,173
3/18/2015,2195,142.8,172.3
3/19/2015,2210,142.9,171.7
3/20/2015,2168,142.9,171.3
3/23/2015,2188,143.1,172
3/24/2015,2165,143.3,173
3/25/2015,2160,143.2,172.5
3/26/2015,2174,143.5,173.4
3/27/2015,2151,142.9,171.1
3/30/2015,2156,142.8,170.5
3/31/2015,2136,145,169.4
4/1/2015,2142,141.7,171.7
4/2/2015,2154,141.3,172
4/3/2015,2178,,
4/6/2015,2223,139.9,168.3
4/7/2015,2194,140,168.2
4/8/2015,2153,138.6,167.3
4/9/2015,2108,138.2,165
4/10/2015,2120,138.7,165.3
4/13/2015,2124,139.5,166.5
4/14/2015,2148,138.1,165.3
4/15/2015,2150,138.2,166
4/16/2015,2173,138.4,166.9
4/17/2015,2184,138.7,166.5
4/20/2015,2190,138,166.7
4/21/2015,2203,140.3,169.7
4/22/2015,2179,140.1,170
4/23/2015,2174,140.2,172
4/24/2015,2166,140.8,172.2
4/27/2015,2121,143.8,176.5
4/28/2015,2098,144.5,177.5
4/29/2015,2078,146.6,178.1
4/30/2015,2070,149,179
5/4/2015,,154.8,184.5
5/5/2015,2136,154.7,184.5
5/6/2015,2166,154.8,185.4
5/7/2015,2156,152.4,182
5/8/2015,2146,152.3,183.7
5/11/2015,2178,153.5,184
5/12/2015,2206,152.7,184.2
5/13/2015,2190,152.5,184.2
5/14/2015,2199,151.9,182
5/15/2015,2199,153,182.3
5/18/2015,2189,154.4,184.7
5/19/2015,2166,153.8,183.8
5/20/2015,2150,151.6,181.9
5/21/2015,2154,153.7,182
5/22/2015,2132,156,182
5/25/2015,2137,156.6,184.5
5/26/2015,2167,160,185.1
5/27/2015,2145,161.3,187
5/28/2015,2170,161.6,186
5/29/2015,2170,166,190
6/1/2015,2270,,
6/2/2015,2291,163.5,188.5
6/3/2015,2267,162.3,189.3
6/4/2015,2293,163.4,190.5
6/5/2015,2320,161.4,187.2
6/8/2015,2320,158.4,186.5
6/9/2015,2305,158.8,187
6/10/2015,2279,160.9,188
6/11/2015,2275,162.1,189
6/12/2015,2254,158.7,184.9
6/15/2015,2254,159.1,183.5
6/16/2015,2289,159.8,183.1
6/17/2015,2288,159.2,182.8
6/18/2015,2230,157.4,181.3
6/19/2015,2232,158,182
6/22/2015,2205,158.5,182
6/23/2015,2210,159.4,181.8
6/24/2015,2258,159.5,181.9
6/25/2015,2259,157.7,178.2
6/26/2015,2278,156.6,175.2
6/29/2015,2278,154.8,173
6/30/2015,2224,151,166
7/1/2015,2262,151.5,170
7/2/2015,2259,152.1,171
7/3/2015,2263,152.3,170.7
7/6/2015,2228,149.2,167
7/7/2015,2200,147.4,166.7
7/8/2015,2144,140.2,160
7/9/2015,2182,144.6,164
7/10/2015,2190,144.9,164
7/13/2015,2192,144.3,163.5
7/14/2015,2198,143.5,162
7/15/2015,2198,144.6,163
7/16/2015,2189,146.6,165.5
7/20/2015,2187,147.6,166
7/21/2015,2217,149,168
7/22/2015,2205,147.4,166.5
7/23/2015,2190,147.5,165
7/24/2015,2180,142.4,162.5
7/27/2015,2145,140.1,158
7/28/2015,2138,140.1,158.5
7/29/2015,2119,140.9,158.5
7/30/2015,2124,142.1,158.5
7/31/2015,2120,140,158
8/3/2015,2056,137.4,156
8/4/2015,2055,137.7,155.8
8/5/2015,2033,137.5,155.8
8/6/2015,2035,136.7,155
8/7/2015,2031,,
8/10/2015,2010,,
8/11/2015,2017,135.7,151.3
8/12/2015,1970,134.6,149.2
8/13/2015,1986,135.2,148.1
8/14/2015,1986,134.4,145.7
8/17/2015,1999,132.1,142.3
8/18/2015,1998,129,138
8/19/2015,1971,130.6,140
8/20/2015,1936,129.8,139
8/21/2015,1913,131.7,140.1
8/24/2015,1844,126.1,132.7
8/25/2015,1829,126.9,131.8
8/26/2015,1800,125.6,130.2
8/27/2015,1868,129.1,129.3
8/28/2015,1928,131,129.6
8/31/2015,,126.8,129.1
9/1/2015,1945,125.2,132.3
9/2/2015,1923,123.7,130
9/3/2015,1959,122.2,128.6
9/4/2015,1955,121.9,126.7
9/7/2015,1955,123.6,130.4
9/8/2015,1994,125,130.9
9/9/2015,2012,125.9,132.9
9/10/2015,2056,126.2,133
9/11/2015,2032,,
9/14/2015,2081,126,133.4
9/15/2015,2050,124.3,132
9/16/2015,,125.5,132.8
9/17/2015,2054,125.8,133.9
9/18/2015,2034,125.3,133
9/21/2015,2086,125,131.2
9/22/2015,2116,124.9,131
9/23/2015,2157,124.5,130.5
9/25/2015,2259,125.8,132
9/28/2015,2323,125.5,130.8
9/29/2015,2395,124.1,128.3
9/30/2015,2306,124,130.4
10/1/2015,2344,124.6,133.5
10/2/2015,2319,123.2,132
10/5/2015,2365,124.5,132.2
10/6/2015,2320,125.4,132.6
10/7/2015,2271,125.5,132
10/8/2015,2223,124.5,130.5
10/9/2015,2168,126.9,134
10/12/2015,2209,128.2,133.6
10/13/2015,2269,128,134
10/14/2015,,127.5,133.4
10/15/2015,2269,127.9,134.2
10/16/2015,2235,127.4,133.3
10/19/2015,2210,125.2,130.2
10/20/2015,2262,125.5,129.4
10/21/2015,2294,124,127.7
10/22/2015,2296,124.8,127.7
10/23/2015,2251,125.8,128.7
10/26/2015,2208,123.4,126.1
10/27/2015,2243,122.7,123
10/28/2015,2251,124.4,124.5
10/29/2015,2253,124.6,125.2
10/30/2015,2238,120.7,124
11/2/2015,2230,119.4,123.2
11/3/2015,2208,118.1,123
11/4/2015,2245,117.8,122.3
11/5/2015,2224,117.2,121.4
11/6/2015,2188,117.6,122.3
11/9/2015,2235,117.1,120.9
11/11/2015,2181,118.9,122.5
11/12/2015,2180,119.3,122.9
11/13/2015,2100,119.9,124.3
11/16/2015,2132,117.3,122.1
11/17/2015,2132,117.9,121
11/18/2015,2168,117.4,121.2
11/19/2015,2140,117.1,122
11/20/2015,2159,116.8,122
11/23/2015,2143,114.3,120
11/24/2015,2128,114.5,121.5
11/25/2015,2093,115,123
11/26/2015,2135,115.5,123.7
11/27/2015,2159,116.2,123.5
11/30/2015,2140,115.6,121.7
12/1/2015,2145,116.5,125.5
12/2/2015,2140,117.3,128.5
12/3/2015,2186,117.2,127.5
12/4/2015,2189,116.7,127
12/7/2015,2254,118.3,129.9
12/8/2015,2200,117.3,129.4
12/9/2015,2180,117.3,129
12/10/2015,2160,116.7,127.9
12/11/2015,2222,116.8,127.9
12/14/2015,2186,116.1,126
12/15/2015,2186,115.8,124.1
12/16/2015,2224,115.7,123.2
12/17/2015,2214,116,123.2
12/18/2015,2236,116.1,123
12/21/2015,2272,118.8,124
12/22/2015,2290,118.9,123.8
12/23/2015,2294,118.5,123
12/24/2015,,119.2,123
12/28/2015,2248,117,119.6
12/29/2015,2288,116.3,117.1
12/30/2015,2292,117.8,117.5
12/31/2015,2398,,
1/4/2016,2290,110.8,115.5
1/5/2016,2275,110.5,115
1/6/2016,2268,109.2,114.4
1/7/2016,2253,107,111.7
1/8/2016,2263,108.1,112.5
1/11/2016,2239,107.4,113
1/12/2016,2224,107.8,116.5
1/13/2016,2260,108,123.3
1/14/2016,2262,107.9,128.9
1/15/2016,2200,107.4,128.5
1/18/2016,2351,107.6,128.5
1/19/2016,2372,108.7,130
1/20/2016,2358,109,127.3
1/21/2016,2349,108.8,127
1/22/2016,2382,110.2,127.3
1/25/2016,,110,127.8
1/26/2016,2387,107.8,123.5
1/27/2016,2412,107.8,124.3
1/28/2016,2387,104.2,122
1/29/2016,2349,107.4,122.5
2/1/2016,,108.7,123.6
2/2/2016,2432,108.6,124.5
2/3/2016,2454,108.1,121.8
2/4/2016,2453,109.3,124.4
2/5/2016,2497,108.7,123
2/10/2016,2487,106.3,121.8
2/11/2016,2490,104.9,121.9
2/12/2016,2548,106,124.3
2/15/2016,2510,108.7,128
2/16/2016,2526,109.2,128
2/17/2016,2545,107.8,126
2/18/2016,2522,108.2,125.9
2/19/2016,2522,108.7,127
2/22/2016,2502,110.4,128.4
2/23/2016,2483,110.9,129
2/24/2016,2461,110.5,128
2/25/2016,2471,110.9,128.9
2/26/2016,2462,110.1,128.9
2/29/2016,2479,112,125.9
3/1/2016,2474,114.7,130.8
3/2/2016,2448,118.4,132.9
3/3/2016,2453,123.1,137.5
3/4/2016,2464,132.2,148
3/7/2016,2495,134.6,150
3/8/2016,2491,131.3,145.6
3/9/2016,2518,127.8,140.8
3/10/2016,2489,124.5,139
3/11/2016,2549,124.9,140
3/14/2016,2529,124.1,139.9
3/15/2016,2540,123,138
3/16/2016,2590,125.6,141
3/17/2016,2615,130.2,146.3
3/18/2016,2633,130.5,148.5
3/21/2016,2634,132.5,150
3/22/2016,2652,133.4,151.5
3/23/2016,2639,131.8,151
3/24/2016,2616,129.9,149.5
3/25/2016,2660,,
3/28/2016,2705,131.1,152
3/29/2016,2731,130,151
3/30/2016,2702,130.1,149.8
3/31/2016,2690,132.7,150.5
4/1/2016,2717,133.3,154.2
4/4/2016,2739,136.4,156.8
4/5/2016,2717,139.3,159.9
4/6/2016,2681,138.7,161.8
4/7/2016,2679,139.3,163
4/8/2016,2647,140.4,163.5
4/11/2016,2633,148.1,170.7
4/12/2016,2610,151,173
4/13/2016,2628,150.4,172
4/14/2016,2626,150.5,171.5
4/15/2016,2638,149.4,169.3
4/18/2016,2656,149.1,170.6
4/19/2016,2672,150.2,174
4/20/2016,2692,154.7,178.5
4/21/2016,2712,158.8,182.5
4/22/2016,2677,155.9,179.4
4/25/2016,2635,157.1,180.3
4/26/2016,2654,155.9,181.9
4/27/2016,2615,155.8,185
4/28/2016,2584,152.7,182
4/29/2016,2572,148.5,183
5/3/2016,2520,149.1,180.4
5/4/2016,2600,147.1,180.9
5/5/2016,2615,145.6,180
5/6/2016,2640,147.3,180.3
5/9/2016,2675,145.6,179.5
5/10/2016,2670,146.3,181.5
5/11/2016,2690,146.8,182
5/12/2016,2675,146.2,181.5
5/13/2016,2635,141.7,177.2
5/16/2016,2626,139.5,174
5/17/2016,2632,139.9,174.5
5/18/2016,2591,135.3,172
5/19/2016,2552,129.5,162.9
5/20/2016,2557,129.4,158.6
5/23/2016,2519,123.4,149
5/24/2016,2540,127,150.3
5/25/2016,2574,125.8,148.6
5/26/2016,2618,127.7,149
5/27/2016,2587,126.9,148.9
5/30/2016,2621,126.9,151.9
5/31/2016,2635,126,151.8
6/1/2016,2624,123.9,151
6/2/2016,2660,125.9,151
6/3/2016,2680,127,150.3
6/6/2016,2671,129.1,152.5
6/7/2016,2640,127.9,152.8
6/8/2016,2632,127.1,152.1
6/9/2016,2635,124,149
6/10/2016,2626,123.8,144
6/13/2016,2571,125.1,147
6/14/2016,2520,122.5,145.2
6/15/2016,2399,122.9,146
6/16/2016,2441,123.9,148
6/17/2016,2485,127.9,153
6/20/2016,2443,129.7,157.3
6/21/2016,2431,127.3,158.9
6/22/2016,,130,170
6/23/2016,2466,131.1,170.2
6/24/2016,2470,128.3,169.8
6/27/2016,2467,130.5,174
6/28/2016,2440,134.4,177.3
6/29/2016,2383,134.4,179
6/30/2016,2400,135.9,179
7/1/2016,2406,129.3,164.7
7/4/2016,2451,135.3,168
7/5/2016,2409,131.6,162.5
7/7/2016,,130.2,159.5
7/8/2016,2320,126.5,156.5
7/11/2016,2320,128.4,160.5
7/12/2016,2270,130,166.7
7/13/2016,2298,130.4,171.5
7/14/2016,2280,131.1,179
7/15/2016,2298,130.8,183
7/18/2016,2319,130.1,183.9
7/19/2016,2351,130.8,186.3
7/20/2016,2387,132.7,192
7/21/2016,2394,134.1,198.8
7/22/2016,2362,132.7,194.1
7/25/2016,2322,131.3,189.6
7/26/2016,2352,130.5,181
7/27/2016,2356,131.5,181.2
7/28/2016,2333,132.2,182.8
7/29/2016,2374,129.8,188
8/1/2016,2375,128.8,170.4
8/2/2016,2393,129.6,172.3
8/3/2016,2479,129.6,172.1
8/4/2016,2509,129.1,166.1
8/5/2016,2505,129.5,158.5
8/8/2016,2550,131,162.5
8/9/2016,2561,,
8/10/2016,2630,130.3,164.7
8/11/2016,2612,131.3,164.8
8/12/2016,2620,132.9,169.3
8/15/2016,2620,133.3,169.8
8/16/2016,2741,132.9,169
8/17/2016,2888,132.6,168.7
8/18/2016,2838,131.8,169.2
8/19/2016,2852,131.9,171.5
8/22/2016,2820,129.4,166.2
8/23/2016,2833,127.6,160.9
8/24/2016,2841,126.9,159.9
8/25/2016,2804,126.2,159
8/26/2016,2800,126.3,161
8/29/2016,2790,126.6,161.4
8/30/2016,2789,126.1,162.3
8/31/2016,,127.1,157
9/1/2016,2753,129.5,158.3
9/2/2016,2829,130.1,159.8
9/5/2016,2890,130.9,159
9/6/2016,2880,129,157
9/7/2016,2867,130.7,159.6
9/8/2016,2870,131.4,158.5
9/9/2016,2898,131.6,159
9/13/2016,2852,132.1,158.5
9/14/2016,2833,132.8,160.7
9/15/2016,2833,132.8,160
9/16/2016,,133.6,159
9/19/2016,2831,137.4,160.5
9/20/2016,2887,142.7,163.1
9/21/2016,2873,141.2,162.2
9/22/2016,2909,144.4,165.9
9/23/2016,2863,143.3,166
9/26/2016,2900,139.6,162.5
9/27/2016,2849,135.8,160
9/28/2016,2747,135,160
9/29/2016,2761,135,160
9/30/2016,2775,139.1,160
10/3/2016,,136.1,161
10/4/2016,2743,139.8,162.5
10/5/2016,2700,143,164.3
10/6/2016,2690,144.4,167
10/7/2016,2650,146.3,169.5
10/10/2016,2585,150.3,170.5
10/11/2016,2650,151.7,166.2
10/12/2016,2670,148.6,165.5
10/13/2016,2630,148,164
10/14/2016,2630,152.7,166
10/17/2016,2781,151.6,164
10/18/2016,2723,151,166.2
10/19/2016,2750,146.1,163
10/20/2016,2755,144.4,165.7
10/21/2016,2759,145.4,163.3
10/24/2016,2821,146.8,164.9
10/25/2016,2760,146.5,168
10/26/2016,2792,146.1,169.9
10/27/2016,2790,149.2,172.5
10/28/2016,2790,149.1,172.5
10/31/2016,2764,149.3,173.5
11/1/2016,2740,148.3,173.4
11/2/2016,2780,146.1,170.8
11/3/2016,2791,147.8,170.1
11/4/2016,2752,148.8,173.9
11/7/2016,2803,153.9,176.1
11/8/2016,2854,156.6,178.6
11/9/2016,2857,158.5,179.1
11/10/2016,2892,167.2,187.4
11/11/2016,2975,170.6,189.5
11/14/2016,2856,166,182
11/15/2016,2856,166.4,184.5
11/16/2016,2871,171,190.5
11/17/2016,2883,171,190.5
11/18/2016,2872,168.9,190.5
11/21/2016,2923,173.7,197
11/22/2016,2935,174,197
11/23/2016,2959,174,197
11/24/2016,3010,176.2,201
11/25/2016,3042,171.6,200
11/28/2016,3084,174.8,204
11/29/2016,3060,172.9,202.8
11/30/2016,3082,168,200
12/1/2016,3115,171.3,203
12/2/2016,3120,169.1,203
12/5/2016,3225,171.4,209.3
12/6/2016,3268,172.5,212
12/7/2016,3200,177.4,216
12/8/2016,3168,177.3,214.4
12/9/2016,3123,182.1,217.5
12/12/2016,,189,222
12/13/2016,3160,205.6,234.3
12/14/2016,3189,214.9,240
12/15/2016,3189,203.8,237.2
12/16/2016,3188,197.1,233.6
12/19/2016,3166,193.4,227.5
12/20/2016,3123,194.2,230
12/21/2016,3154,193.4,229.6
12/22/2016,3125,190.5,227.3
12/23/2016,3150,190.3,227.3
12/27/2016,3218,186.5,226
12/28/2016,3213,187.6,219
12/29/2016,3196,192.3,223
12/30/2016,3218,193.5,224.5
1/3/2017,3250,201.1,230
1/4/2017,3234,201.5,236
1/5/2017,3200,196.2,235.8
1/6/2017,3200,193,235
1/9/2017,3231,202.6,242.3
1/10/2017,3220,208.7,251
1/11/2017,3261,211.2,259.4
1/12/2017,3255,212.2,259.5
1/13/2017,3280,208.7,256
1/16/2017,3207,222.1,264.6
1/17/2017,3255,218.8,261.9
1/18/2017,3243,220,262.3
1/19/2017,3241,216.8,259.2
1/20/2017,3234,207.7,252
1/23/2017,3231,209.3,252
1/24/2017,3278,214.6,260
1/25/2017,3256,220.9,270.7
1/26/2017,3238,223.7,282
1/27/2017,3243,,
1/31/2017,3230,227.5,285
2/1/2017,,229,285.5
2/2/2017,3258,229,285.6
2/3/2017,3250,222.4,275
2/6/2017,3262,218.6,275.5
2/7/2017,3278,221.5,276.9
2/8/2017,3301,221.6,279.9
2/9/2017,,218.9,277.8
2/10/2017,3268,223.8,283
2/13/2017,3250,230.2,292.8
2/14/2017,3282,231.6,289.8
2/15/2017,3306,227.9,281.5
2/16/2017,3151,224.5,278.5
2/17/2017,3094,220.5,273.5
2/20/2017,3073,217,269.4
2/21/2017,3024,216.4,263.7
2/22/2017,3022,215.9,257.4
2/23/2017,2945,207.5,252.8
2/24/2017,2977,208.4,244.6
2/27/2017,2920,207.5,241.7
2/28/2017,2898,207.8,238
3/1/2017,2951,210,243.3
3/2/2017,2979,211.3,244.2
3/3/2017,3000,215.3,249.7
3/6/2017,3010,208.9,247
3/7/2017,2974,208,242.4
3/8/2017,3000,199.1,234
3/9/2017,2990,197.6,236
3/10/2017,2990,199.6,237.1
3/13/2017,2950,199.9,238.6
3/14/2017,2985,196.7,232.3
3/15/2017,3020,198.9,237.8
3/16/2017,2963,200.7,242
3/17/2017,2966,204,246.4
3/20/2017,2939,202.3,239.5
3/21/2017,2968,199.1,239
3/22/2017,2975,190.6,230.3
3/23/2017,2933,193.4,234.5
3/24/2017,2895,189.7,233.4
3/27/2017,2843,181.5,224.4
3/28/2017,2859,180.8,227
3/29/2017,2874,180.8,231
3/30/2017,2831,175.9,227.1
3/31/2017,2833,191.8,226.4
4/3/2017,2862,182.8,230.5
4/4/2017,2861,179.9,230.4
4/5/2017,2930,184.8,236.4
4/6/2017,2909,181.2,236
4/7/2017,2885,173.8,229.5
4/10/2017,2832,166.7,227
4/11/2017,2838,164.8,224.2
4/12/2017,2780,160.3,219.1
4/13/2017,2769,161.8,221.5
4/14/2017,2750,,
4/17/2017,2636,160.3,219.3
4/18/2017,2597,151.7,212.5
4/19/2017,2584,151.8,212
4/20/2017,2639,156,214
4/21/2017,2669,156.4,218
4/24/2017,,159.2,222.4
4/25/2017,2634,156.9,222.5
4/26/2017,2664,155.4,224
4/27/2017,2660,157,221.7
4/28/2017,2694,162,220.1
5/2/2017,2730,160.2,223.4
5/3/2017,2705,160.3,224
5/4/2017,2730,152.4,214.7
5/5/2017,2775,148.9,212
5/8/2017,2800,147,209.3
5/9/2017,2850,148,210.4
5/11/2017,2895,150,212
5/12/2017,2860,148.6,211.5
5/15/2017,2920,151.5,216
5/16/2017,2834,156.9,225.2
5/17/2017,2886,155.7,223
5/18/2017,2871,150.4,220.8
5/19/2017,2885,153.3,222
5/22/2017,2900,156.2,226.5
5/23/2017,2877,155.7,229.2
5/24/2017,2861,152.5,222
5/25/2017,2876,154,223.2
5/26/2017,2840,153,219.2
5/29/2017,2787,154,211.2
5/30/2017,2757,153.1,208.6
5/31/2017,2749,152.4,201
6/1/2017,2759,146.8,195.8
6/2/2017,2730,144.1,183.8
6/5/2017,2743,139.8,173.9
6/6/2017,2738,135.3,169
6/7/2017,2707,139.5,170.5
6/8/2017,2670,139.6,170.7
6/9/2017,2680,140.6,170.7
6/12/2017,,142.4,172.6
6/13/2017,2649,138.4,172.6
6/14/2017,2675,144.9,180.2
6/15/2017,2650,146.5,186.9
6/16/2017,2656,145.8,185.6
6/19/2017,2640,141.2,178.9
6/20/2017,2603,139.2,171.5
6/21/2017,2587,139.6,171.4
6/22/2017,2597,137.3,169
6/23/2017,2589,140.2,169
6/27/2017,,142.8,171
6/28/2017,2585,144.4,172.5
6/29/2017,2617,151.5,179.5
6/30/2017,2596,150.2,177.9
7/3/2017,2642,156.1,175.5
7/4/2017,2650,148.6,168.3
7/5/2017,2670,148.6,167.5
7/6/2017,2688,147.6,168.9
7/7/2017,2668,146.7,168.5
7/10/2017,2705,145.8,168.4
7/11/2017,2687,147.1,168.2
7/12/2017,2679,148.4,171.4
7/13/2017,2661,149.2,172.8
7/14/2017,2620,150.2,173.7
7/17/2017,2617,151.2,177.3
7/18/2017,2582,148.7,173.4
7/19/2017,2580,156.7,184.3
7/20/2017,2621,157.3,184.5
7/21/2017,2612,155.7,182.5
7/24/2017,2589,152.1,178.7
7/25/2017,2646,153.4,180
7/26/2017,2652,149.6,180.4
7/27/2017,2692,149.1,180.9
7/28/2017,2666,141.6,173.7
7/31/2017,2672,142.4,174.9
8/1/2017,2659,146.9,175.4
8/2/2017,2630,146.8,173.8
8/3/2017,2588,147,174.8
8/4/2017,2590,148.7,178
8/7/2017,2581,151.5,182.4
8/8/2017,2624,151.2,180.7
8/9/2017,2628,,
8/10/2017,2663,153.3,183.2
8/11/2017,2683,150.6,181
8/14/2017,2668,150.6,182
8/15/2017,2628,152.8,182.6
8/16/2017,2622,153.5,183.1
8/17/2017,2649,153.9,186.3
8/18/2017,2675,155.2,187.9
8/21/2017,2703,154.7,186.7
8/22/2017,2729,156.3,188.2
8/23/2017,2723,153.6,186.5
8/24/2017,2750,153.5,186.1
8/25/2017,2733,155.4,187.7
8/28/2017,2723,154.8,187.3
8/29/2017,2680,154.5,186
8/30/2017,2680,154,185.9
8/31/2017,,155.5,185
9/4/2017,,163.3,193.9
9/5/2017,2740,169.1,197.4
9/6/2017,2720,170.7,199.7
9/7/2017,2768,170.6,198
9/8/2017,2771,168.8,195
9/11/2017,2803,168,193.4
9/12/2017,2830,168.6,193
9/13/2017,2892,168.3,192.5
9/14/2017,2885,166.3,189.3
9/15/2017,2885,161.6,184.3
9/18/2017,2834,154.9,177.7
9/19/2017,2785,151.4,174.3
9/20/2017,2786,154.8,178.2
9/21/2017,2748,151.2,175.3
9/22/2017,,153.4,176.5
9/25/2017,2715,153.1,178
9/26/2017,2755,151.7,177.2
9/27/2017,2759,151.6,178
9/28/2017,2726,141.1,166.5
9/29/2017,2719,146.2,170.5
10/2/2017,2689,146.9,166.5
10/3/2017,2704,149,172.1
10/4/2017,2727,149.7,173.5
10/5/2017,2729,149,173.7
10/6/2017,2741,148.4,170.3
10/9/2017,2739,145.7,169.3
10/10/2017,2710,143.5,166
10/11/2017,2700,141.4,160
10/12/2017,2716,144.2,162.3
10/13/2017,2716,146.1,164.1
10/16/2017,2755,144.4,163.5
10/17/2017,2734,143,162.3
10/19/2017,2714,142.2,158.7
10/20/2017,2724,143.9,158
10/23/2017,2767,142.7,158.8
10/24/2017,2752,143.3,156.6
10/25/2017,2779,143.6,157.7
10/26/2017,2785,143.3,157.6
10/27/2017,2786,141,156.8
10/30/2017,2806,137.2,151.2
10/31/2017,2791,134.4,149
11/1/2017,2804,140.6,155.7
11/2/2017,2798,142.2,155.5
11/3/2017,2784,142.7,156.6
11/6/2017,2772,146.5,161.5
11/7/2017,2759,144.8,159.5
11/8/2017,2772,143.8,159.4
11/9/2017,2747,141.7,157.5
11/10/2017,2740,142.3,155.2
11/13/2017,2702,143.7,156.9
11/14/2017,2654,143.9,158
11/15/2017,2695,139.8,151
11/16/2017,2706,139.7,151.6
11/17/2017,2680,139.1,150
11/20/2017,2592,139.2,150.4
11/21/2017,2580,139.1,150.8
11/22/2017,2585,140.6,150.6
11/23/2017,2530,141.8,152.8
11/24/2017,2545,141.9,154
11/27/2017,2495,139.5,152.6
11/28/2017,2470,139.6,154.9
11/29/2017,2468,142,156.5
11/30/2017,2495,145.3,157
12/1/2017,,145.5,159.7
12/4/2017,2480,149.9,165.3
12/5/2017,2456,146.4,163.3
12/6/2017,2435,145.2,162.8
12/7/2017,2410,142.8,159.8
12/8/2017,2379,142.8,159.8
12/11/2017,2350,143.1,159.6
12/12/2017,2365,143.3,159.8
12/13/2017,2349,143,159.7
12/14/2017,2340,144.6,161.1
12/15/2017,2346,145,161.2
12/18/2017,2468,144.8,164
12/19/2017,2469,145.2,163.4
12/20/2017,2450,145.4,163.3
12/21/2017,2411,144.6,163.4
12/22/2017,2407,144.1,161.5
12/26/2017,2438,148.6,168.3
12/27/2017,2474,148.9,166.3
12/28/2017,2459,148.8,163.8
12/29/2017,2444,146.9,160.6
1/2/2018,2472,145.4,166
1/3/2018,2555,145.3,167.7
1/4/2018,2542,145.6,167.3
1/5/2018,2570,145.6,167.3
1/8/2018,2590,146,166.6
1/9/2018,2562,147.8,166.9
1/10/2018,2568,148,167.6
1/11/2018,2509,150.5,168
1/12/2018,2474,150.7,169.6
1/15/2018,2480,153.7,172.6
1/16/2018,2504,152.8,169.1
1/17/2018,2478,152.6,167.9
1/18/2018,2465,152.7,169.6
1/19/2018,2435,153.3,170
1/22/2018,2465,153.6,170.1
1/23/2018,2488,151,169.3
1/24/2018,2512,151.2,170.6
1/25/2018,2490,152.6,173
1/26/2018,2482,152.5,173.9
1/29/2018,2514,151.8,171.1
1/30/2018,2490,148.3,171.5
1/31/2018,,147,170.4
2/1/2018,,149,169.9
2/2/2018,2475,149.1,171
2/5/2018,2500,149.3,171.5
2/6/2018,2481,146.8,169.8
2/7/2018,2482,146.6,168.8
2/8/2018,2501,143.9,165.4
2/9/2018,2495,144.2,166.7
2/12/2018,2550,144.8,169.6
2/13/2018,2510,144.5,167.4
2/14/2018,2506,144.3,167.1
2/15/2018,2505,,
2/19/2018,2530,144.1,170.9
2/20/2018,2509,144.2,173.8
2/21/2018,2510,144.4,171
2/22/2018,2509,144.4,173.4
2/23/2018,2536,147,176.6
2/26/2018,2555,150.2,184.1
2/27/2018,2556,150.9,184.5
2/28/2018,2571,150.7,190
3/1/2018,2564,148.1,176.8
3/2/2018,2496,148,173.7
3/5/2018,2491,148.4,174.8
3/6/2018,2491,148.1,174.5
3/7/2018,2459,146.6,174.9
3/8/2018,2425,147,173.4
3/9/2018,2398,146.1,173.5
3/12/2018,2390,146.4,174.2
3/13/2018,2410,145.9,174
3/14/2018,2441,147,176
3/15/2018,2434,146.5,176
3/16/2018,2438,144.4,174.4
3/19/2018,2433,144.8,175
3/20/2018,2450,143.6,173.3
3/21/2018,2459,143,173.5
3/22/2018,2445,143.1,172.4
3/23/2018,2420,134.1,163.3
3/26/2018,2405,134.2,162.2
3/27/2018,2400,138.4,166.5
3/28/2018,2397,139.2,168.5
3/29/2018,2378,133.7,168
3/30/2018,2380,,
4/2/2018,2430,137.7,175
4/3/2018,2410,136.9,174.5
4/4/2018,2428,134.4,171
4/5/2018,2442,134,170.6
4/6/2018,2479,135.5,170.1
4/9/2018,2436,136.8,171.7
4/10/2018,2403,137.7,171.8
4/11/2018,2399,138,170.3
4/12/2018,2392,138.8,170
4/13/2018,2392,138.8,170.1
4/16/2018,2362,137.2,169
4/17/2018,2392,136.8,169
4/18/2018,2393,137.4,169.9
4/19/2018,2388,142.5,174
4/20/2018,2410,138.6,172.8
4/23/2018,2402,140.3,173.4
4/24/2018,2395,139.8,173
4/25/2018,2391,139.8,173.1
4/26/2018,2386,139,171.2
4/27/2018,2378,139.7,169.3
4/30/2018,2324,141.5,169.4
5/2/2018,2341,141.1,173
5/3/2018,2308,142.4,173.8
5/4/2018,2319,142.9,173.5
5/7/2018,2365,144.1,173.2
5/8/2018,2359,143,171.4
5/9/2018,,142.6,170.9
5/10/2018,,143.5,169.1
5/11/2018,,142.2,168.3
5/14/2018,2370,140.6,167.4
5/15/2018,2374,140.3,166.3
5/16/2018,2404,140.1,166
5/17/2018,2420,140.5,166.3
5/18/2018,2433,142.9,165.5
5/21/2018,2433,147.1,167.8
5/22/2018,2463,147.3,167.1
5/23/2018,2462,144.7,165.5
5/24/2018,2474,144.8,165.4
5/25/2018,2453,144.7,164.9
5/28/2018,2414,144.3,162.9
5/30/2018,2431,142.9,163.1
5/31/2018,2427,142.8,162.9
6/1/2018,2436,143,164.5
6/4/2018,2414,141.9,163.8
6/5/2018,2405,141.4,163
6/6/2018,2396,142.1,162.7
6/7/2018,2396,142.9,162.9
6/8/2018,2378,141.1,161.3
6/11/2018,2359,140.2,160.3
6/12/2018,2330,141.2,161.3
6/13/2018,2319,138.2,156
6/14/2018,2319,138.6,154.5
6/18/2018,2309,136.9,151.7
6/19/2018,2264,132.8,147.9
6/20/2018,2261,132.5,148.9
6/21/2018,2254,134,148.8
6/22/2018,2283,135.4,148.6
6/25/2018,2295,136.2,146
6/26/2018,2280,136.3,145.6
6/27/2018,2304,139,146.3
6/28/2018,2325,140.4,146.5
6/29/2018,2298,137.1,148
7/2/2018,2303,132.9,147.5
7/3/2018,2287,132.7,146.8
7/4/2018,2269,129.6,145.3
7/5/2018,2270,131.1,146
7/6/2018,2255,129.3,145.8
7/9/2018,2200,131.8,148
7/10/2018,2210,131.7,147.1
7/11/2018,2156,129.7,147
7/12/2018,2138,131.1,146.8
7/13/2018,2140,133.2,147.2
7/16/2018,2143,131.5,146.3
7/17/2018,2162,133.6,146.7
7/18/2018,2200,133.4,147
7/19/2018,2180,133.5,146.8
7/20/2018,2180,132.2,146.2
7/23/2018,2130,131.3,144
7/24/2018,2095,130.5,142.2
7/25/2018,2103,132.7,144.5
7/26/2018,2141,132.6,144.5
7/27/2018,2122,132.5,143.5
7/30/2018,2129,131.7,144.3
7/31/2018,2132,130.1,147.2
8/1/2018,2150,131.1,145.5
8/2/2018,2146,131.5,146.2
8/3/2018,2170,131.4,145.3
8/6/2018,2180,132.9,145.9
8/7/2018,2195,134.2,147
8/8/2018,2220,134.5,147.2
8/9/2018,2214,,
8/10/2018,2206,134.1,146.6
8/13/2018,2169,134.4,147.1
8/14/2018,2178,134.5,146.6
8/15/2018,2178,134.6,146.6
8/16/2018,2191,133.8,145.5
8/17/2018,2204,133.5,145.1
8/20/2018,2215,134.8,146.1
8/21/2018,2205,139.2,148.5
8/23/2018,2183,136.8,148.5
8/24/2018,2178,135.6,149.5
8/27/2018,2166,133.7,148.9
8/28/2018,2189,133,146.5
8/29/2018,2177,132.7,146.2
8/30/2018,2200,134,147.2
8/31/2018,,132,147
9/3/2018,2209,131.7,145.1
9/4/2018,2242,132,144.7
9/5/2018,2239,131.9,144.2
9/6/2018,2224,132.2,144.6
9/7/2018,2213,131.7,144.2
9/10/2018,,132,142.9
9/11/2018,,131.2,142.7
9/12/2018,2195,132.6,144.7
9/13/2018,2205,133.6,144.8
9/14/2018,2206,132.7,143.9
9/17/2018,,132.3,143.9
9/18/2018,2168,132.9,143.7
9/19/2018,2127,132.1,143.6
9/20/2018,2118,133.3,144.2
9/21/2018,2116,133.3,141.8
9/24/2018,2137,133.3,141.5
9/25/2018,2148,133.1,141.3
9/26/2018,2145,133.9,140.7
9/27/2018,2117,133.8,140.1
9/28/2018,2118,134.2,141.1
10/1/2018,2094,133.7,142.3
10/2/2018,2085,134,142.5
10/3/2018,2127,133.4,141.5
10/4/2018,2148,133.6,142.1
10/5/2018,2139,133.3,140.5
10/8/2018,2116,133,141
10/9/2018,2125,134.6,142.8
10/10/2018,2118,133.7,142.7
10/11/2018,2096,132.7,142.3
10/12/2018,2113,133,143.1
10/15/2018,2148,132.8,142.1
10/16/2018,2140,132.1,142.6
10/17/2018,2156,132.5,143.6
10/18/2018,2135,131.8,143
10/19/2018,2125,131.8,142.9
10/22/2018,2145,132.7,141.6
10/23/2018,2122,132.4,142.8
10/24/2018,2103,132,142.3
10/25/2018,2071,131.8,142
10/26/2018,2046,130.5,142.3
10/29/2018,2075,126.7,141.1
10/30/2018,2057,124.6,141
10/31/2018,1988,124.5,139
11/1/2018,1976,124.5,139.2
11/2/2018,1985,126.2,139.5
11/5/2018,1950,124.4,136.6
11/7/2018,1950,124.2,136.3
11/8/2018,1929,124.4,136.9
11/9/2018,1880,124,137.6
11/12/2018,1865,124.1,136.3
11/13/2018,1825,123.5,134.6
11/14/2018,1759,123.7,135.8
11/15/2018,1759,123.2,135.7
11/16/2018,1775,122.8,135.8
11/19/2018,1800,122.9,133.8
11/20/2018,,121.5,132.9
11/21/2018,1822,121.2,132.5
11/22/2018,1878,121.4,133
11/23/2018,1866,121.7,132.4
11/26/2018,1785,123,130
11/27/2018,1805,121.4,130.7
11/28/2018,1839,121.2,131.4
11/29/2018,1867,121.3,131.5
11/30/2018,1872,122.4,132.3
12/3/2018,1813,124.3,136.5
12/4/2018,1800,123.9,137.2
12/5/2018,1780,124.3,136.9
12/6/2018,1792,123.5,137.9
12/7/2018,1793,123.4,139.6
12/10/2018,1835,123.1,138.1
12/11/2018,1805,123.3,136.9
12/12/2018,1813,124.2,139.2
12/13/2018,1835,125,140.7
12/14/2018,1835,124.4,141.3
12/17/2018,1964,126.2,144
12/18/2018,2062,126.4,144.5
12/19/2018,2139,126.1,144.2
12/20/2018,2133,128,146.6
12/21/2018,2103,127.7,146.8
12/24/2018,2055,126.9,146.8
12/26/2018,2017,124.4,145.5
12/27/2018,2012,124.5,148
12/28/2018,2013,124.8,148.5
12/31/2018,2004,,
1/2/2019,2070,128.6,150
1/3/2019,2090,132.6,153.3
1/4/2019,2120,140.5,159.4
1/7/2019,2092,138.7,157
1/8/2019,2109,138.4,157.7
1/9/2019,2104,137.1,159.1
1/10/2019,2087,134.8,157.8
1/11/2019,2093,135.1,160.8
1/14/2019,2062,134.1,157.9
1/15/2019,2130,133.1,158.4
1/16/2019,2090,133.8,158.4
1/17/2019,2121,133,158.5
1/18/2019,2142,134.3,159.4
1/21/2019,,137.5,165.5
1/22/2019,2163,134.6,161.3
1/23/2019,2191,133,159.6
1/24/2019,2200,132.8,161
1/25/2019,2190,132.9,160.7
1/28/2019,2222,131.2,158.3
1/29/2019,2194,129.8,156.2
1/30/2019,2204,132.5,157.9
1/31/2019,2200,129.7,158.8
2/1/2019,,133.3,157
2/4/2019,2207,,
2/7/2019,2216,132.3,156.6
2/8/2019,2190,130.9,156.1
2/11/2019,2195,130.8,155.9
2/12/2019,2181,132.5,157.2
2/13/2019,2176,133.3,158.9
2/14/2019,2200,136,160.4
2/15/2019,2200,134.8,159.7
2/18/2019,2206,136.3,162
2/19/2019,2155,141.3,165.1
2/20/2019,2134,143.9,167
2/21/2019,2145,140.9,166.1
2/22/2019,2138,144.6,169.8
2/25/2019,2020,144.8,169
2/26/2019,1982,143.8,167.6
2/27/2019,1920,145.8,168.3
2/28/2019,1915,143,173
3/1/2019,1986,149.4,175.9
3/4/2019,1978,147.4,175.3
3/5/2019,1992,148.3,174.8
3/6/2019,2000,147.8,175.2
3/7/2019,1973,146,172.5
3/8/2019,1971,146.3,172.2
3/11/2019,1962,145.7,172.3
3/12/2019,1980,146.7,172.9
3/13/2019,1956,147.3,171.9
3/14/2019,1950,147.9,172.9
3/15/2019,1950,147.1,171.1
3/18/2019,2025,147.5,171.9
3/19/2019,2060,147.8,172.5
3/20/2019,2095,147.9,172
3/21/2019,2090,148.6,172.2
3/22/2019,2090,148.2,171.3
3/25/2019,2062,146.5,166.8
3/26/2019,2036,145.6,167.1
3/27/2019,2031,144.1,167.4
3/28/2019,2013,145.4,165
3/29/2019,2001,143,166.6
4/1/2019,2009,144.6,165.7
4/2/2019,2037,146.4,166
4/3/2019,2070,148.5,167.3
4/4/2019,2100,149.1,167.8
4/5/2019,2129,149.3,168
4/8/2019,2111,151.6,170.6
4/9/2019,2120,152.2,170.1
4/10/2019,2056,154.3,172.1
4/11/2019,2040,154.3,172.6
4/12/2019,2038,155.2,174.2
4/15/2019,2100,155.1,173.3
4/16/2019,2105,152.9,171.8
4/17/2019,2130,150.7,171.9
4/18/2019,2107,149.8,171.1
4/19/2019,2108,,
4/22/2019,2090,151.2,172.2
4/23/2019,2079,151.1,172.7
4/24/2019,2079,151,171.4
4/25/2019,2050,151.3,172
4/26/2019,2013,150.8,173.3
4/29/2019,1997,152.2,174.7
4/30/2019,1982,151.1,175
5/2/2019,1919,150.3,177.1
5/3/2019,1900,151.3,177.4
5/6/2019,1877,149.2,176
5/7/2019,1931,150.5,175
5/8/2019,1922,149.8,174.8
5/9/2019,1910,148,172.2
5/10/2019,1920,149.4,174.4
5/13/2019,1927,149.5,174.5
5/14/2019,1957,148.1,174.2
5/15/2019,1957,148.1,174.7
5/16/2019,2061,151,178.8
5/17/2019,2049,149.9,178.1
5/21/2019,2008,152.2,180.4
5/22/2019,,151.5,180.8
5/23/2019,1974,151.4,180.5
5/24/2019,1976,153.3,185.5
5/27/2019,1987,155.6,185.9
5/28/2019,2018,155.1,186.9
5/29/2019,2044,155.4,188.7
5/30/2019,2020,155.3,189.2
5/31/2019,2030,157,190.5
6/3/2019,1994,151.5,185.2
6/4/2019,2030,152.2,188.2
6/6/2019,,154.3,194.3
6/7/2019,2003,153.4,192.1
6/10/2019,1971,154.5,197.5
6/11/2019,1986,155.4,198.2
6/12/2019,1951,154.6,197.9
6/13/2019,1989,154.5,199.9
6/14/2019,2000,154,200.4
6/17/2019,2023,152.2,201.1
6/18/2019,2005,151.2,199.4
6/19/2019,2026,148.9,199.5
6/20/2019,2004,148.4,200.9
6/21/2019,1998,147.9,203.5
6/24/2019,1967,146.9,202.3
6/25/2019,1948,149.5,201.2
6/26/2019,1916,149.8,199.7
6/27/2019,1880,150.3,202.3
6/28/2019,1865,149.8,202.8
7/1/2019,1890,147.3,193.6
7/2/2019,1904,146.3,192.5
7/3/2019,1894,144.8,187.7
7/4/2019,1890,144.1,187
7/5/2019,1909,145.5,183.7
7/8/2019,1891,143.2,180.7
7/9/2019,1890,140.2,178.7
7/10/2019,1884,140,174.7
7/11/2019,1888,140,174.4
7/12/2019,1900,139.4,175
7/15/2019,1900,140.9,175.1
7/16/2019,1918,139.6,174.1
7/17/2019,1922,140.1,173.1
7/18/2019,1916,141.1,175.4
7/19/2019,1905,141.9,173.8
7/22/2019,1920,142.1,172.3
7/23/2019,1932,142.3,172.7
7/24/2019,1947,142.1,173
7/25/2019,1985,142.2,172.6
7/26/2019,1996,140.4,169.5
7/29/2019,2008,138.3,162.9
7/30/2019,,134.7,160
7/31/2019,2019,134.5,160
8/1/2019,2015,131.7,151.4
8/2/2019,2013,130.7,149.6
8/5/2019,2027,128.9,147
8/6/2019,2037,130.6,148.4
8/7/2019,2040,130.9,148
8/8/2019,2073,131.2,148
8/9/2019,2141,,
8/13/2019,2172,129.3,148.7
8/14/2019,2174,131,150
8/15/2019,2172,129.8,149
8/16/2019,2143,130.4,152.8
8/19/2019,2105,131.3,152.5
8/20/2019,2129,130.7,151
8/21/2019,2163,130.1,150.1
8/22/2019,2201,129.2,150.8
8/23/2019,2210,128.9,149.2
8/26/2019,2213,128.9,147.4
8/27/2019,2184,129.5,148.7
8/28/2019,2200,129.4,146.6
8/29/2019,2155,128.2,148.2
8/30/2019,2168,128.5,149
9/2/2019,,129.7,147.9
9/3/2019,2106,131.1,149.9
9/4/2019,2100,133.1,152.7
9/5/2019,2090,133.8,153.2
9/6/2019,2116,133.3,151.5
9/9/2019,,133,153.5
9/10/2019,2133,134,155
9/11/2019,2114,133.1,154.2
9/12/2019,2105,133.8,154.5
9/13/2019,2105,133.8,153
9/16/2019,,134.2,152.6
9/17/2019,2213,134.9,151.1
9/18/2019,2199,134,149.5
9/19/2019,2181,132.6,146
9/20/2019,2161,133,146.2
9/23/2019,2124,133.4,146.6
9/24/2019,2079,132.8,147.4
9/25/2019,2084,131.4,148.1
9/26/2019,2107,127.9,147.5
9/27/2019,2090,126.3,145.9
9/30/2019,2078,127.9,148.2
10/1/2019,2108,127.1,143.6
10/2/2019,2085,125.2,141.3
10/3/2019,2086,124.4,139.5
10/4/2019,2096,125.1,139
10/7/2019,2104,125,138.5
10/8/2019,2118,126.2,138.5
10/9/2019,2140,127.7,139.6
10/10/2019,2135,128.7,140.6
10/11/2019,2118,129.2,140.1
10/14/2019,2088,130.1,142.5
10/15/2019,2088,128.9,141.6
10/16/2019,2189,129.2,143.4
10/17/2019,2192,130.7,143.2
10/18/2019,2208,130.8,144.8
10/21/2019,2215,130.9,145
10/22/2019,2236,131.2,144
10/23/2019,2239,131.2,146.2
10/24/2019,2287,131.7,147.7
10/25/2019,2309,131.7,148.5
10/29/2019,2340,130.8,149.3
10/30/2019,2410,131.5,150.8
10/31/2019,2444,131.9,150.8
11/1/2019,2422,132.7,146.2
11/4/2019,2470,132.5,148
11/5/2019,2454,135.4,149.3
11/6/2019,2492,135.4,149.5
11/7/2019,2480,135.7,150.8
11/8/2019,2526,135.1,150.9
11/11/2019,2580,134.7,150
11/12/2019,2555,135.9,151.2
11/13/2019,2534,136.7,151.8
11/14/2019,2560,137.2,153
11/15/2019,2560,135.3,150.8
11/18/2019,2494,136.9,151.3
11/19/2019,2519,136.9,152
11/20/2019,2588,139.5,156.2
11/21/2019,2572,141.1,157.3
11/22/2019,2642,141.3,158.5
11/25/2019,2650,141.7,159.8
11/26/2019,2580,139.7,160
11/27/2019,2600,139.1,159.9
11/28/2019,2637,139.9,161
11/29/2019,2620,138.5,160.5
12/2/2019,2630,140.6,157.7
12/3/2019,2646,141.8,159.4
12/4/2019,2673,142.3,160.3
12/5/2019,2715,145.8,164.7
12/6/2019,2757,148.5,166.1
12/9/2019,2802,147.1,165.9
12/10/2019,2820,146.7,166.4
12/11/2019,2802,147.3,167.7
12/12/2019,2816,147.1,168.2
12/13/2019,2816,147.3,168.2
12/16/2019,2851,146.4,168.8
12/17/2019,2849,147,168.4
12/18/2019,2835,145.4,168.2
12/19/2019,2853,142.7,165.5
12/20/2019,2897,143.3,165.9
12/23/2019,2901,142.7,164.1
12/24/2019,2900,143.9,164.8
12/26/2019,2969,143.6,164.1
12/27/2019,3035,143.2,164
12/30/2019,3097,145.1,166.3
12/31/2019,3041,,
1/2/2020,3125,144.9,162.6
1/3/2020,3110,144.7,162
1/6/2020,3036,148,166
1/7/2020,3038,149.5,165.5
1/8/2020,3038,149.8,168.6
1/9/2020,3108,147.4,167.5
1/10/2020,3131,148.5,167
1/13/2020,3092,152.4,174.3
1/14/2020,3030,152,174.2
1/15/2020,3030,151.6,173.3
1/16/2020,2968,152.4,170.6
1/17/2020,2922,152,171.9
1/20/2020,2973,150.7,169.7
1/21/2020,2960,147.6,166.8
1/22/2020,3038,146.8,164.1
1/23/2020,2985,145.9,164.5
1/24/2020,2925,,
1/28/2020,2640,136,155.8
1/29/2020,2779,137,159.3
1/30/2020,2684,135.8,156.3
1/31/2020,2640,138,156.3
2/3/2020,2670,127.2,149.5
2/4/2020,2717,131.2,152.6
2/5/2020,2853,132.6,153.5
2/6/2020,2898,132.5,151
2/7/2020,2872,132.3,150
2/10/2020,2800,132.3,151.2
2/11/2020,2740,135.2,155.6
2/12/2020,2736,134.7,157
2/13/2020,2665,134.3,157.5
2/14/2020,2660,134.4,157.5
2/17/2020,2725,136.4,163
2/18/2020,2730,135.7,163.4
2/19/2020,2645,135.5,163
2/20/2020,2669,136.2,163.7
2/21/2020,2683,136.3,163.5
2/24/2020,2596,133.2,162
2/25/2020,2480,135.3,163.4
2/26/2020,2460,135,163.1
2/27/2020,2497,135.1,161.5
2/28/2020,2357,130.5,157.7
3/2/2020,2358,131.4,161.9
3/3/2020,2405,131,163.3
3/4/2020,2501,130.8,162.8
3/5/2020,2532,131,161.8
3/6/2020,2448,129.8,159.6
3/9/2020,2336,126.2,157.1
3/10/2020,2339,128.3,160.6
3/11/2020,2370,127.7,160.9
3/12/2020,2302,126.1,159.6
3/13/2020,2302,127.2,158
3/16/2020,2276,125.2,155.5
3/17/2020,2325,126,155.8
3/18/2020,2321,122.4,150.3
3/19/2020,2271,118.4,148
3/20/2020,2338,117.7,146.6
3/23/2020,2348,110.6,139.8
3/24/2020,2401,111.3,134.7
3/25/2020,2483,111.3,136.5
3/26/2020,2420,108.8,135.5
3/27/2020,2487,107,132.6
3/30/2020,2591,103.6,138
3/31/2020,2550,103.8,137.3
4/1/2020,2493,103.4,127.1
4/2/2020,2398,105.9,128
4/3/2020,2320,106.1,131.9
4/6/2020,2333,107.2,130
4/7/2020,2393,108.5,130.5
4/8/2020,2433,111.9,131.5
4/9/2020,2383,111.7,131.5
4/10/2020,2389,,
4/13/2020,2302,110.5,132.3
4/14/2020,2312,111.7,134
4/15/2020,2312,111.3,137
4/16/2020,2249,111.3,136.9
4/17/2020,2285,112.1,138.8
4/20/2020,2290,113.1,139
4/21/2020,2113,107.7,135.2
4/22/2020,2120,108.3,136.9
4/23/2020,2162,110.1,137
4/24/2020,2121,109.5,135.5
4/27/2020,2050,108.8,134.7
4/28/2020,2051,105.2,133.6
4/29/2020,2060,104.8,133.8
4/30/2020,2102,105,135
5/4/2020,2035,106.7,133.3
5/5/2020,2038,106.9,136.7
5/6/2020,2000,110.3,136.9
5/8/2020,2060,109.6,137.5
5/11/2020,,108.7,139
5/12/2020,2036,107.9,137
5/13/2020,2070,108.1,136
5/14/2020,2081,108,135
5/15/2020,2115,109.2,135.8
5/18/2020,2186,108.8,135.7
5/19/2020,2230,109.8,135
5/20/2020,2218,110.7,135.5
5/21/2020,2276,111.3,136.3
5/22/2020,2240,109.5,134.5
5/26/2020,,110.1,135
5/27/2020,2345,109.4,133.5
5/28/2020,2334,108,131.3
5/29/2020,2373,111.2,131.5
6/1/2020,2388,112.4,134.6
6/2/2020,2460,112,136.4
6/3/2020,2474,114,137.1
6/4/2020,2396,112.5,137.7
6/5/2020,2405,116.4,144.9
6/8/2020,,118.3,147
6/9/2020,2415,116.9,145.5
6/10/2020,2380,116.4,145.4
6/11/2020,2403,115.3,144
6/12/2020,2433,114.5,143.5
6/15/2020,2422,112.8,141.5
6/16/2020,2455,113.5,141.5
6/17/2020,2447,113.9,140.9
6/18/2020,2454,114.3,140.8
6/19/2020,2538,116.2,142
6/22/2020,2520,115.5,141.3
6/23/2020,2542,115.3,144.8
6/24/2020,2542,114,146.4
6/25/2020,2512,113.4,146
6/26/2020,2473,112.7,146.5
6/29/2020,2428,111.1,147.9
6/30/2020,2379,109.3,146.5
7/1/2020,2395,114,142
7/2/2020,2423,115.1,149.9
7/3/2020,2421,116,148.4
7/6/2020,2445,117.7,145.1
7/7/2020,2423,116.9,147.2
7/8/2020,2474,117.7,148.1
