﻿date,nok,usd,eur,gbp,brent,gdp yoy,interest rate
4/25/2013,16.90188456,99.25500188,129.1655903,153.1862745,10263.95955,,
4/26/2013,16.76066607,98.05000119,127.7465508,151.7680983,10114.838,,
4/29/2013,16.81831178,97.76500402,128.0737705,151.5381118,10148.98465,,
4/30/2013,16.88276607,97.42499883,128.2873637,151.3317191,9973.39725,,1.5
5/1/2013,16.8830511,97.38999678,128.3532281,151.4921982,9734.1305,,1.5
5/2/2013,16.88404879,97.96500239,127.9918085,152.1838381,10075.70025,,1.5
5/3/2013,17.06324492,99.03500293,129.8869983,154.2138947,10318.45665,,1.5
5/6/2013,17.02417433,99.34499856,129.9038711,154.4043851,10476.9237,,1.5
5/7/2013,16.94168671,99.01499879,129.5001295,153.3272002,10337.166,,1.5
5/8/2013,17.22059583,99.00499975,130.2083333,153.7988311,10330.1817,,1.5
5/9/2013,17.40068559,100.6049982,131.2163758,155.4243084,10510.20435,,1.5
5/10/2013,17.54262859,101.6149976,132.0306311,156.128025,10558.81465,,1.5
5/13/2013,17.54986355,101.8249993,132.1353066,155.7875058,10469.6465,,1.5
5/14/2013,17.54247472,102.365,132.2576379,155.702608,10502.649,,1.5
5/15/2013,17.48389296,102.2350002,131.7523057,155.7632399,10599.7248,,1.5
5/16/2013,17.52510471,102.2549988,131.7175975,156.1524047,10614.069,,1.5
5/17/2013,17.63155343,103.209996,132.5029813,156.5802865,10799.8944,,1.5
5/20/2013,17.52756209,102.269995,131.7523057,156.0062402,10717.896,,1.5
5/21/2013,17.70115146,102.4950052,132.2926313,155.3398058,10650.25545,,1.5
5/22/2013,17.73946054,103.1549955,132.6435867,155.2312946,10583.703,,1.5
5/23/2013,17.50148763,102.0250025,131.9783555,154.1425819,10451.441,,1.5
5/24/2013,17.36653815,101.289999,130.9757695,153.2097441,10396.4056,,1.5
5/27/2013,17.26787657,100.9449966,130.5312622,152.4622656,10358.9759,,1.5
5/28/2013,17.35900151,102.3749976,131.6135825,153.9882969,10670.54625,,1.5
5/29/2013,17.14824659,101.1549979,130.9071868,153.0924679,10361.30665,,1.5
5/30/2013,17.29161443,100.7350029,131.4578678,153.4448366,10294.10965,,1.5
5/31/2013,17.12050266,100.4850009,130.6165099,152.7300496,10087.68915,,1.5
6/3/2013,17.14795253,99.52999944,130.1405518,152.5087693,10158.0318,,1.5
6/4/2013,17.21155584,100.0249962,130.8386759,153.1745424,10326.581,,1.5
6/5/2013,17.05000767,99.06500467,129.7185108,152.6135063,10207.6576,,1.5
6/6/2013,16.87322304,96.96000332,128.4356537,151.2859304,10046.0256,,1.5
6/7/2013,16.91003018,97.54499726,128.9823294,151.7680983,10199.3052,,1.5
6/10/2013,17.1445716,98.76999747,130.9414692,153.7988311,10267.1415,,1.5
6/11/2013,16.6239984,96.02499723,127.8608874,150.2855425,9886.734,,1.5
6/12/2013,16.67959335,96.03000438,128.0737705,150.5570611,9938.1447,,1.5
6/13/2013,16.61253748,95.37499924,127.5672917,149.9250375,9942.84375,,1.5
6/14/2013,16.45792531,94.08499846,125.5808113,147.7541371,9966.42405,,1.5
6/17/2013,16.51145895,94.50999921,126.3423879,148.5773717,9967.9697,,1.5
6/18/2013,16.61847309,95.33000244,127.6813075,149.1313101,10106.8866,,1.5
6/19/2013,16.71136958,96.47499658,128.2544568,149.3986704,10237.927,,1.5
6/20/2013,16.21810102,97.28499942,128.6173633,150.8864579,9937.66275,,1.5
6/21/2013,16.15782968,97.89999613,128.4686536,150.9433962,9879.089,,1.5
6/24/2013,15.93117731,97.72999606,128.2051282,150.8295626,9886.3668,,1.5
6/25/2013,16.05858171,97.81000465,127.9918085,150.8295626,9904.2406,,1.5
6/26/2013,16.000128,97.74500323,127.1779219,149.6893945,9936.7567,,1.5
6/27/2013,16.27100994,98.35500274,128.2380097,150.0712839,10112.8611,,1.5
6/28/2013,16.33466461,99.13499758,128.9823294,150.8068165,10127.6316,0.29,1.5
7/1/2013,16.3591153,99.66499605,130.2083333,151.6645181,10265.495,,1.5
7/2/2013,16.45765446,100.6300042,130.5994515,152.4971407,10465.52,,1.5
7/3/2013,16.34788295,99.91500231,129.9714063,152.6601023,10567.0104,,1.5
7/4/2013,16.37693145,100.0450002,129.1989664,150.7840772,10558.7493,,1.5
7/5/2013,16.1922342,101.1999992,129.8532658,150.6704837,10901.264,,1.5
7/8/2013,16.44168955,100.9650033,129.9376299,150.954789,10846.66995,,1.5
7/9/2013,16.36808551,101.1549979,129.2824822,150.3872472,10905.52055,,1.5
7/10/2013,16.37451798,99.66499605,129.3326436,149.6110114,10814.64915,,1.5
7/11/2013,16.32866334,98.95999968,129.6008294,150.2629602,10660.9608,,1.5
7/12/2013,16.35109062,99.22500311,129.6680498,149.9025633,10796.67225,,1.5
7/15/2013,16.47527884,99.86500249,130.4461258,150.795446,10894.27285,,1.5
7/16/2013,16.54560797,99.09499514,130.4291118,150.2403846,10840.993,,1.5
7/17/2013,16.63506005,99.58499943,130.701869,151.503674,10815.92685,,1.5
7/18/2013,16.78133915,100.4199966,131.6482359,152.9285824,10915.654,,1.5
7/19/2013,16.85843132,100.6499977,132.2751323,153.6688436,10877.2455,,1.5
7/22/2013,16.796419,99.66499605,131.4060447,153.0924679,10778.76975,,1.5
7/23/2013,16.92448296,99.42999765,131.4751512,152.8117359,10780.2006,,1.5
7/24/2013,16.91474966,100.2549986,132.3451562,153.5390757,10746.33345,,1.5
7/25/2013,16.81788751,99.2949956,131.8391562,152.8234125,10689.10675,,1.5
7/26/2013,16.638243,98.2749986,130.4971943,151.1601542,10532.13175,,1.5
7/29/2013,16.49566164,97.95500319,129.9207483,150.2516715,10525.26475,,1.5
7/30/2013,16.51241321,98.03499634,130.0221038,149.3763537,10480.92185,,1.5
7/31/2013,16.61129568,97.87499679,130.1913813,148.8538255,10541.1375,,1.5
8/1/2013,16.73528132,99.54499972,131.4751512,150.5117399,10904.1593,,1.5
8/2/2013,16.66069658,98.96500419,131.4578678,151.3088213,10782.23675,,1.5
8/5/2013,16.59599539,98.31000191,130.3441084,150.9889778,10686.297,,1.5
8/6/2013,16.51391297,97.74500323,130.0728408,150.0150015,10574.0541,,1.5
8/7/2013,16.32972991,96.33500227,128.48516,149.2091913,10350.2324,,1.5
8/8/2013,16.36005202,96.73500027,129.4498382,150.2742505,10319.6898,,1.5
8/9/2013,16.44277094,96.2199974,128.3861856,149.142431,10412.9284,,1.5
8/12/2013,16.50628064,96.90499967,128.882588,149.8464074,10559.73785,,1.5
8/13/2013,16.68084539,98.2049992,130.2422506,151.7220452,10784.8731,,1.5
8/14/2013,16.65348266,98.13500315,130.0897619,152.11439,10814.477,,1.5
8/15/2013,16.48016612,97.36999742,129.9714063,152.2997259,10818.7807,,1.5
8/16/2013,16.48329006,97.53000389,130.0052002,152.4390244,10767.312,,1.5
8/19/2013,16.48464867,97.56500195,130.1066875,152.6717557,10722.3935,,1.5
8/20/2013,16.33679946,97.28000249,130.5142261,152.4041759,10715.392,,1.5
8/21/2013,16.06103192,97.67500284,130.4631442,152.975371,10725.69175,,1.5
8/22/2013,16.16984808,98.72999656,131.8565401,153.8935057,10850.427,,1.5
8/23/2013,16.40527594,98.74500042,132.1353066,153.7279016,10964.6448,,1.5
8/26/2013,16.31481059,98.50999689,131.7002502,153.4330648,10908.0123,,1.5
8/27/2013,16.12344106,97.02999906,129.9545159,150.8409382,11096.3508,,1.5
8/28/2013,16.14205004,97.64000209,130.2592158,151.6070346,11385.8004,,1.5
8/29/2013,16.14113811,98.35000169,130.2252898,152.4855139,11325.986,,1.5
8/30/2013,16.05626114,98.16500162,129.8026999,152.2417599,11191.79165,,1.5
9/2/2013,16.33133002,99.33500183,131.0444241,154.4163064,11356.97055,,1.5
9/3/2013,16.40339222,99.58000143,131.147541,154.9426712,11519.4144,,1.5
9/4/2013,16.46334436,99.7599974,131.7696666,155.8967963,11463.4216,,1.5
9/5/2013,16.34962028,100.124996,131.3715187,156.0914696,11540.4075,,1.5
9/6/2013,16.29779328,99.11500215,130.6335728,154.9306685,11509.2338,,1.5
9/9/2013,16.5682238,99.58499943,131.9957761,156.262208,11324.8062,,1.5
9/10/2013,16.96295291,100.4100042,133.2267519,157.9903626,11170.6125,,1.5
9/11/2013,16.89560207,99.87499645,132.9433661,157.9778831,11136.0625,,1.5
9/12/2013,16.92061693,99.55000412,132.3977228,157.3440327,11212.3165,,1.5
9/13/2013,16.75462847,99.36499804,132.1003963,157.7411468,11206.3847,,1.5
9/16/2013,16.75827859,99.08000254,132.1178491,157.492716,10905.7356,,1.5
9/17/2013,16.77838273,99.1200027,132.4152542,157.6416805,10723.7928,,1.5
9/18/2013,16.82864235,97.93999863,132.4327904,158.1402704,10832.164,,1.5
9/19/2013,17.05887872,99.45000171,134.5532831,159.4260662,10816.182,,1.5
9/20/2013,16.7347212,99.31500455,134.3183345,158.9698752,10847.1843,,1.5
9/23/2013,16.70104298,98.84499622,133.3688984,158.579131,10691.0752,,1.5
9/24/2013,16.52278078,98.73499734,133.0317946,158.0153275,10726.5704,,1.5
9/25/2013,16.38820377,98.44000161,133.1557923,158.290463,10663.0208,,1.5
9/26/2013,16.54834599,98.98999518,133.5291761,158.7931719,10810.6979,,1.5
9/27/2013,16.4067563,98.26000206,132.8727079,158.579131,10673.9838,,1.5
9/30/2013,16.33426439,98.23000339,132.8727079,158.9951506,10645.1851,2.77,1.5
10/1/2013,16.33906835,97.99500265,132.5556734,158.7049675,10577.5803,,1.5
10/2/2013,16.19656147,97.35500092,132.1877065,157.9404564,10630.19245,,1.5
10/3/2013,16.33439779,97.26499586,132.4503311,157.1338781,10601.885,,1.5
10/4/2013,16.32493144,97.47499791,132.1527686,156.0427557,10669.6135,,1.5
10/7/2013,16.20325361,96.71000306,131.3542624,155.6662516,10607.1528,,1.5
10/8/2013,16.22073172,96.87999901,131.4924392,155.823919,10672.3008,,1.5
10/9/2013,16.24114857,97.34500266,131.6482359,155.3277415,10616.4457,,1.5
10/10/2013,16.25236675,98.15500009,132.7140013,156.7152484,10973.729,,1.5
10/11/2013,16.42912885,98.5749998,133.4935256,157.2821642,10969.426,,1.5
10/14/2013,16.49797487,98.5749998,133.6898396,157.567163,10945.768,,1.5
10/15/2013,16.30177852,98.16500162,132.7492367,157.0351759,10794.2234,,1.5
10/16/2013,16.48057352,98.7650029,133.671969,157.5423395,10949.0879,,1.5
10/17/2013,16.50682557,97.91000328,133.9046599,158.2654111,10682.9601,,1.5
10/18/2013,16.56945917,97.73500112,133.74348,158.0153275,10744.9859,,1.5
10/21/2013,16.58333541,98.19000473,134.354427,158.5539876,10765.5516,,1.5
10/22/2013,16.63339987,98.14000162,135.2447931,159.3371574,10792.4558,,1.5
10/23/2013,16.45075057,97.38000082,134.1561578,157.4059499,10497.564,,1.5
10/24/2013,16.50777929,97.28000249,134.2462075,157.6044129,10407.9872,,1.5
10/25/2013,16.52919883,97.41999699,134.4809037,157.492716,10417.1206,,1.5
10/28/2013,16.55588023,97.68000227,134.643867,157.6789656,10706.7048,,1.5
10/29/2013,16.6482149,98.18500116,134.9527665,157.5547503,10703.14685,,1.5
10/30/2013,16.70536743,98.50999689,135.3179973,157.9903626,10822.3086,,1.5
10/31/2013,16.55231774,98.35500274,133.6183859,157.790927,10704.9582,,1.5
11/1/2013,16.52059705,98.68999882,133.1026221,157.1832757,10452.2579,,1.5
11/4/2013,16.57399044,98.60499568,133.2622601,157.4555188,10474.80915,,1.5
11/5/2013,16.44520458,98.50499947,132.7316167,158.065281,10375.53165,,1.5
11/6/2013,16.56904736,98.65999988,133.3155579,158.6671956,10382.9784,,1.5
11/7/2013,16.22533749,98.0900013,131.6309069,157.9030475,10148.3914,,1.5
11/8/2013,16.14739341,99.07499621,132.4854266,158.6923748,10414.764,,1.5
11/11/2013,16.13410669,99.15500108,132.9256945,158.5539876,10550.092,,1.5
11/12/2013,16.08971626,99.63499715,133.8688086,158.4660486,10542.37935,,1.5
11/13/2013,16.0939889,99.24500356,133.8508901,159.375249,10631.1244,,1.5
11/14/2013,16.25012188,100.020004,134.6257404,160.6812887,10856.1708,,1.5
11/15/2013,16.4036613,100.1850016,135.2082207,161.51175,10870.0725,,1.5
11/18/2013,16.3281301,100,135.0438893,161.108426,10847,,1.5
11/19/2013,16.44547503,100.1500047,135.5932203,161.4465612,10708.038,,1.5
11/20/2013,16.35376464,100.029999,134.4266703,161.108426,10809.2418,,1.5
11/21/2013,16.60591669,101.1549979,136.369835,163.8806949,11135.1424,,1.5
11/22/2013,16.69853303,101.2750016,137.3060552,164.3250349,11246.58875,,1.5
11/25/2013,16.65570166,101.6799976,137.4381528,164.2710472,11286.48,,1.5
11/26/2013,16.62261673,101.3000032,137.4759417,164.2710472,11232.144,,1.5
11/27/2013,16.72926199,102.1649989,138.7347392,166.4031949,11371.98615,,1.5
11/28/2013,16.80516927,102.3200038,139.2175971,167.2100995,11343.1952,,1.5
11/29/2013,16.71416275,102.4450037,139.2369813,167.6727029,11237.19205,,1.5
12/2/2013,16.8231217,102.9550042,139.4116827,168.3926918,11474.33475,,1.5
12/3/2013,16.81180861,102.5150005,139.3145723,168.038985,11545.2393,,1.5
12/4/2013,16.63035705,102.3550044,139.1401141,167.7148847,11451.4774,,1.5
12/5/2013,16.53726259,101.7850036,139.1207568,166.2786831,11296.0993,,1.5
12/6/2013,16.73080141,102.9099963,141.0437236,168.2510305,11485.7851,,1.5
12/9/2013,16.82156525,103.2750053,141.8842225,169.6928559,11297.25225,,1.5
12/10/2013,16.82736803,102.8399985,141.5227852,169.1331924,11248.6392,,1.5
12/11/2013,16.7000668,102.4399978,141.2229911,167.7430177,11237.668,,1.5
12/12/2013,16.68641225,103.3799987,142.2070535,169.0331305,11234.3046,,1.5
12/13/2013,16.70257721,103.2199995,141.8640942,168.2368775,11233.4326,,1.5
12/16/2013,16.75476883,103.0249994,141.7635384,167.8838244,11381.17175,,1.5
12/17/2013,16.79811189,102.6699948,141.3627368,166.9867246,11133.5348,,1.5
12/18/2013,16.98182096,104.2799951,142.7144284,170.9255619,11432.2164,,1.5
12/19/2013,16.94685466,104.2450024,142.4298533,170.6921567,11497.18105,,1.5
12/20/2013,16.88775553,104.0750048,142.2879909,170.0102006,11632.46275,,1.5
12/23/2013,16.91474966,104.1100026,142.5923285,170.2852278,11614.5116,,1.5
12/24/2013,16.9436961,104.3650037,142.8163382,170.8963514,11678.4435,,1.5
12/26/2013,17.06499202,104.8049946,143.4926101,171.998624,11736.0639,,1.5
12/27/2013,17.1102499,105.1699994,144.5295563,173.3252448,11797.9706,,1.5
12/30/2013,17.32801941,105.1550032,145.158949,173.5207357,11694.28755,,1.5
12/31/2013,17.35493444,105.314995,144.7596989,174.3831197,11668.902,1.75,1.5
1/2/2014,16.98860065,104.7649948,143.2254368,172.3840717,11291.5717,,1.5
1/3/2014,17.0526244,104.854996,142.4907381,172.131853,11207.95095,,1.5
1/6/2014,16.89132124,104.2200034,142.0252805,170.9693965,11123.4006,,1.5
1/7/2014,16.95432505,104.6199982,142.4501425,171.6148962,11230.957,,1.5
1/8/2014,16.90531334,104.854996,142.3487544,172.4583944,11235.21325,,1.5
1/9/2014,16.97202162,104.8300003,142.6533524,172.7712509,11152.8637,,1.5
1/10/2014,16.95130737,104.1500027,142.3690205,171.6738197,11170.0875,,1.5
1/13/2014,16.83841854,102.9999986,140.8252359,168.7336539,10995.25,,1.5
1/14/2014,17.13018081,104.2149964,142.551675,171.3355607,11087.43385,,1.5
1/15/2014,17.03693608,104.5550014,142.2475107,171.1742554,11200.97715,,1.5
1/16/2014,16.88704257,104.3600044,142.1464108,170.6630259,11175.9124,,1.5
1/17/2014,16.94800353,104.3150004,141.2628902,171.3355607,11107.4612,,1.5
1/20/2014,16.8685267,104.1800039,141.1831145,171.1742554,11079.543,,1.5
1/21/2014,16.90902942,104.3199953,141.4827391,171.8656011,11134.0736,,1.5
1/22/2014,16.95346274,104.5149956,141.5828968,173.2351667,11315.83905,,1.5
1/23/2014,16.95791892,103.2650018,141.4227125,171.8065458,11109.2487,,1.5
1/24/2014,16.65126425,102.2949985,139.9188471,168.6198466,11035.5846,,1.5
1/27/2014,16.67945425,102.549998,140.2131239,170.0680272,10941.0595,,1.5
1/28/2014,16.80841766,102.9650008,140.7459536,170.7067258,11059.47065,,1.5
1/29/2014,16.59131445,102.3000007,139.7819402,169.4340901,11033.055,,1.5
1/30/2014,16.43236848,102.7249962,139.256371,169.3480102,11089.16375,,1.5
1/31/2014,16.24708568,102.0349962,137.6083666,167.7008217,10856.524,,1.5
2/3/2014,16.06516029,100.990005,136.5933616,164.6632636,10708.9796,,1.5
2/4/2014,16.17782667,101.6500032,137.4192662,165.9475606,10752.537,,1.5
2/5/2014,16.27895619,101.4400017,137.2872048,165.4533422,10778,,1.5
2/6/2014,16.42683488,102.1049966,138.7539892,166.6388935,10944.63495,,1.5
2/7/2014,16.57055743,102.3400042,139.5478649,167.9684219,11213.3938,,1.5
2/10/2014,16.68432424,102.2549988,139.5478649,167.7148847,11107.96065,,1.5
2/11/2014,16.75238303,102.6349997,139.9776036,168.8333615,11154.3718,,1.5
2/12/2014,16.7661458,102.5350037,139.3922498,170.1693185,11154.78265,,1.5
2/13/2014,16.73500126,102.1699988,139.7819402,170.212766,11108.9441,,1.5
2/14/2014,16.749016,101.799997,139.3922498,170.4884494,11104.344,,1.5
2/17/2014,16.76291373,101.9350016,139.7233478,170.3432416,11129.2633,,1.5
2/18/2014,16.95030172,102.3699985,140.8450704,170.8087796,11307.7902,,1.5
2/19/2014,16.83728448,102.3249979,140.5283867,170.6921567,11303.84275,,1.5
2/20/2014,16.77627164,102.2649958,140.291807,170.2852278,11279.8295,,1.5
2/21/2014,16.86881125,102.5249959,140.8649106,170.3577513,11262.37125,,1.5
2/24/2014,16.99004383,102.4950052,140.7855836,170.7650273,11340.0468,,1.5
2/25/2014,16.93193363,102.2350002,140.5283867,170.53206,11195.75485,,1.5
2/26/2014,16.90759997,102.3749976,140.1345291,170.6921567,11212.11,,1.5
2/27/2014,16.91503578,102.1300029,140.016802,170.4448611,11128.0848,,1.5
2/28/2014,16.9573438,101.8050027,140.5086413,170.4739175,11103.87135,,1.5
3/3/2014,16.77669382,101.4500046,139.3339836,169.0902942,11281.24,,1.5
3/4/2014,17.00492293,102.2100052,140.469167,170.3287345,11171.553,,1.5
3/5/2014,17.06732205,102.3149996,140.5086413,171.1010352,11025.4644,,1.5
3/6/2014,17.23588166,103.0700018,142.8571429,172.5327812,11141.867,,1.5
3/7/2014,17.24836787,103.2799971,143.328078,172.6370306,11257.52,,1.5
3/10/2014,17.34109058,103.2650018,143.307538,171.895144,11160.8812,,1.5
3/11/2014,17.28638352,103.0200004,142.7755568,171.188907,11182.821,,1.5
3/12/2014,17.26757839,102.764995,142.8775539,170.7796089,11100.6753,,1.5
3/13/2014,17.05436933,101.8400045,141.2429379,169.3193363,10936.5976,,1.5
3/14/2014,16.96885367,101.3550049,141.023833,168.7194196,11004.11235,,1.5
3/17/2014,17.0995708,101.7700043,141.6831964,169.305003,10812.0448,,1.5
3/18/2014,17.03533981,101.4450029,141.3627368,168.3076664,10833.31155,,1.5
3/19/2014,16.95691249,102.3450003,141.5828968,169.305003,10833.21825,,1.5
3/20/2014,16.88105608,102.4,141.1034288,169.0045631,10900.48,,1.5
3/21/2014,16.90131323,102.2649958,141.0636197,168.6056314,10934.1738,,1.5
3/24/2014,16.99423046,102.2450038,141.5027593,168.676731,10920.78845,,1.5
3/25/2014,16.96525516,102.2649958,141.4027149,169.0045631,10941.33235,,1.5
3/26/2014,16.86084743,102.0450023,140.6469761,169.247694,10921.87635,,1.5
3/27/2014,17.02808783,102.1749992,140.390285,169.7360604,11017.53025,,1.5
3/28/2014,17.11815809,102.8150028,141.4027149,171.0863986,11111.21705,,1.5
3/31/2014,17.23499048,103.2150028,142.1464108,171.998624,11122.4484,2.04,1.5
4/1/2014,17.32231634,103.6449976,142.9592566,172.3692149,10946.9849,,1.5
4/2/2014,17.39659896,103.8750051,143.000143,172.7115717,10885.06125,,1.5
4/3/2014,17.31541765,103.9249977,142.5923285,172.5030188,11031.63875,,1.5
4/4/2014,17.21259273,103.2850001,141.5227852,171.2328767,11022.5752,,1.5
4/7/2014,17.20770561,103.1049967,141.6831964,171.2475383,10910.5711,,1.5
4/8/2014,17.03838749,101.8149948,140.469167,170.5175207,10962.42105,,1.5
4/9/2014,17.17962153,101.9849952,141.3028119,171.2768691,11012.3403,,1.5
4/10/2014,17.12548701,101.5249968,141.0039481,170.4303366,10909.8765,,1.5
4/11/2014,17.12563365,101.6149976,141.0835214,170.039109,10906.33795,,1.5
4/14/2014,17.0746075,101.8450037,140.7459536,170.386778,11108.23415,,1.5
4/15/2014,17.11903723,101.9300039,140.8054069,170.53206,11083.8682,,1.5
4/16/2014,17.11962337,102.2350002,141.2429379,171.7475311,11204.956,,1.5
4/17/2014,17.10659117,102.3899976,141.4427157,171.9394773,11214.7767,,1.5
4/21/2014,17.10761546,102.6200015,141.5428167,172.3246597,11283.069,,1.5
4/22/2014,17.13047426,102.6200015,141.6631251,172.6370306,11213.2874,,1.5
4/23/2014,17.10337279,102.5399978,141.6831964,172.0874204,11188.1394,,1.5
4/24/2014,17.052479,102.3200038,141.5428167,171.9394773,11288.9656,,1.5
4/25/2014,16.97202162,102.1699988,141.3227812,171.7032967,11195.7886,,1.5
4/28/2014,17.0718383,102.4999954,141.9647927,172.2801275,11082.3,,1.5
4/29/2014,17.0773776,102.6349997,141.7635384,172.7115717,11185.1623,,1.5
4/30/2014,17.188628,102.2599971,141.8037436,172.5476663,11051.2382,,1.5
5/1/2014,17.22237531,102.3400042,141.9446416,172.8907331,11028.1584,,1.5
5/2/2014,17.21140772,102.1850014,141.7434444,172.3543606,11096.26915,,1.5
5/5/2014,17.14192658,102.1399963,141.723356,172.2801275,11002.5208,,1.5
5/6/2014,17.17018226,101.6850018,141.6229996,172.6072322,10886.3961,,1.5
5/7/2014,17.24881414,101.9150033,141.7836382,172.7861771,11020.06895,,1.5
5/8/2014,17.23202054,101.6599959,140.7063459,172.146669,10983.3464,,1.5
5/9/2014,17.22445183,101.8649953,140.1541696,171.6590851,10990.21485,,1.5
5/12/2014,17.25164106,102.1249965,140.4889014,172.2801275,11071.37125,,1.5
5/13/2014,17.26519337,102.2599971,140.1345291,172.0578114,11170.8824,,1.5
5/14/2014,17.1972003,101.8899983,139.7428731,170.8379602,11227.2591,,1.5
5/15/2014,17.06906999,101.5750017,139.275766,170.5466019,11217.943,,1.5
5/16/2014,17.10615223,101.519998,139.0240512,170.7212975,11141.82,,1.5
5/19/2014,17.11332443,101.5100019,139.1594768,170.6630259,11102.1487,,1.5
5/20/2014,17.02113174,101.3249966,138.8503194,170.604794,11114.33925,,1.5
5/21/2014,17.05189745,101.3749998,138.7539892,171.3355607,11207.00625,,1.5
5/22/2014,17.099717,101.7349988,138.9274799,171.6296233,11227.4746,,1.5
5/23/2014,17.10732279,101.9699992,139.0240512,171.6738197,11271.7638,,1.5
5/26/2014,17.11420308,101.9549973,139.1207568,171.718039,11247.6756,,1.5
5/27/2014,17.13062099,101.9899982,139.0627173,171.4530647,11220.9398,,1.5
5/28/2014,17.04375985,101.8450037,138.4083045,170.198281,11183.59945,,1.5
5/29/2014,17.06455521,101.7950022,138.4657989,170.1693185,11194.39615,,1.5
5/30/2014,17.04259797,101.7850036,138.7347392,170.5029838,11136.29685,,1.5
6/2/2014,17.07694015,102.3849971,139.1982183,171.4530647,11142.55955,,1.5
6/3/2014,17.07548217,102.5049966,139.6843135,171.688557,11154.5941,,1.5
6/4/2014,17.10805447,102.744997,139.7233478,171.9542602,11137.558,,1.5
6/5/2014,17.11347087,102.3949985,139.8797035,172.2356183,11139.55205,,1.5
6/6/2014,17.23736716,102.4850052,139.8210291,172.2059583,11130.89585,,1.5
6/9/2014,17.1688557,102.5299995,139.3728223,172.2801275,11277.2747,,1.5
6/10/2014,17.12578029,102.3550044,138.6770212,171.5118772,11209.9196,,1.5
6/11/2014,17.00882758,102.0800025,138.1406272,171.3649216,11223.696,,1.5
6/12/2014,16.97764045,101.7250017,137.8739832,172.2059583,11496.9595,,1.5
6/13/2014,17.0253337,102.07,138.2361073,173.1601732,11575.7587,,1.5
6/16/2014,17.00145362,101.8450037,138.2552191,172.9654934,11502.3743,,1.5
6/17/2014,17.01360238,102.1450042,138.3700014,173.2952084,11588.35025,,1.5
6/18/2014,16.96194587,101.9249962,138.5809313,173.2051615,11645.9505,,1.5
6/19/2014,16.6573663,101.9350016,138.7154945,173.7015807,11728.6411,,1.5
6/20/2014,16.68446343,102.075001,138.8117712,173.6563341,11719.23075,,1.5
6/23/2014,16.68961489,101.9499976,138.7154945,173.596042,11634.534,,1.5
6/24/2014,16.68154104,101.9750008,138.7347392,173.2051615,11672.0585,,1.5
6/25/2014,16.61557378,101.8749992,138.8503194,173.0103806,11613.75,,1.5
6/26/2014,16.58649859,101.7349988,138.4849744,173.2201628,11517.41935,,1.5
6/27/2014,16.53835658,101.3749998,138.3700014,172.6966583,11485.7875,,1.5
6/30/2014,16.51745895,101.3249966,138.7347392,173.3252448,11384.877,2.06,1.5
7/1/2014,16.46876698,101.5249968,138.8888889,174.1250218,11400.24225,,1.5
7/2/2014,16.4845128,101.7899975,139.0433815,174.7335314,11323.1196,,1.5
7/3/2014,16.51350392,102.1900033,139.0820584,175.3002016,11343.09,,1.5
7/4/2014,16.496478,102.120001,138.8310426,175.2387628,11298.5568,,1.5
7/7/2014,16.54300768,101.8450037,138.5617293,174.4287459,11227.3928,,1.5
7/8/2014,16.411199,101.5799956,138.2743363,174.0341107,11066.1252,,1.5
7/9/2014,16.51650412,101.6350023,138.6770212,174.3831197,11005.0378,,1.5
7/10/2014,16.43020858,101.3349974,137.9120121,173.6111111,11012.07445,,1.5
7/11/2014,16.41039106,101.3800049,137.9690949,173.6111111,10813.1908,,1.5
7/14/2014,16.41712635,101.544997,138.3125864,173.4755833,10863.2841,,1.5
7/15/2014,16.37773611,101.6850018,138.0071764,174.3071292,10780.6437,,1.5
7/16/2014,16.40742928,101.6799976,137.532664,174.2463844,10762.828,,1.5
7/17/2014,16.2980589,101.1749958,136.8550705,173.0103806,10915.77075,,1.5
7/18/2014,16.37103309,101.3349974,137.0426203,173.1751667,10867.1654,,1.5
7/21/2014,16.35777731,101.3999994,137.136588,173.1451822,10918.752,,1.5
7/22/2014,16.39035264,101.4650024,136.6306873,173.1451822,10890.23845,,1.5
7/23/2014,16.37693145,101.4849996,136.6493577,172.9654934,10963.42455,,1.5
7/24/2014,16.42211402,101.8149948,137.0801919,172.9505361,10901.33205,,1.5
7/25/2014,16.36246124,101.8400045,136.7801942,172.860847,11038.4376,,1.5
7/28/2014,16.35831248,101.8600044,136.9112815,172.9954156,10957.0802,,1.5
7/29/2014,16.33893486,102.1300029,136.9487812,173.0552912,11001.4436,,1.5
7/30/2014,16.42885893,102.7949959,137.7220768,173.8676867,10948.69545,,1.5
7/31/2014,16.35523572,102.7949959,137.6273053,173.5809755,10898.3259,,1.5
8/1/2014,16.38015053,102.6299963,137.8359752,172.6370306,10759.7292,,1.5
8/4/2014,16.38176055,102.5949968,137.7031121,173.0103806,10814.53895,,1.5
8/5/2014,16.33413098,102.5949968,137.2306848,173.2501733,10732.46295,,1.5
8/6/2014,16.29712926,102.1100011,136.6493577,172.1022287,10679.6849,,1.5
8/7/2014,16.34347446,102.1049966,136.4442625,171.8508335,10765.9512,,1.5
8/8/2014,16.36567463,102.0599994,136.8738024,171.188907,10718.3412,,1.5
8/11/2014,16.52687683,102.1949952,136.7989056,171.556013,10697.7726,,1.5
8/12/2014,16.54738758,102.2599971,136.7240908,171.9394773,10534.8252,,1.5
8/13/2014,16.62690066,102.4299981,136.8925394,170.9401709,10681.4004,,1.5
8/14/2014,16.63035705,102.4450037,136.9112815,170.9547825,10450.41445,,1.5
8/15/2014,16.68752607,102.360002,137.1553971,170.9109554,10597.3308,,1.5
8/18/2014,16.66083537,102.5700043,137.0614035,171.5854496,10421.112,,1.5
8/19/2014,16.6935154,102.9049978,137.0614035,170.998632,10451.0318,,1.5
8/20/2014,16.74929653,103.7549971,137.5894331,172.1763085,10612.0614,,1.5
8/21/2014,16.89089327,103.8350004,137.9120121,172.1614875,10656.58605,,1.5
8/22/2014,16.84919966,103.9450039,137.6651982,172.2356183,10632.53405,,1.5
8/25/2014,16.85019336,104.0550026,137.2683596,172.5030188,10681.24575,,1.5
8/26/2014,16.84111252,104.0700008,137.0426203,172.131853,10667.175,,1.5
8/27/2014,16.80008736,103.8650037,137.0238421,172.1614875,10669.0128,,1.5
8/28/2014,16.78457833,103.7149987,136.7240908,172.0282126,10626.6389,,1.5
8/29/2014,16.79853517,104.0750048,136.6680333,172.7414061,10739.49925,,1.5
9/1/2014,16.85573179,104.3650037,137.0050692,173.3102253,10727.67835,,1.5
9/2/2014,16.98182096,105.0749962,137.988133,173.0702665,10543.2255,,1.5
9/3/2014,16.85473745,104.8049946,137.8359752,172.5327812,10770.80985,,1.5
9/4/2014,16.8149182,105.2699949,136.2769147,171.924697,10719.6441,,1.5
9/5/2014,16.73276107,105.0999984,136.1099769,171.6001716,10596.182,,1.5
9/8/2014,16.74116485,106.0300003,136.7427868,170.7650273,10624.206,,1.5
9/9/2014,16.73542136,106.1950023,137.3815084,171.0425041,10530.2962,,1.5
9/10/2014,16.84323997,106.8450038,138.0071764,173.2201628,10475.0838,,1.5
9/11/2014,16.78993276,107.110005,138.4466288,174.1098633,10505.3488,,1.5
9/12/2014,16.87236896,107.3349944,139.1594768,174.6267354,10423.30185,,1.5
9/15/2014,16.76516199,107.175002,138.6962552,173.973556,10358.46375,,1.5
9/16/2014,16.73164121,107.1250017,138.8310426,174.3679163,10610.73125,,1.5
9/17/2014,16.81887751,108.3900041,139.4505648,176.3979538,10727.3583,,1.5
9/18/2014,17.1906964,108.7099972,140.4889014,178.3007934,10620.967,,1.5
9/19/2014,17.16266777,109.0449992,139.8992725,177.6041204,10728.93755,,1.5
9/22/2014,17.15839775,108.8449946,139.8601399,178.0785326,10554.69965,,1.5
9/23/2014,17.13340929,108.895001,139.8992725,178.4598911,10546.48075,,1.5
9/24/2014,17.05771478,109.0250025,139.3339836,178.1419792,10569.97375,,1.5
9/25/2014,16.99466368,108.7549946,138.6770212,177.4622893,10549.235,,1.5
9/26/2014,16.9210464,109.2849953,138.6193513,177.5410564,10600.645,,1.5
9/29/2014,16.99394166,109.4850033,138.8888889,177.8251978,10641.942,,1.5
9/30/2014,17.06368166,109.6550023,138.5233412,177.7935817,10381.03885,1.49,1.5
10/1/2014,16.88718516,108.895001,137.4759417,176.2425097,10253.5532,,1.5
10/2/2014,16.82467844,108.4250022,137.3626374,175.0393839,10129.0635,,1.5
10/3/2014,16.82439537,109.7700022,137.4003847,175.2541185,10132.8687,,1.5
10/6/2014,16.80262793,108.8000056,137.6841526,174.9934377,10095.552,,1.5
10/7/2014,16.71975188,108.0349947,136.8738024,173.882803,9951.10385,,1.5
10/8/2014,16.77922732,108.0849954,137.6273053,174.7487986,9876.8073,,1.5
10/9/2014,16.6583375,107.8400004,136.8550705,173.8223536,9710.992,,1.5
10/10/2014,16.5395875,107.6700018,135.9619307,173.100225,9712.9107,,1.5
10/13/2014,16.50968706,106.8649967,136.2769147,171.895144,9499.22985,,1.5
10/14/2014,16.27100994,107.0549994,135.5197181,170.2562356,9103.9572,,1.5
10/15/2014,16.19905398,105.9249996,135.9804188,169.707255,8874.3965,,1.5
10/16/2014,16.24840563,106.3350035,136.2026696,171.0717646,8982.11745,,1.5
10/17/2014,16.32853002,106.8750017,136.4070386,172.013417,9208.35,,1.5
10/20/2014,16.31760588,106.9549945,136.8925394,172.8907331,9133.957,,1.5
10/21/2014,16.29155364,106.9950015,136.0544218,172.3840717,9225.1089,,1.5
10/22/2014,16.20666742,107.1449962,135.5197181,171.9838335,9076.25295,,1.5
10/23/2014,16.4594152,108.2650046,136.9112815,173.5508504,9400.64995,,1.5
10/24/2014,16.39277079,108.1600015,137.0426203,174.0341107,9315.8208,,1.5
10/27/2014,16.34120435,107.8150028,136.9112815,173.8072478,9253.76145,,1.5
10/28/2014,16.35670707,108.1549948,137.7220768,174.4591766,9304.57465,,1.5
10/29/2014,16.22968247,108.8899971,137.5515818,174.3375174,9486.4968,,1.5
10/30/2014,16.29420822,109.2099956,137.7410468,174.7487986,9418.2704,,1.5
10/31/2014,16.6313251,112.3249948,140.6865504,179.6945193,9644.2245,,1.5
11/3/2014,16.75238303,114.0500023,142.3690205,182.1659532,9669.159,,1.5
11/4/2014,16.56136399,113.5999987,142.5110446,181.8016544,9408.352,,1.5
11/5/2014,16.79289325,114.6450052,143.1434297,183.1669567,9509.80275,,1.5
11/6/2014,16.77078529,115.2100013,142.5719989,182.3985408,9546.3006,,1.5
11/7/2014,16.8245369,114.5400062,142.6533524,181.8181818,9551.4906,,1.5
11/10/2014,16.85786293,114.8600012,142.6737052,181.9505095,9457.5724,,1.5
11/11/2014,17.03853264,115.7800041,144.4251878,184.3148097,9455.7526,,1.5
11/12/2014,16.97490261,115.4850029,143.6575205,182.2655609,9282.6843,,1.5
11/13/2014,17.03708121,115.7549958,144.4251878,181.8512457,9019.6296,,1.5
11/14/2014,17.21525961,116.2800027,145.6239988,182.1991437,9233.7948,,1.5
11/17/2014,17.18213058,116.6500032,145.22219,182.4484583,9251.5115,,1.5
11/18/2014,17.36111111,116.8699971,146.5201465,182.6984562,9170.7889,,1.5
11/19/2014,17.38238643,117.9799984,148.1042654,185.013876,9214.238,,1.5
11/20/2014,17.47167405,118.2150054,148.2359917,185.528757,9377.99595,,1.5
11/21/2014,17.30717642,117.809997,145.9640928,184.4337883,9467.2116,,1.5
11/24/2014,17.44348311,118.2750017,147.1670346,185.7527631,9424.152,,1.5
11/25/2014,17.33778336,117.9750016,147.1670346,185.3052905,9240.98175,,1.5
11/26/2014,17.23677293,117.7299961,147.2320377,185.9081614,9153.5075,,1.5
11/27/2014,16.99148726,117.7049974,146.7351431,185.2194851,8543.0289,,1.5
11/28/2014,16.87322304,118.6400059,147.7323091,185.6493085,8322.596,,1.5
12/1/2014,17.06324492,118.3949948,147.6450613,186.2370798,8588.3733,,1.5
12/2/2014,16.95777514,119.2150026,147.6232654,186.4106627,8409.4261,,1.5
12/3/2014,17.03127794,119.7949972,147.4708745,187.9169407,8376.0664,,1.5
12/4/2014,16.9702935,119.7849955,148.2799526,187.7405426,8341.8274,,1.5
12/5/2014,17.02475399,121.425005,149.1869312,189.2326616,8386.82475,,1.5
12/8/2014,16.85118717,120.6950053,148.6546752,188.9287739,7988.80205,,1.5
12/9/2014,16.79994624,119.694998,148.1262035,187.5820672,8000.4138,,1.5
12/10/2014,16.44371727,117.8149937,146.6490688,185.1166235,7568.4356,,1.5
12/11/2014,16.27975125,118.6699942,147.275405,186.6716446,7556.9056,,1.5
12/12/2014,16.12383102,118.8000059,148.03849,186.758801,7347.78,,1.5
12/15/2014,15.74356875,117.8250023,146.5416178,184.2468908,7194.3945,,1.5
12/16/2014,15.67643831,116.4100039,145.6452083,183.3180568,6968.3026,,1.5
12/17/2014,16.01396418,118.6549981,146.4557704,184.808723,7259.3129,,1.5
12/18/2014,16.06206381,118.8350034,146.0067163,186.202402,7043.35045,,1.5
12/19/2014,16.22757552,119.504996,146.1347362,186.7936864,7335.2169,,1.5
12/22/2014,16.16618842,120.0599964,146.8428781,187.1607711,7216.8066,,1.5
12/23/2014,16.21021406,120.6849984,146.9075951,187.3360809,7445.05765,,1.5
12/24/2014,16.17494824,120.5049979,146.9507715,187.4941408,7259.2212,,1.5
12/26/2014,16.124091,120.4049991,146.6060695,187.3185352,7158.07725,,1.5
12/29/2014,16.17507906,120.6749932,146.6490688,187.2308556,6984.669,,1.5
12/30/2014,16.07639503,119.4799944,145.2643812,185.8908821,6917.892,,1.5
12/31/2014,16.01473355,119.694998,144.8225923,186.4280388,6862.11435,2.91,1.25
1/2/2015,15.86999302,120.5049979,144.6340758,184.6892603,6798.8921,,1.25
1/5/2015,15.66232037,119.6349984,142.7755568,182.4318161,6353.81485,,1.25
1/6/2015,15.28444349,118.4050041,140.7657658,179.4043775,6050.4955,,1.25
1/7/2015,15.4778396,119.254995,141.1831145,180.1964141,6099.89325,,1.25
1/8/2015,15.69834069,119.6599933,141.1034288,180.5543017,6097.8736,,1.25
1/9/2015,15.47137409,118.5299957,140.3508772,179.6945193,5939.5383,,1.25
1/12/2015,15.27988937,118.3500021,140.0560224,179.5654516,5613.3405,,1.25
1/13/2015,15.1998784,117.9299937,138.8310426,178.7629603,5494.3587,,1.25
1/14/2015,15.39551067,117.3350029,138.3317195,178.7310098,5713.04115,,1.25
1/15/2015,15.32801962,116.1649984,135.098622,176.4602082,5537.58555,,1.25
1/16/2015,15.57632399,117.6400004,136.1099769,178.2372338,5901.9988,,1.25
1/19/2015,15.4223408,117.5700021,136.4442625,177.6830135,5742.1188,,1.25
1/20/2015,15.48574924,118.809999,137.2306848,179.937022,5701.6919,,1.25
1/21/2015,15.54388037,117.9550046,136.9487812,178.619273,5783.33365,,1.25
1/22/2015,15.48383101,118.4899967,134.6801347,177.8568253,5749.1348,,1.25
1/23/2015,15.15553366,117.775004,131.9957761,176.5380881,5746.24225,,1.25
1/26/2015,15.17450683,118.460001,133.1380642,178.6352269,5705.0336,,1.25
1/27/2015,15.25355217,117.8699995,134.1561578,179.147259,5846.352,,1.25
1/28/2015,15.00746621,117.550004,132.6963907,177.9201139,5697.6485,,1.25
1/29/2015,15.10927785,118.2899998,133.9046599,178.2213509,5811.5877,,1.25
1/30/2015,15.19976288,117.4549992,132.5908247,176.9911504,6223.94045,,1.25
2/2/2015,15.37349916,117.5949988,133.3688984,176.8502962,6438.32625,,1.25
2/3/2015,15.64492283,117.5700021,134.9892009,178.3166904,6808.4787,,1.25
2/4/2015,15.42638529,117.2749936,133.0671989,178.0468263,6351.614,,1.25
2/5/2015,15.63758337,117.5349996,134.8981519,180.1639492,6648.95495,,1.25
2/6/2015,15.5966093,118.9799987,134.6257404,181.3894431,6877.044,,1.25
2/9/2015,15.57765852,118.6400059,134.354427,180.5054152,6921.4576,,1.25
2/10/2015,15.75324123,119.4299941,135.2082207,182.1825469,6739.4349,,1.25
2/11/2015,15.75410985,120.4650046,136.5374113,183.5704452,6584.6169,,1.25
2/12/2015,15.59332606,119.1050021,135.8142062,183.2340815,6794.94025,,1.25
2/13/2015,15.64773812,118.7550011,135.2082207,182.8655024,7305.8076,,1.25
2/16/2015,15.6528817,118.4800011,134.4989913,182.0333121,7274.672,,1.25
2/17/2015,15.86961524,119.254995,136.0914535,183.1334127,7457.01515,,1.25
2/18/2015,15.78120931,118.7900003,135.3912808,183.3516685,7190.3587,,1.25
2/19/2015,15.67434971,118.9450007,135.1899419,183.3348611,7161.67845,,1.25
2/20/2015,15.8101517,119.0300054,135.4646437,183.3180568,7167.9866,,1.25
2/23/2015,15.59758237,118.8149963,134.643867,183.6547291,6998.2035,,1.25
2/24/2015,15.68061719,118.9799987,134.9345567,183.87423,6979.3668,,1.25
2/25/2015,15.75485446,118.8600042,135.0438893,184.569952,7325.3418,,1.25
2/26/2015,15.5927182,119.4199962,133.7255951,183.9757152,7171.171,,1.25
2/27/2015,15.5949067,119.5399958,133.8329764,184.501845,7480.8132,,1.25
3/2/2015,15.60500609,120.1300047,134.354427,184.569952,7152.5402,,1.25
3/3/2015,15.52216565,119.7299945,133.8150676,183.9249586,7305.9246,,1.25
3/4/2015,15.38899533,119.6799996,132.5908247,182.6817684,7246.624,,1.25
3/5/2015,15.55560741,120.1499953,132.5381047,183.1166453,7266.672,,1.25
3/6/2015,15.2817574,120.8400072,131.0444241,181.7025529,7217.7732,,1.25
3/9/2015,15.2780218,121.1549948,131.4751512,183.3012556,7091.20215,,1.25
3/10/2015,14.9799269,121.1350059,129.5840352,182.5483753,6830.80265,,1.25
3/11/2015,14.79749626,121.4500013,128.0901755,181.3236627,6988.233,,1.25
3/12/2015,14.97073222,121.3000012,129.0156109,180.5217077,6923.804,,1.25
3/13/2015,14.78262155,121.3949936,127.4047649,179.0029535,6636.66465,,1.25
3/16/2015,14.67405261,121.3350005,128.2380097,179.9208348,6484.1424,,1.25
3/17/2015,14.60024528,121.364997,128.6173633,178.9549034,6494.24115,,1.25
3/18/2015,14.70772082,120.1050006,130.5142261,179.9046505,6715.07055,,1.25
3/19/2015,14.93506978,120.7999956,128.7664177,178.2213509,6575.144,,1.25
3/20/2015,14.94489072,120.035007,129.9038711,179.4687724,6640.3362,,1.25
3/23/2015,15.1773857,119.7349977,131.061599,179.0350013,6695.5812,,1.25
3/24/2015,15.23983693,119.7450054,130.8386759,177.8568253,6599.14695,,1.25
3/25/2015,15.24239214,119.4999977,131.1131506,177.8251978,6749.36,,1.25
3/26/2015,15.06353044,119.1999964,129.7353399,177.0068148,7055.448,,1.25
3/27/2015,14.93785851,119.1349989,129.7185108,177.2421127,6720.40535,,1.25
3/30/2015,14.98183453,120.0750037,130.0897619,177.8568253,6759.02175,,1.25
3/31/2015,14.90468454,120.1349981,128.915818,178.0151313,6620.63985,2.14,1.25
4/1/2015,14.90846204,119.7649971,128.915818,177.5410564,6838.5815,,1.25
4/2/2015,14.98228345,119.7150017,130.2931596,177.5095411,6578.33925,,1.25
4/6/2015,15.0171571,119.5349945,130.5823975,177.8726432,6947.3742,,1.25
4/7/2015,14.87630354,120.2749968,130.0897619,178.09439,7108.2525,,1.25
4/8/2015,14.90712859,120.1400064,129.516902,178.603322,6673.777,,1.25
4/9/2015,14.87022015,120.5899938,128.5347044,177.430802,6821.7763,,1.25
4/10/2015,14.8424107,120.2249939,127.4859765,175.9169672,6957.42075,,1.25
4/13/2015,14.82755553,120.1349981,126.9518852,176.3046544,6959.42055,,1.25
4/14/2015,15.02279709,119.3849954,127.1940982,176.4446405,6975.66555,,1.25
4/15/2015,15.24006919,119.1500029,127.3236567,176.8346596,7187.128,,1.25
4/16/2015,15.37019105,119.0100034,128.0737705,177.7461785,7614.2598,,1.25
4/17/2015,15.18925816,118.9150005,128.5181853,177.9201139,7545.15675,,1.25
4/20/2015,15.12584705,119.1999964,127.9918085,177.6830135,7563.24,,1.25
4/21/2015,15.19352756,119.665005,128.4686536,178.603322,7428.8032,,1.25
4/22/2015,15.16288732,119.9150042,128.6339079,180.3101334,7522.26795,,1.25
4/23/2015,15.2579742,119.584997,129.4665976,180.0828381,7755.08725,,1.25
4/24/2015,15.32625771,118.9849961,129.3828438,180.7174483,7767.3408,,1.25
4/27/2015,15.40665876,119.0399948,129.617628,181.3894431,7717.3632,,1.25
4/28/2015,15.55826961,118.8550032,130.5142261,182.3154057,7682.7872,,1.25
4/29/2015,15.82453753,119.0399948,132.5029813,183.7728567,7837.5936,,1.25
4/30/2015,15.8462282,119.3650021,133.9764202,183.2340815,7971.1947,,1.25
5/1/2015,15.80477937,120.1750036,134.6076188,181.967064,7986.8305,,1.25
5/4/2015,15.81765408,120.1349981,133.9046599,181.6530427,7982.97075,,1.25
5/5/2015,15.83054979,119.8500005,134.0662287,182.0167455,8092.272,,1.25
5/6/2015,16.06787069,119.465007,135.6300014,182.1327748,8096.14305,,1.25
5/7/2015,16.07368176,119.7349977,134.8981519,182.5317149,7847.4319,,1.25
5/8/2015,16.0248706,119.8050006,134.2281879,185.16804,7834.04895,,1.25
5/11/2015,15.86671956,120.0849962,133.9584729,187.1607711,7794.71735,,1.25
5/12/2015,16.01614427,119.8649984,134.4086022,187.8287002,8014.1739,,1.25
5/13/2015,16.12929241,119.1599983,135.3363107,187.6172608,7961.0796,,1.25
5/14/2015,16.16788734,119.1649966,135.9619307,187.9875928,7935.19735,,1.25
5/15/2015,16.31960311,119.290005,136.6120219,187.5644753,7969.7649,,1.25
5/18/2015,16.20154725,119.9899976,135.7773252,187.8110621,7951.7373,,1.25
5/19/2015,16.01640079,120.6950053,134.5713901,187.1958068,7726.8939,,1.25
5/20/2015,16.02435702,121.3549965,134.6257404,188.554728,7891.71565,,1.25
5/21/2015,16.01588776,121.039995,134.4989913,189.5734597,8054.0016,,1.25
5/22/2015,15.89863033,121.5450072,133.9046599,188.2707333,7945.39665,,1.25
5/25/2015,15.90343435,121.5600038,133.4400854,188.0582981,7964.6112,,1.25
5/26/2015,15.87414974,123.1049986,133.8508901,189.3939394,7844.2506,,1.25
5/27/2015,15.91609037,123.6650054,134.8617667,189.8794266,7674.6499,,1.25
5/28/2015,15.88007368,123.9549974,135.7036233,189.8433792,7757.1039,,1.25
5/29/2015,15.97661024,124.1449979,136.4070386,189.8253607,8138.9462,,1.25
6/1/2015,15.68160078,124.7799973,136.3512408,189.6813354,8095.7264,,1.25
6/2/2015,15.85527307,124.114998,138.4466288,190.4399162,8128.29135,,1.25
6/3/2015,16.01511827,124.249996,140.0952648,190.6395958,7927.15,,1.25
6/4/2015,16.02795275,124.3750001,139.7819402,191.1132346,7714.98125,,1.25
6/5/2015,15.80315589,125.6250001,139.6063102,191.8465228,7953.31875,,1.25
6/8/2015,15.92876656,124.4850055,140.5678943,191.0767173,7803.96465,,1.25
6/9/2015,15.9813338,124.3400033,140.291807,191.2960306,8067.1792,,1.25
6/10/2015,15.80253157,122.675002,138.9467834,190.5306278,8059.7475,,1.25
6/11/2015,15.73452706,123.4199927,138.9467834,191.5341889,8035.8762,,1.25
6/12/2015,15.93016217,123.3849983,139.0433815,191.9754271,7880.59995,,1.25
6/15/2015,15.91913082,123.4199927,139.256371,192.5483778,7727.3262,,1.25
6/16/2015,15.8988831,123.3600058,138.7539892,193.0315607,7858.032,,1.25
6/17/2015,16.11720431,123.4349985,139.9384271,195.427008,7883.79345,,1.25
6/18/2015,15.77199997,122.965006,139.6843135,195.2743605,7901.7309,,1.25
6/19/2015,15.87226005,122.675002,139.275766,194.8558067,7730.9785,,1.25
6/22/2015,15.93231951,123.3749971,139.9188471,195.2362358,7814.5725,,1.25
6/23/2015,15.84020402,123.9549974,138.4657989,194.9887881,7988.89975,,1.25
6/24/2015,15.77647885,123.8500062,138.7925052,194.5146859,7863.2365,,1.25
6/25/2015,15.82766835,123.619999,138.5041551,194.6661476,7812.784,,1.25
6/26/2015,15.80003476,123.8550069,138.2934587,195.0838861,7835.0673,,1.25
6/29/2015,15.59514991,122.5399943,137.6841526,192.8640309,7598.7054,,1.25
6/30/2015,15.61621588,122.5000046,136.4349546,192.4557352,7789.775,1.93,1
7/1/2015,15.52276802,123.1749931,136.1563074,192.3816853,7638.08175,,1
7/2/2015,15.45368145,123.0650028,136.4163427,192.0860546,7638.64455,,1
7/3/2015,15.34836962,122.8149984,136.490821,191.2228703,7408.2008,,1
7/6/2015,15.18130271,122.5750067,135.5289015,191.2960306,6930.3905,,1
7/7/2015,15.02054059,122.5449948,134.943661,189.4477598,6966.68325,,1
7/8/2015,14.67749866,120.7049993,133.7255951,185.4427446,6886.22025,,1
7/9/2015,14.90635085,121.3449977,133.949501,186.6193898,7112.03045,,1
7/10/2015,15.31393568,122.7549953,137.0520112,190.5850962,7209.40115,,1
7/13/2015,15.26251526,123.4399962,135.8326542,191.1863111,7141.004,,1
7/14/2015,15.23159642,123.3800051,135.8603356,192.9198418,7218.9638,,1
7/15/2015,15.17899834,123.7799934,135.5197181,193.5546308,7061.649,,1
7/16/2015,15.21352178,124.1550011,135.0256549,193.7984496,7140.15405,,1
7/17/2015,15.17404631,124.0750053,134.354427,193.6670863,7084.6825,,1
7/20/2015,15.0845489,124.2650036,134.5442314,193.4235977,7039.61225,,1
7/21/2015,15.26869079,123.8900075,135.501355,192.7525058,7066.6856,,1
7/22/2015,15.19456642,123.9650007,135.5380862,193.5546308,6958.15545,,1
7/23/2015,15.153926,123.9150003,136.0821936,192.2337562,6848.78205,,1
7/24/2015,15.09354223,123.8199954,135.998912,192.0860546,6763.0484,,1
7/27/2015,15.07931721,123.2450065,136.7240908,191.7545542,6589.91015,,1
7/28/2015,15.13122555,123.5600009,136.6586949,192.9012346,6585.748,,1
7/29/2015,15.20114921,123.9349956,136.1563074,193.4048931,6615.6503,,1
7/30/2015,15.19018107,124.1449979,135.7220413,193.6858416,6618.16995,,1
7/31/2015,15.16323219,123.9400031,136.1841209,193.6295866,6470.9074,,1
8/3/2015,15.02708632,124.0350076,135.8234295,193.3488012,6142.2132,,1
8/4/2015,14.99374011,124.3849939,135.3546291,193.6108422,6218.00615,,1
8/5/2015,15.12950859,124.9000019,136.2119458,194.8747929,6193.791,,1
8/6/2015,15.07079506,124.7399951,136.2769147,193.498452,6177.1248,,1
8/7/2015,15.02290994,124.2250068,136.2583458,192.4927815,6038.57725,,1
8/10/2015,15.1998784,124.6300047,137.3343405,194.3068105,6282.5983,,1
8/11/2015,15.1183007,125.1299944,138.1501692,194.8747929,6153.8934,,1
8/12/2015,15.23542541,124.2099934,138.5809313,193.9487975,6168.2686,,1
8/13/2015,15.13798271,124.425001,138.7251162,194.2313295,6124.1985,,1
8/14/2015,15.09228935,124.3149933,138.0738695,194.4579485,6095.16445,,1
8/17/2015,15.14635162,124.390007,137.8074829,193.8735944,6062.7686,,1
8/18/2015,15.01219741,124.405002,137.1083842,194.8368242,6072.20805,,1
8/19/2015,14.91947215,123.8100002,137.6746747,194.118218,5838.8796,,1
8/20/2015,14.99587613,123.4050057,138.7251162,193.5921014,5753.1411,,1
8/21/2015,14.88549334,122.025,138.9757487,191.5525333,5547.2565,,1
8/24/2015,14.42075435,118.4199931,137.6273053,186.8111339,5055.3498,,1
8/25/2015,14.44700477,118.8799983,136.8925394,186.4801865,5136.8048,,1
8/26/2015,14.30993897,119.9150042,135.6852103,185.3911754,5173.1331,,1
8/27/2015,14.58682809,121.0349993,136.1099769,186.3932898,5756.4246,,1
8/28/2015,14.69021999,121.7150033,136.0729351,187.35363,6091.83575,,1
8/31/2015,14.63978802,121.2249931,135.9434475,186.0119048,6564.33375,,1
9/1/2015,14.40424061,119.375005,135.0621286,182.6984562,5916.225,,1
9/2/2015,14.59204296,120.3249978,135.0894968,184.1112032,6076.4125,,1
9/3/2015,14.49779633,120.0750037,133.5648457,183.200513,6085.401,,1
9/4/2015,14.33311595,119.0050039,132.6523844,180.5543017,5903.83805,,1
9/7/2015,14.33034307,119.2749941,133.2001332,182.1327748,5681.06825,,1
9/8/2015,14.5458777,119.8050006,134.1741581,184.4507977,5932.7436,,1
9/9/2015,14.66361663,120.5099935,135.0347715,185.150898,5733.8658,,1
9/10/2015,14.74121792,120.6149966,136.045167,186.2891207,5896.86735,,1
9/11/2015,14.79082082,120.5800043,136.7334382,186.0465116,5804.7212,,1
9/14/2015,14.68191628,120.2349969,136.1192405,185.4771399,5575.29695,,1
9/15/2015,14.69637294,120.4400059,135.6944162,184.774575,5616.1172,,1
9/16/2015,14.79432194,120.5650014,136.1099769,186.7762421,5998.10875,,1
9/17/2015,14.84362244,120.0050018,137.2401016,187.1082421,5889.8454,,1
9/18/2015,14.70642303,119.9949938,135.6576002,186.3759202,5696.16265,,1
9/21/2015,14.65953236,120.5500022,134.8890538,186.9508319,5897.306,,1
9/22/2015,14.49863713,120.1499953,133.6183859,184.6381093,5896.962,,1
9/23/2015,14.51926707,120.2999993,134.5713901,183.4021091,5744.325,,1
9/24/2015,14.20615979,120.0849962,134.8526735,183.0328544,5784.49445,,1
9/25/2015,14.15708704,120.5800043,134.9892009,183.0663616,5860.188,,1
9/28/2015,14.05382615,119.9249989,134.8617667,181.967064,5677.2495,,1
9/29/2015,14.1299817,119.7349977,134.6892047,181.4058957,5774.81905,,1
9/30/2015,14.07528872,119.8649984,133.9764202,181.3401034,5797.87005,2.69,0.75
10/1/2015,14.21342885,119.9349952,134.2822613,181.4717358,5719.70015,,0.75
10/2/2015,14.3088128,119.9049969,134.4086022,182.0498817,5771.02765,,0.75
10/5/2015,14.33085648,120.4599982,134.7345729,182.4318161,5932.655,,0.75
10/6/2015,14.52749328,120.2500046,135.5472721,183.099881,6243.38,,0.75
10/7/2015,14.61037775,120.0149971,134.8435814,183.8404265,6160.36995,,0.75
10/8/2015,14.73014377,119.9349952,135.2722354,184.0942563,6362.55175,,0.75
10/9/2015,14.88737699,120.2749968,136.6120219,184.0773125,6332.47875,,0.75
10/12/2015,14.82447818,120.035007,136.3047775,184.1959845,5984.9451,,0.75
10/13/2015,14.67986876,119.7450054,136.2769147,182.5483753,5896.2438,,0.75
10/14/2015,14.70296338,118.8300045,136.3326517,183.9249586,5840.4945,,0.75
10/15/2015,14.67997651,118.8900049,135.3363107,183.7728567,5791.1319,,0.75
10/16/2015,14.72493816,119.4450012,135.5289015,184.3657817,6027.1947,,0.75
10/19/2015,14.6925942,119.4949998,135.3088424,184.7575058,5808.65195,,0.75
10/20/2015,14.75296166,119.840004,135.9896648,185.0481125,5837.4064,,0.75
10/21/2015,14.63860933,119.95,136.0081605,184.9454411,5739.6075,,0.75
10/22/2015,14.55095745,120.6899944,134.0482574,185.8045336,5802.7752,,0.75
10/23/2015,14.48246897,121.465004,133.8240214,186.0119048,5829.10535,,0.75
10/26/2015,14.53329942,121.095004,133.8867318,185.8908821,5756.8563,,0.75
10/27/2015,14.25598038,120.4599982,133.1026221,184.2638659,5638.7326,,0.75
10/28/2015,14.12688771,121.095004,132.2488924,184.808723,5939.70975,,0.75
10/29/2015,14.14477174,121.1300024,132.9610424,185.4599407,5911.144,,0.75
10/30/2015,14.21797579,120.6250064,132.7580485,186.115764,5978.175,,0.75
11/2/2015,14.22637,120.754994,133.0406439,186.1504095,5891.63645,,0.75
11/3/2015,14.23224172,121.0649942,132.7756755,186.7239287,6118.6251,,0.75
11/4/2015,14.05678943,121.5549947,132.0829481,187.0382493,5905.1419,,0.75
11/5/2015,14.2345715,121.7500054,132.5205407,185.1337591,5841.565,,0.75
11/6/2015,14.21130794,123.1600049,132.2926313,185.3568119,5840.2472,,0.75
11/9/2015,14.21373189,123.1900001,132.4240217,186.202402,5813.3361,,0.75
11/10/2015,14.27572128,123.1450052,132.0829481,186.202402,5841.9988,,0.75
11/11/2015,14.26798122,122.8450068,131.9870653,186.8809568,5627.52945,,0.75
11/12/2015,14.12688771,122.609994,132.6347901,186.7413632,5402.1966,,0.75
11/13/2015,14.13487498,122.6450013,132.2051824,186.8460389,5348.54845,,0.75
11/16/2015,14.16540949,123.1749931,131.6309069,187.2133296,5488.678,,0.75
11/17/2015,14.21201484,123.4499928,131.4060447,187.8287002,5378.7165,,0.75
11/18/2015,14.25872456,123.6349924,131.7870322,188.377131,5457.2489,,0.75
11/19/2015,14.28673477,122.8650055,131.8826245,187.8639865,5428.1757,,0.75
11/20/2015,14.23740879,122.9100075,130.8472359,186.7239287,5489.1606,,0.75
11/23/2015,14.19537089,122.8450068,130.6506402,185.8045336,5507.14135,,0.75
11/24/2015,14.1719339,122.5349942,130.3865963,184.8599686,5651.3142,,0.75
11/25/2015,14.20071288,122.7200005,130.4035991,185.6493085,5665.9824,,0.75
11/26/2015,14.15368066,122.620007,130.0982242,185.2023335,5574.3052,,0.75
11/27/2015,14.10954652,122.8450068,130.1320841,184.7404397,5510.8267,,0.75
11/30/2015,14.15147741,123.0999977,130.0474673,185.3396349,5491.491,,0.75
12/1/2015,14.25161221,122.8700024,130.6250408,185.3052905,5460.3428,,0.75
12/2/2015,14.2428839,123.2450065,130.8215594,184.280844,5236.68005,,0.75
12/3/2015,14.45306007,122.6150003,134.1111782,185.6837805,5375.4416,,0.75
12/4/2015,14.44898785,123.1749931,134.0931948,186.1330852,5296.525,,0.75
12/7/2015,14.24917533,123.3749971,133.6809037,185.7182654,5025.06375,,0.75
12/8/2015,14.00158218,122.9249953,133.9225927,184.501845,4948.9605,,0.75
12/9/2015,14.00658309,121.4350023,133.8867318,184.3657817,4870.75785,,0.75
12/10/2015,14.0620276,121.6000031,133.0406439,184.3317972,4831.168,,0.75
12/11/2015,13.91856249,120.8649969,132.8197636,183.9249586,4584.40945,,0.75
12/14/2015,13.98063682,121.0300041,133.0317946,183.2676624,4589.4576,,0.75
12/15/2015,14.00324875,121.6800066,132.9610424,182.9993595,4678.596,,0.75
12/16/2015,13.94923872,122.2149952,133.3688984,183.368479,4545.17585,,0.75
12/17/2015,13.97907333,122.5599989,132.6787847,182.6317231,4542.0736,,0.75
12/18/2015,13.86722136,121.2199968,131.7436269,180.5543017,4470.5936,,0.75
12/21/2015,13.79938455,121.1850051,132.2663845,180.3914494,4405.07475,,0.75
12/22/2015,13.88561034,121.0750056,132.6259947,179.4848784,4372.01825,,0.75
12/23/2015,13.86779828,120.9299952,131.9348242,179.8399425,4517.9448,,0.75
12/24/2015,13.84399205,120.4350016,132.1091221,179.6299623,4563.28215,,0.75
12/28/2015,13.83680868,120.4049991,132.0567844,179.1312136,4409.2311,,0.75
12/29/2015,13.81587582,120.4650046,131.5183797,178.4280489,4552.37235,,0.75
12/30/2015,13.7059525,120.515004,131.7523057,178.5714286,4393.9769,,0.75
12/31/2015,13.60729351,120.3200031,130.6762496,177.3364072,4485.5296,0.56,0.75
1/4/2016,13.44971823,119.4399936,129.3661061,175.7778168,4445.5568,,0.75
1/5/2016,13.36362421,119.060007,127.9672404,174.7182668,4336.1652,,0.75
1/6/2016,13.23451562,118.475004,127.7302337,173.2952084,4055.39925,,0.75
1/7/2016,13.24713862,117.6799954,128.6918474,172.0282126,3971.7,,0.75
1/8/2016,13.25679742,117.4549992,128.3944277,170.53206,3940.61525,,0.75
1/11/2016,13.17158625,117.7650039,127.8608874,171.2182176,3715.48575,,0.75
1/12/2016,13.24591033,117.6449966,127.7383918,169.9668565,3630.5247,,0.75
1/13/2016,13.3435634,117.6849949,128,169.5489997,3567.03235,,0.75
1/14/2016,13.45297513,118.0499982,128.2709082,170.1548409,3663.0915,,0.75
1/15/2016,13.25486454,117.0649979,127.7955272,166.9031127,3387.8611,,0.75
1/18/2016,13.1834811,117.344999,127.8200294,167.1262639,3350.19975,,0.75
1/19/2016,13.34783798,117.6400004,128.328521,166.5140288,3383.3264,,0.75
1/20/2016,13.17505698,116.9349935,127.3560876,165.9475606,3260.1478,,0.75
1/21/2016,13.38517859,117.7049974,128,167.4060434,3442.87125,,0.75
1/22/2016,13.59628549,118.7850052,128.2544568,169.4484453,3822.5013,,0.75
1/25/2016,13.50530083,118.2949953,128.3449913,168.5630004,3607.9975,,0.75
1/26/2016,13.6107198,118.4249996,128.7498391,169.9668565,3765.915,,0.75
1/27/2016,13.7014455,118.6749937,129.2741258,168.9189189,3928.1425,,0.75
1/28/2016,13.79491106,118.8250061,129.9798531,170.6484642,4026.97925,,0.75
1/29/2016,13.95176874,121.0549992,131.1819494,172.4732666,4205.4507,,0.75
2/1/2016,13.92301962,120.9850067,131.7349493,174.6114894,4142.5264,,0.75
2/2/2016,13.74069926,119.9649942,130.9929264,172.8757887,3925.2548,,0.75
2/3/2016,13.76178353,117.9150033,130.9157557,172.1763085,4131.7416,,0.75
2/4/2016,13.73286825,116.7650023,130.8814868,170.3722634,4023.7219,,0.75
2/5/2016,13.6107198,116.8999991,130.4461258,169.5346274,3981.614,,0.75
2/8/2016,13.48617667,115.8450012,129.7185108,167.1821449,3808.9836,,0.75
2/9/2016,13.40320873,115.1150028,130.0136514,166.6111296,3490.2868,,0.75
2/10/2016,13.30840226,113.3450026,127.9672404,164.5955065,3495.5598,,0.75
2/11/2016,13.13421858,112.4249971,127.3074475,162.7604167,3379.4955,,0.75
2/12/2016,13.19452691,113.2249966,127.4941034,164.2710472,3777.186,,0.75
2/15/2016,13.28841848,114.5750064,127.8118609,165.3986107,3825.65925,,0.75
2/16/2016,13.22436457,114.074995,127.1294177,163.1853786,3670.9335,,0.75
2/17/2016,13.35586022,114.104998,126.976065,163.132137,3936.6225,,0.75
2/18/2016,13.1813089,113.2449992,125.7861635,162.3508402,3882.0386,,0.75
2/19/2016,13.15902018,112.5700059,125.3446979,162.166545,3715.9357,,0.75
2/22/2016,13.12818358,112.9250003,124.5485116,159.7826955,3917.36825,,0.75
2/23/2016,13.02312255,112.1150013,123.55594,157.2079862,3730.06605,,0.75
2/24/2016,12.9445649,112.1849958,123.55594,156.2377939,3860.28585,,0.75
2/25/2016,13.09440411,112.9950014,124.5640259,157.778479,3987.59355,,0.75
2/26/2016,13.12396239,113.9999977,124.6416552,158.1277672,4001.4,,0.75
2/29/2016,12.96319102,112.6899982,122.5264964,156.8135487,4053.4593,,0.75
3/1/2016,13.17835587,114.0100055,123.8927089,159.0330789,4196.7081,,0.75
3/2/2016,13.09483278,113.4800062,123.3121647,159.7316508,4190.8164,,0.75
3/3/2016,13.24196378,113.6850027,124.5873046,161.1603546,4214.30295,,0.75
3/4/2016,13.42182792,113.7600001,125.1799462,161.8515821,4404.7872,,0.75
3/7/2016,13.34374145,113.4650057,124.9687578,161.8646811,4633.9106,,0.75
3/8/2016,13.14302237,112.6149968,123.9310943,160.0384092,4465.18475,,0.75
3/9/2016,13.30654283,113.3400053,124.8049922,161.2773163,4654.8738,,0.75
3/10/2016,13.28109436,113.195006,126.4942129,161.5900461,4533.45975,,0.75
3/11/2016,13.53006041,113.8150015,126.9116061,163.599182,4596.98785,,0.75
3/14/2016,13.43778975,113.8250027,126.4142595,162.7736632,4499.50225,,0.75
3/15/2016,13.24213914,113.1849999,125.738715,160.1922307,4384.7869,,0.75
3/16/2016,13.31265434,112.5900059,126.3823065,160.5522999,4540.7547,,0.75
3/17/2016,13.383835,111.3849944,126.0795562,161.2773163,4626.9329,,0.75
3/18/2016,13.28877165,111.5699985,125.738715,161.5508885,4596.684,,0.75
3/21/2016,13.29840286,111.9450019,125.8415655,160.8622215,4650.1953,,0.75
3/22/2016,13.37095027,112.3750053,126.0477721,159.6678908,4696.15125,,0.75
3/23/2016,13.25143944,112.3800062,125.6834035,158.6420243,4548.0186,,0.75
3/24/2016,13.30521498,112.9049959,126.1590866,159.8082301,4565.8782,,0.75
3/28/2016,13.45252268,113.4550032,127.0244522,161.7207083,4568.83285,,0.75
3/29/2016,13.4261528,112.6950018,127.2507476,162.1008267,4410.8823,,0.75
3/30/2016,13.5296943,112.4249971,127.4616022,161.6684181,4413.8055,,0.75
3/31/2016,13.61674315,112.5749989,128.1147909,161.6684181,4457.97,1.84,0.5
4/1/2016,13.42993936,111.6649943,127.1617497,158.8562351,4318.08555,,0.5
4/4/2016,13.36487444,111.3250036,126.8311244,158.7931719,4195.83925,,0.5
4/5/2016,13.24933256,110.3249965,125.6360324,156.2866297,4178.00775,,0.5
4/6/2016,13.19435282,109.7949985,125.148614,155.0387597,4374.2328,,0.5
4/7/2016,13.00144966,108.2150011,123.1148046,152.11439,4266.91745,,0.5
4/8/2016,13.11888332,108.0550035,123.1982259,152.6368007,4531.8267,,0.5
4/11/2016,13.1633506,107.9450003,123.1451265,153.7279016,4623.28435,,0.5
4/12/2016,13.28859506,108.5449988,123.5864796,154.9426712,4850.87605,,0.5
4/13/2016,13.27924255,109.344995,123.2817605,155.3036186,4830.8621,,0.5
4/14/2016,13.28568202,109.3999979,123.2741617,154.8467018,4796.096,,0.5
4/15/2016,13.17965852,108.7650017,122.7219734,154.3924656,4687.7715,,0.5
4/18/2016,13.24626124,108.8250001,123.1299637,155.3398058,4669.68075,,0.5
4/19/2016,13.4524322,109.2000019,124.0310078,157.1709234,4808.076,,0.5
4/20/2016,13.53070116,109.845001,124.0925731,157.4555188,5030.901,,0.5
4/21/2016,13.33760137,109.4549962,123.55594,156.7766716,4874.03115,,0.5
4/22/2016,13.56106888,111.7899994,125.5808113,161.0046691,5042.8469,,0.5
4/25/2016,13.54793259,111.2050052,125.305432,161.0435623,4946.3984,,0.5
4/26/2016,13.64405392,111.3150031,125.7703434,162.3244866,5091.5481,,0.5
4/27/2016,13.65700434,111.4650001,126.1988894,162.1008267,5258.9187,,0.5
4/28/2016,13.28109436,108.1150041,122.7445686,157.95293,5204.6561,,0.5
4/29/2016,13.20934165,106.3649985,121.8546274,155.4363877,5119.34745,,0.5
5/2/2016,13.2750999,106.4199993,122.7219734,156.115838,4877.2286,,0.5
5/3/2016,13.12224023,106.6050006,122.5640397,154.9426712,4794.02685,,0.5
5/4/2016,13.12232633,107.0150048,122.9331858,155.0868486,4775.0093,,0.5
5/5/2016,13.12516817,107.2549961,122.324159,155.36394,4827.54755,,0.5
5/6/2016,13.06335728,107.1250017,122.1747098,154.5953467,4860.26125,,0.5
5/9/2016,13.17123928,108.325004,123.3121647,156.0671089,4726.21975,,0.5
5/10/2016,13.30432989,109.2649941,124.2544732,157.8282828,4973.7428,,0.5
5/11/2016,13.27536424,108.4250022,123.8466778,156.6170713,5161.03,,0.5
5/12/2016,13.40788115,109.0250025,124.0310078,157.5423395,5241.922,,0.5
5/13/2016,13.23267677,108.6150055,122.8124041,155.9940722,5195.05545,,0.5
5/16/2016,13.34730351,109.0250025,123.4110823,157.0105197,5338.95425,,0.5
5/17/2016,13.34196113,109.1350036,123.4720336,157.8407387,5378.1728,,0.5
5/18/2016,13.25618235,110.1949989,123.6017551,160.8622215,5391.84135,,0.5
5/19/2016,13.14570037,109.9649948,123.1982259,160.6812887,5367.39165,,0.5
5/20/2016,13.22427713,110.1500034,123.6323175,159.7188947,5366.508,,0.5
5/23/2016,13.08189923,109.235,122.5490196,158.2278481,5281.51225,,0.5
5/24/2016,13.16759718,109.9899953,122.5490196,160.9917089,5346.6139,,0.5
5/25/2016,13.24362981,110.1949989,122.9483002,161.9695497,5481.0993,,0.5
5/26/2016,13.25855508,109.7650019,122.8727653,161.0435623,5443.24635,,0.5
5/27/2016,13.22296565,110.2350001,122.5264964,161.2123166,5436.7902,,0.5
5/30/2016,13.31646581,111.1300032,123.8696891,162.6942162,5529.8288,,0.5
5/31/2016,13.21134855,110.7099965,123.2437762,160.2820965,5501.1799,,0.5
6/1/2016,13.18965404,109.5349998,122.5715511,157.9155152,5446.0802,,0.5
6/2/2016,13.06037157,108.8649964,121.3960546,157.0105197,5447.6046,,0.5
6/3/2016,13.02354657,106.5249969,121.0873645,154.6670791,5287.901,,0.5
6/6/2016,13.16387044,107.5600056,122.1224889,155.3277415,5437.158,,0.5
6/7/2016,13.23355235,107.3600004,121.9363492,156.1402139,5522.5984,,0.5
6/8/2016,13.20349893,106.984997,121.8991894,155.1470018,5617.78235,,0.5
6/9/2016,13.12947633,107.095001,121.1900867,154.8586914,5563.58525,,0.5
6/10/2016,12.93008702,106.984997,120.3731568,152.5436656,5407.0219,,0.5
6/13/2016,12.85760206,106.2449959,119.9688081,151.6415194,5349.43575,,0.5
6/14/2016,12.69043585,106.1150045,118.9343482,149.7902936,5287.71045,,0.5
6/15/2016,12.75982187,106.0150052,119.367353,150.5910699,5191.55455,,0.5
6/16/2016,12.42482978,104.2450024,117.0275015,148.0604086,4919.32155,,0.5
6/17/2016,12.46556388,104.124995,117.4191276,149.4991778,5119.82625,,0.5
6/20/2016,12.55390332,103.9349999,117.5917215,152.7767168,5264.30775,,0.5
6/21/2016,12.59469637,104.7450009,117.7509567,153.4330648,5302.1919,,0.5
6/22/2016,12.58993938,104.4050037,117.9453913,153.5626536,5207.7214,,0.5
6/23/2016,13.02829746,106.1550052,120.8970562,157.95293,5404.35105,,0.5
6/24/2016,12.17137293,102.2300044,113.6492783,139.8503601,4948.9543,,0.5
6/27/2016,11.89732608,102.0050001,112.4416709,134.9254537,4810.5558,,0.5
6/28/2016,12.12422481,102.76,113.7203616,137.1083842,4992.0808,,0.5
6/29/2016,12.25062325,102.8250039,114.3902997,138.0548078,5203.97325,,0.5
6/30/2016,12.34263145,103.2900035,114.7117866,137.4948439,5131.4472,0.93,0.5
7/1/2016,12.29460328,102.5249959,114.1682841,135.9711741,5162.13375,,0.5
7/4/2016,12.3706494,102.5649967,114.416476,136.323359,5138.5065,,0.5
7/5/2016,12.10001876,101.7250017,112.6760563,132.476651,4878.731,,0.5
7/6/2016,12.01562031,101.3249966,112.4669628,131.0186702,4944.66,,0.5
7/7/2016,11.84967502,100.7850043,111.5013659,130.1066875,4676.424,,0.5
7/8/2016,11.79266143,100.5450042,111.1481605,130.2677001,4701.4842,,0.5
7/11/2016,12.08451913,102.8050037,113.6815779,133.5826877,4754.73125,,0.5
7/12/2016,12.40810249,104.6949947,115.7876455,138.6481802,5074.56665,,0.5
7/13/2016,12.39917917,104.4949987,115.8882837,137.3815084,4833.9387,,0.5
7/14/2016,12.59255528,105.3450054,117.1440286,140.5580153,4990.19265,,0.5
7/15/2016,12.36147423,104.8450029,115.7072606,138.3125864,4991.67045,,0.5
7/18/2016,12.56518188,106.1599976,117.5640724,140.7360495,4985.2736,,0.5
7/19/2016,12.4653308,106.1250046,116.9727454,139.1401141,4951.7925,,0.5
7/20/2016,12.57086827,106.8450038,117.6955217,141.1432604,5039.87865,,0.5
7/21/2016,12.45981709,105.8149998,116.6588894,140.0364095,4888.653,,0.5
7/22/2016,12.40294694,106.0750001,116.4212119,139.0723872,4846.56675,,0.5
7/25/2016,12.34080363,105.7850009,116.2993545,139.014388,4730.7052,,0.5
7/26/2016,12.21456098,104.6550022,114.9887886,137.4287089,4695.86985,,0.5
7/27/2016,12.34506938,105.4000004,116.5569089,139.3534002,4581.738,,0.5
7/28/2016,12.30352804,105.2649973,116.5840863,138.5809313,4494.8155,,0.5
7/29/2016,12.08532238,102.0649995,114.064104,134.9983125,4333.6799,,0.5
8/1/2016,12.04819277,102.3949985,114.298777,134.9345567,4314.9253,,0.5
8/2/2016,11.9654438,100.8949992,113.2823563,134.7618085,4217.411,,0.5
8/3/2016,11.97382522,101.2349961,112.8668172,134.9254537,4363.2285,,0.5
8/4/2016,11.99270843,101.2149949,112.6379815,132.6699834,4482.81235,,0.5
8/5/2016,11.97719542,101.8099985,112.8604481,133.0937646,4507.1287,,0.5
8/8/2016,12.09577434,102.4450037,113.6363636,133.5826877,4649.97855,,0.5
8/9/2016,12.12187331,101.8950025,113.3016089,132.4854266,4583.2371,,0.5
8/10/2016,12.25024807,101.2850028,113.1990038,131.7783488,4461.60425,,0.5
8/11/2016,12.36009913,101.9549973,113.5460429,132.0829481,4694.0082,,0.5
8/12/2016,12.34118438,101.3050009,113.0646164,130.9157557,4758.29585,,0.5
8/15/2016,12.32802406,101.2549949,113.2438707,130.4206065,4895.67925,,0.5
8/16/2016,12.23900326,100.3049974,113.13497,130.8557969,4938.01515,,0.5
8/17/2016,12.22142783,100.269997,113.1925972,130.7787877,4998.4595,,0.5
8/18/2016,12.26016061,99.8850024,113.4108307,131.5270288,5083.14765,,0.5
8/19/2016,12.19556813,100.220003,113.5138203,131.0358383,5099.1936,,0.5
8/22/2016,12.22718102,100.3349985,113.5589371,131.830466,4932.4686,,0.5
8/23/2016,12.20293481,100.2449988,113.320868,132.3013825,5008.2402,,0.5
8/24/2016,12.22538724,100.4450015,113.13497,132.9168605,4926.82725,,0.5
8/25/2016,12.23054579,100.5250019,113.4236942,132.5996155,4993.07675,,0.5
8/26/2016,12.30784379,101.8349953,114.0380887,133.7792642,5083.6032,,0.5
8/29/2016,12.31019222,101.9150033,114.0380887,133.5380917,5020.3329,,0.5
8/30/2016,12.34072749,102.9650008,114.7381103,134.6982759,4980.41705,,0.5
8/31/2016,12.41688448,103.4250017,115.4134688,135.8787961,4865.112,,0.5
9/1/2016,12.38719907,103.2450007,115.6002543,136.9863014,4692.48525,,0.5
9/2/2016,12.50875613,103.9900028,116.0092807,138.2361073,4869.8517,,0.5
9/5/2016,12.45353276,103.4350041,115.2870648,137.6178353,4926.60905,,0.5
9/6/2016,12.48665489,102.0150003,114.8237456,137.0989855,4821.2289,,0.5
9/7/2016,12.43672815,101.7349988,114.3706754,135.7220413,4881.2453,,0.5
9/8/2016,12.51862145,102.4950052,115.406809,136.2769147,5123.72505,,0.5
9/9/2016,12.44183442,102.6950045,115.3535587,136.239782,4930.38695,,0.5
9/12/2016,12.36544846,101.8550037,114.4230219,135.8511072,4921.6336,,0.5
9/13/2016,12.38835,102.5550041,115.0681779,135.3179973,4830.3405,,0.5
9/14/2016,12.42961729,102.4250042,115.2272858,135.5564593,4696.18625,,0.5
9/15/2016,12.40248546,102.0949996,114.7907938,135.1533991,4756.60605,,0.5
9/16/2016,12.30458777,102.2949985,114.1357074,132.9964091,4682.04215,,0.5
9/19/2016,12.29649304,101.9350016,113.9017028,132.8197636,4683.91325,,0.5
9/20/2016,12.23930285,101.7099994,113.4494299,132.1003963,4666.4548,,0.5
9/21/2016,12.14306965,100.3149991,112.2397441,130.6847883,4697.75145,,0.5
9/22/2016,12.38627848,100.7500032,112.9177958,131.7609856,4800.7375,,0.5
9/23/2016,12.44841687,100.9950028,113.3722578,131.0272537,4634.66055,,0.5
9/26/2016,12.37286877,100.3349985,112.9177958,130.182907,4750.86225,,0.5
9/27/2016,12.37577813,100.4450015,112.6506703,130.795893,4617.45665,,0.5
9/28/2016,12.52332469,100.6650031,112.9050469,131.0530109,4901.37885,,0.5
9/29/2016,12.5520124,101.0249996,113.3786848,131.0186702,4974.471,,0.5
9/30/2016,12.6905969,101.3450002,113.9211666,131.5097317,4971.9857,-1.05,0.5
10/3/2016,12.73601426,101.6450024,113.9536209,130.539782,5172.71405,,0.5
10/4/2016,12.84769063,102.8950023,115.2937107,130.9671927,5234.26865,,0.5
10/5/2016,12.90930567,103.5050002,115.9823707,131.9522333,5367.7693,,0.5
10/6/2016,12.91005564,103.9450039,115.9017153,131.1045559,5458.15195,,0.5
10/7/2016,12.71835831,102.9149952,115.2737752,127.9672404,5344.37595,,0.5
10/10/2016,12.81385947,103.6049981,115.3934918,128.0901755,5505.5697,,0.5
10/11/2016,12.65198193,103.5149966,114.4295686,125.4862593,5425.22115,,0.5
10/12/2016,12.6844799,104.2050054,114.7183664,127.2183703,5398.86105,,0.5
10/13/2016,12.72143243,103.6949949,114.6526026,127.0809506,5395.25085,,0.5
10/14/2016,12.67491381,104.1949947,114.3118427,126.976065,5412.93025,,0.5
10/17/2016,12.69970283,103.8950029,114.279184,126.5822785,5352.6704,,0.5
10/18/2016,12.74039533,103.8650037,114.0510949,127.7220768,5367.7432,,0.5
10/19/2016,12.71633668,103.4449977,113.5202634,127.1051795,5448.44815,,0.5
10/20/2016,12.7025259,103.9549991,113.6234519,127.3641979,5341.2079,,0.5
10/21/2016,12.59001863,103.8350004,113.0135051,127.0486596,5376.5763,,0.5
10/24/2016,12.62100387,104.1849967,113.3658315,127.5103602,5361.3601,,0.5
10/25/2016,12.58368148,104.2299972,113.4880554,127.0325203,5293.8417,,0.5
10/26/2016,12.62076494,104.4749985,113.9731023,127.9344975,5221.6605,,0.5
10/27/2016,12.73747429,105.2900013,114.7315282,128.0573697,5313.9863,,0.5
10/28/2016,12.6695342,104.7050031,115.0417026,127.5835672,5204.88555,,0.5
10/31/2016,12.69091901,104.820001,115.1079137,128.3367556,5062.806,,0.5
11/1/2016,12.67828843,104.1550035,115.1476769,127.5184902,5014.0217,,0.5
11/2/2016,12.61304441,103.3049954,114.6394589,127.0971022,4840.8723,,0.5
11/3/2016,12.5802779,102.9849996,114.3706754,128.328521,4773.35475,,0.5
11/4/2016,12.64078676,103.1400046,114.9095088,129.1155584,4701.1212,,0.5
11/7/2016,12.68625001,104.4650013,115.3336024,129.516902,4821.05975,,0.5
11/8/2016,12.77865454,105.1600015,115.9487507,130.1574906,4841.5664,,0.5
11/9/2016,12.66327713,105.6649963,115.2737752,131.0873697,4898.6294,,0.5
11/10/2016,12.77041351,106.8249956,116.3670216,134.1201717,4896.858,,0.5
11/11/2016,12.69140221,106.6800031,115.8144652,134.4357061,4773.93,,0.5
11/14/2016,12.79500483,108.4250022,116.4144354,135.4371233,4817.32275,,0.5
11/15/2016,12.94674357,109.1750016,117.0548987,135.9896648,5125.76625,,0.5
11/16/2016,12.8666182,109.074996,116.6180758,135.7220413,5086.16725,,0.5
11/17/2016,12.89365954,110.1149986,117.0069619,136.7240908,5119.24635,,0.5
11/18/2016,12.90672311,110.9499994,117.4743025,136.9675387,5199.117,,0.5
11/21/2016,12.97075743,110.829997,117.806444,138.4657989,5419.587,,0.5
11/22/2016,13.04656973,111.1250017,118.1125613,138.0834024,5458.46,,0.5
11/23/2016,13.06361326,112.5149982,118.7366421,139.9286364,5507.60925,,0.5
11/24/2016,13.18113516,113.3400053,119.6172249,141.1333004,5553.66,,0.5
11/25/2016,13.18209081,113.0799972,119.7174668,141.0835214,5341.8992,,0.5
11/28/2016,13.11045559,111.9350025,118.8142339,138.9757487,5399.7444,,0.5
11/29/2016,13.171673,112.384995,119.6673248,140.3607271,5212.4163,,0.5
11/30/2016,13.42795566,114.4649992,121.1974306,143.1536755,5777.04855,,0.5
12/1/2016,13.54857503,114.0949996,121.6471018,143.6575205,6154.2843,,0.5
12/2/2016,13.48899635,113.5799996,121.2194678,144.571346,6185.5668,,0.5
12/5/2016,13.59859662,113.8449975,122.5415109,144.9590491,6254.6443,,0.5
12/6/2016,13.56318409,114.0149971,122.2045705,144.5504481,6148.82895,,0.5
12/7/2016,13.60322124,113.7649956,122.3316411,143.636886,6029.545,,0.5
12/8/2016,13.52246758,114.0349937,121.0507203,143.523502,6145.34615,,0.5
12/9/2016,13.57386217,115.4000035,121.8843318,145.137881,6269.682,,0.5
12/12/2016,13.6317784,115.025003,122.324159,145.8044762,6405.74225,,0.5
12/13/2016,13.67296991,115.1849998,122.406512,145.8044762,6418.1082,,0.5
12/14/2016,13.64824381,117.0450068,123.3197682,147.0588235,6308.7255,,0.5
12/15/2016,13.63354397,118.1749952,123.0693496,146.7566774,6383.8135,,0.5
12/16/2016,13.60414654,117.9899933,123.3121647,147.4491301,6514.2279,,0.5
12/19/2016,13.4801774,117.0849957,121.7952622,145.1800232,6430.3082,,0.5
12/20/2016,13.53912808,117.8800036,122.4289912,145.71949,6524.658,,0.5
12/21/2016,13.53876147,117.550004,122.5415109,145.22219,6401.773,,0.5
12/22/2016,13.48726802,117.5400006,122.6692836,144.37306,6470.577,,0.5
12/23/2016,13.4877228,117.3499977,122.7069145,144.2481067,6473.026,,0.5
12/27/2016,13.48744993,117.4250012,122.7897839,144.092219,6586.36825,,0.5
12/28/2016,13.44095054,117.2549995,122.1001221,143.3486239,6592.0761,,0.5
12/29/2016,13.48244922,116.5449956,122.2718102,142.9183936,6542.8363,,0.5
12/30/2016,13.53033501,116.8949977,122.92563,144.2377037,6641.9739,1.85,0.5
1/3/2017,13.60331377,117.7550055,122.5415109,144.1129846,6531.86985,,0.5
1/4/2017,13.65075898,117.2649957,123.00123,144.4877908,6620.7819,,0.5
1/5/2017,13.60423908,115.3549958,122.3540927,143.2664756,6562.54595,,0.5
1/6/2017,13.6980672,116.9249988,123.1602931,143.66784,6676.4175,,0.5
1/9/2017,13.58621814,116.025002,122.6843332,141.1133846,6374.4135,,0.5
1/10/2017,13.45188932,115.7700048,122.1896383,140.9741312,6209.9028,,0.5
1/11/2017,13.49609625,115.4100056,122.1299463,140.944327,6359.091,,0.5
1/12/2017,13.45107508,114.7149975,121.7359547,139.4797406,6425.18715,,0.5
1/13/2017,13.47336652,114.529997,121.9066195,139.4797406,6350.6885,,0.5
1/16/2017,13.38625366,114.2000056,121.0873645,137.5988992,6379.212,,0.5
1/17/2017,13.3336889,112.6350001,120.6709304,139.8210291,6247.86345,,0.5
1/18/2017,13.49855565,114.6649999,121.8991894,140.5678943,6182.7368,,0.5
1/19/2017,13.59776453,114.8700022,122.4964782,141.7735876,6221.3592,,0.5
1/20/2017,13.62657728,114.6250043,122.6843332,141.8439716,6360.54125,,0.5
1/23/2017,13.5021097,112.7000059,121.3224143,141.2728685,6224.421,,0.5
1/24/2017,13.62416382,113.7950042,122.1001221,142.4704374,6308.7948,,0.5
1/25/2017,13.62954886,113.2849999,121.7581882,143.1331854,6239.7378,,0.5
1/26/2017,13.73277395,114.5349948,122.3540927,144.2273022,6441.4484,,0.5
1/27/2017,13.79538682,115.080003,123.1223836,144.4877908,6389.2416,,0.5
1/30/2017,13.68344713,113.7750011,121.676705,142.0656343,6283.79325,,0.5
1/31/2017,13.67876782,112.7950026,121.8100981,141.9043565,6282.6815,,0.5
2/1/2017,13.75402305,113.2449992,121.9660934,143.3486239,6432.316,,0.5
2/2/2017,13.66979249,112.8050036,121.3592233,141.3227812,6380.2508,,0.5
2/3/2017,13.73145396,112.7049977,121.5436038,140.7360495,6402.77105,,0.5
2/6/2017,13.53912808,111.7450033,120.127335,139.3436912,6226.4314,,0.5
2/7/2017,13.5065777,112.384995,120.0624325,140.5876564,6186.79425,,0.5
2/8/2017,13.46193973,111.9350025,119.7819968,140.390285,6169.8572,,0.5
2/9/2017,13.58714113,113.2550032,120.6927765,141.5428167,6300.37565,,0.5
2/10/2017,13.53363107,113.214998,120.4674136,141.4227125,6419.2905,,0.5
2/13/2017,13.55638099,113.745003,120.5472847,142.4602892,6323.08455,,0.5
2/14/2017,13.60423908,114.2600025,120.860527,142.4704374,6395.1322,,0.5
2/15/2017,13.69047212,114.1649995,121.0287443,142.2475107,6364.69875,,0.5
2/16/2017,13.66437561,113.234997,120.867831,141.412713,6301.52775,,0.5
2/17/2017,13.53720362,112.8749961,119.8035222,140.1345291,6299.55375,,0.5
2/20/2017,13.56566801,113.0999997,120.0408139,140.934395,6353.958,,0.5
2/21/2017,13.59850416,113.6850027,119.7891711,141.7936902,6441.3921,,0.5
2/22/2017,13.54141982,113.2949981,119.5957663,141.0636197,6326.3928,,0.5
2/23/2017,13.50356832,112.5950006,119.1540066,141.3727292,6370.6251,,0.5
2/24/2017,13.39423244,112.190005,118.5044735,139.8797035,6281.5181,,0.5
2/27/2017,13.46592784,112.7049977,119.3246226,140.2229545,6303.59065,,0.5
2/28/2017,13.43517194,112.7800046,119.2890373,139.6258028,6269.4402,,0.5
3/1/2017,13.5242964,113.7350029,119.9544173,139.8210291,6410.1046,,0.5
3/2/2017,13.48590386,114.4049962,120.1995312,140.3311816,6301.4274,,0.5
3/3/2017,13.53692874,114.0149971,121.1166959,140.1836406,6373.4385,,0.5
3/6/2017,13.41255684,113.8849953,120.5109665,139.3534002,6378.69885,,0.5
3/7/2017,13.48444906,113.9850023,120.4383958,139.0627173,6374.0412,,0.5
3/8/2017,13.37738954,114.3499986,120.5400193,139.1691601,6073.1285,,0.5
3/9/2017,13.39234895,114.9449994,121.5805471,139.8503601,5998.97955,,0.5
3/10/2017,13.33884672,114.7499993,122.4589762,139.6648045,5894.7075,,0.5
3/13/2017,13.41138761,114.880005,122.3840411,140.3705783,5899.088,,0.5
3/14/2017,13.31256573,114.7449959,121.676705,139.4602887,5842.8154,,0.5
3/15/2017,13.34525509,113.379996,121.7137293,139.3631106,5874.2178,,0.5
3/16/2017,13.31673181,113.3149997,121.9958521,140.0560224,5862.9181,,0.5
3/17/2017,13.2946901,112.7149954,121.0287443,139.7038279,5834.1284,,0.5
3/20/2017,13.27836092,112.5550042,120.875136,139.091731,5810.0891,,0.5
3/21/2017,13.19583276,111.7250028,120.7802404,139.4116827,5693.506,,0.5
3/22/2017,13.13637528,111.155005,120.0264058,138.7828742,5628.8892,,0.5
3/23/2017,13.06839344,110.9450018,119.6243794,138.8985346,5609.3792,,0.5
3/24/2017,13.10487174,111.3449975,120.2356619,138.8599597,5656.326,,0.5
3/27/2017,13.03424095,110.6599995,120.2356619,138.9854065,5615.995,,0.5
3/28/2017,13.03933969,111.155005,120.1923077,138.3891503,5705.58615,,0.5
3/29/2017,13.06489333,111.0450023,119.5600191,138.0738695,5820.9789,,0.5
3/30/2017,13.07163912,111.9149965,119.4814505,139.5673412,5927.0184,,0.5
3/31/2017,12.95831957,111.3949951,118.666192,139.8503601,5884.99785,1.33,0.5
4/3/2017,12.9269948,110.8950014,118.3081928,138.475386,5890.7424,,0.5
4/4/2017,12.89341018,110.7450004,118.2033097,137.7695116,5999.05665,,0.5
4/5/2017,12.85785004,110.704996,118.049817,138.1883507,6017.9238,,0.5
4/6/2017,12.8481033,110.8150011,117.9523473,138.1788034,6082.63535,,0.5
4/7/2017,12.82881866,111.0700029,117.6193837,137.4381528,6135.5068,,0.5
4/10/2017,12.86024769,110.9349956,117.5502527,137.7220768,6210.1413,,0.5
4/11/2017,12.75079214,109.619999,116.2182579,136.9112815,6163.9326,,0.5
4/12/2017,12.75469532,109.029995,116.2925922,136.7240908,6090.4158,,0.5
4/13/2017,12.70696469,109.0949992,115.7943492,136.4070386,6097.31955,,0.5
4/17/2017,12.7260464,108.9049984,115.9151501,136.8363437,6028.9808,,0.5
4/18/2017,12.73917807,108.4250022,116.3534819,139.1982183,5951.44825,,0.5
4/19/2017,12.68753767,108.8649964,116.6044776,139.1207568,5762.22445,,0.5
4/20/2017,12.68037838,109.3200001,117.1646163,140.0854521,5792.8668,,0.5
4/21/2017,12.58059443,109.0850026,117.0275015,139.7721714,5668.0566,,0.5
4/24/2017,12.84150374,109.7650019,119.2819228,140.4395759,5663.874,,0.5
4/25/2017,12.96899114,111.0950023,121.3813194,142.6635281,5788.0495,,0.5
4/26/2017,12.93744744,111.0550037,121.0873645,142.6533524,5754.8701,,0.5
4/27/2017,12.99106215,111.265003,120.9774982,143.5750179,5723.4716,,0.5
4/28/2017,12.99511384,111.5449964,121.5509906,144.4564825,5770.22285,,0.5
5/1/2017,13.01236174,111.8399972,121.8991894,144.1129846,5761.9968,,0.5
5/2/2017,13.03670484,111.9850048,122.3990208,144.8960371,5650.7631,,0.5
5/3/2017,13.03169308,112.7550039,122.7370359,145.0852376,5726.82645,,0.5
5/4/2017,12.95991498,112.4599938,123.5330451,145.3382748,5440.8148,,0.5
5/5/2017,13.11733456,112.7249949,123.9695035,146.3271876,5534.7975,,0.5
5/8/2017,13.09766272,113.2550032,123.7240953,146.5523558,5588.0017,,0.5
5/9/2017,13.11630225,113.9850023,123.954137,147.4382602,5554.48905,,0.5
5/10/2017,13.25591877,114.2849959,124.2004595,147.8633742,5739.3927,,0.5
5/11/2017,13.24178844,113.8649994,123.6705417,146.7243783,5780.92605,,0.5
5/12/2017,13.24231449,113.3450026,123.9003841,146.113384,5762.4598,,0.5
5/15/2017,13.302914,113.7849953,124.8829223,146.713615,5896.3387,,0.5
5/16/2017,13.36541032,113.1199966,125.3604112,146.1240593,5842.648,,0.5
5/17/2017,13.18608868,110.8199993,123.6552492,143.7607821,5785.9122,,0.5
5/18/2017,13.14682373,111.4950008,123.7853562,144.1961067,5854.60245,,0.5
5/19/2017,13.28700597,111.2749945,124.7038284,145.0536699,5965.45275,,0.5
5/22/2017,13.34846159,111.2949952,125.0625313,144.6863922,5995.46165,,0.5
5/23/2017,13.34846159,111.7850008,125.015627,144.9065353,6053.15775,,0.5
5/24/2017,13.38374544,111.4999983,125.0938204,144.6549978,6016.54,,0.5
5/25/2017,13.31611116,111.8349942,125.3682693,144.7073294,5755.0291,,0.5
5/26/2017,13.29168605,111.3449975,124.5174947,142.551675,5806.64175,,0.5
5/29/2017,13.22506414,111.2600017,124.2081729,142.8673477,5817.7854,,0.5
5/30/2017,13.14639164,110.8499978,123.9848738,142.5313569,5746.464,,0.5
5/31/2017,13.13232127,110.7749952,124.5485116,142.7959446,5573.09025,,0.5
6/1/2017,13.17314786,111.3550033,124.8673285,143.4411533,5637.90365,,0.5
6/2/2017,13.12344569,110.4150058,124.5717845,142.2879909,5515.22925,,0.5
6/5/2017,13.07044315,110.4650013,124.3085338,142.5212,5464.70355,,0.5
6/6/2017,12.9428895,109.4050009,123.3806292,141.2529133,5483.3786,,0.5
6/7/2017,12.92791395,109.8150013,123.6170344,142.3183662,5277.7089,,0.5
6/8/2017,12.94967755,110.0049986,123.3654083,142.4907381,5264.8393,,0.5
6/9/2017,12.99139969,110.3449981,123.5406758,140.637086,5313.11175,,0.5
6/12/2017,12.97294492,109.935002,123.1602931,139.1401141,5308.76115,,0.5
6/13/2017,13.05644956,110.0699957,123.3806292,140.380431,5362.6104,,0.5
6/14/2017,13.00796087,109.5750035,122.9180751,139.7331098,5150.025,,0.5
6/15/2017,13.03806463,110.9349956,123.6170344,141.4827391,5205.0702,,0.5
6/16/2017,13.12465138,110.8650031,124.1387872,141.6430595,5251.67505,,0.5
6/19/2017,13.11690441,111.5250052,124.3394467,142.0555437,5231.63775,,0.5
6/20/2017,13.04325142,111.4450003,124.100273,140.775674,5128.6989,,0.5
6/21/2017,13.05304103,111.3799948,124.3781095,141.1233418,4992.0516,,0.5
6/22/2017,13.11312033,111.3299983,124.1541995,141.1831145,5034.3426,,0.5
6/23/2017,13.1728008,111.2900036,124.5717845,141.5428167,5068.1466,,0.5
6/26/2017,13.18765372,111.8450007,125.0547114,142.2778687,5125.85635,,0.5
6/27/2017,13.34409757,112.3550059,127.3966495,143.9884809,5241.36075,,0.5
6/28/2017,13.32791332,112.2999937,127.7791975,145.158949,5312.913,,0.5
6/29/2017,13.37560023,112.1799995,128.3449913,145.9214942,5319.5756,,0.5
6/30/2017,13.46320842,112.3800062,128.4026708,146.3914507,5385.2496,2.42,0.5
7/3/2017,13.54912574,113.3849968,128.8410745,146.6705779,5632.9668,,0.5
7/4/2017,13.55729993,113.2799951,128.5181853,146.3593121,5619.8208,,0.5
7/5/2017,13.49673379,113.264996,128.5760206,146.5094132,5412.93435,,0.5
7/6/2017,13.5605172,113.2199971,129.3326436,146.8644441,5447.0142,,0.5
7/7/2017,13.61581613,113.8949959,129.8532658,146.8320975,5320.03545,,0.5
7/10/2017,13.69365915,114.0400004,129.9967501,146.896805,5346.1952,,0.5
7/11/2017,13.76538282,113.9400008,130.667712,146.4021668,5414.4288,,0.5
7/12/2017,13.66008251,113.1550048,129.1322314,145.7938475,5402.0197,,0.5
7/13/2017,13.71478728,113.2799951,129.1155584,146.5845793,5485.0176,,0.5
7/14/2017,13.74853922,112.5300019,129.0655653,147.3730749,5503.8423,,0.5
7/17/2017,13.80481374,112.6350001,129.2908397,147.0480112,5453.7867,,0.5
7/18/2017,13.85626892,112.075006,129.5001295,146.1454147,5473.743,,0.5
7/19/2017,13.90462816,111.9749982,128.9407517,145.7725948,5565.1575,,0.5
7/20/2017,13.90820584,111.9099993,130.1490206,145.1694854,5517.163,,0.5
7/21/2017,13.82705124,111.1250017,129.6008294,144.4147592,5340.6675,,0.5
7/24/2017,13.87636162,111.1050003,129.3493727,144.749222,5399.703,,0.5
7/25/2017,14.03380744,111.8900023,130.318629,145.7301078,5616.878,,0.5
7/26/2017,14.08579659,111.1699942,130.4546344,145.8789205,5666.3349,,0.5
7/27/2017,13.98992725,111.2500006,129.9038711,145.3699666,5728.2625,,0.5
7/28/2017,13.9869921,110.6649959,130.055924,145.3699666,5812.1258,,0.5
7/31/2017,14.01954324,110.2550055,130.565348,145.6982589,5804.92575,,0.5
8/1/2017,13.91991871,110.3600009,130.2422506,145.7088737,5714.4408,,0.5
8/2/2017,14.02082092,110.7350058,131.2852829,146.4236035,5798.0846,,0.5
8/3/2017,13.91817505,110.0449952,130.6250408,144.5922499,5723.44045,,0.5
8/4/2017,13.92592799,110.6849985,130.3016483,144.2897338,5802.1077,,0.5
8/7/2017,13.97506848,110.7450004,130.6250408,144.3626389,5799.71565,,0.5
8/8/2017,13.86356862,110.3150045,129.6512382,143.307538,5751.8241,,0.5
8/9/2017,13.83585146,110.0849966,129.4498382,143.1639227,5801.4795,,0.5
8/10/2017,13.73013421,109.2150051,128.5677552,141.713314,5668.2585,,0.5
8/11/2017,13.76235171,109.1850027,129.0572369,142.0757264,5688.5385,,0.5
8/14/2017,13.78901429,109.6349977,129.1489087,142.1464108,5561.78355,,0.5
8/15/2017,13.90772226,110.6750024,129.8785635,142.4298533,5622.29,,0.5
8/16/2017,13.90868945,110.1949989,129.6764572,142.0656343,5539.50265,,0.5
8/17/2017,13.7501461,109.5699969,128.4604021,140.9940078,5591.3571,,0.5
8/18/2017,13.81053329,109.1950057,128.4356537,140.5975395,5756.7604,,0.5
8/21/2017,13.79776614,108.9799952,128.7581279,140.5876564,5629.9068,,0.5
8/22/2017,13.85262196,109.5699969,128.882588,140.5086413,5683.3959,,0.5
8/23/2017,13.85770904,109.0349999,128.7415513,139.5673412,5731.96995,,0.5
8/24/2017,13.96745583,109.555004,129.2657704,140.2229545,5701.2422,,0.5
8/25/2017,14.09542603,109.3550034,130.3950971,140.944327,5731.29555,,0.5
8/28/2017,14.09274435,109.2550022,130.8814868,141.2928294,5669.24195,,0.5
8/29/2017,14.16400501,109.7550027,131.4060447,141.7936902,5707.26,,0.5
8/30/2017,14.11582031,110.2350001,131.0186702,142.5008906,5606.5521,,0.5
8/31/2017,14.16962458,109.9749961,130.9843474,142.2070535,5760.4905,,0.5
9/1/2017,14.13857215,110.2649988,130.7616868,142.7959446,5816.47875,,0.5
9/4/2017,14.05155516,109.7399952,130.5483029,141.9144256,5743.7916,,0.5
9/5/2017,13.98738338,108.8150057,129.642834,141.8238548,5808.5447,,0.5
9/6/2017,14.00138614,109.235,130.1744337,142.4704374,5920.537,,0.5
9/7/2017,14.024557,108.455,130.3950971,142.0858198,5909.71295,,0.5
9/8/2017,13.93427204,107.8450013,129.7942761,142.3386236,5799.9041,,0.5
9/11/2017,13.95274206,109.4050009,130.7702367,144.0195867,5890.3652,,0.5
9/12/2017,14.06133555,110.1750031,131.8391562,146.3486024,5979.19725,,0.5
9/13/2017,14.02259039,110.4850049,131.3197636,145.9640928,6094.3526,,0.5
9/14/2017,13.99736849,110.2350001,131.3887794,147.6886723,6114.73545,,0.5
9/15/2017,14.11890946,110.8449969,132.3889588,150.6704837,6165.1989,,0.5
9/18/2017,14.24521717,111.5699985,133.3688984,150.5457283,6189.9036,,0.5
9/19/2017,14.30758445,111.5949994,133.8508901,150.7613448,6153.3483,,0.5
9/20/2017,14.26910098,112.2249941,133.4668001,151.4348452,6317.14525,,0.5
9/21/2017,14.41545337,112.4699986,134.3183345,152.7533797,6346.6821,,0.5
9/22/2017,14.35708953,111.9850048,133.7971635,151.1030523,6367.4671,,0.5
9/25/2017,14.29173723,111.7350021,132.3801959,150.466446,6594.5997,,0.5
9/26/2017,14.22363826,112.2349949,132.3539144,151.0574018,6559.0134,,0.5
9/27/2017,14.18711384,112.830001,132.5293221,151.0345869,6532.857,,0.5
9/28/2017,14.15027593,112.3449962,132.4064879,151.0117789,6449.72645,,0.5
9/29/2017,14.12928294,112.490001,132.899196,150.7045437,6472.6746,3.79,0.5
10/2/2017,14.09234715,112.7649977,132.310135,149.7230124,6328.3718,,0.5
10/3/2017,14.14097134,112.8549967,132.5381047,149.4209936,6319.88,,0.5
10/4/2017,14.16761708,112.7550039,132.6084074,149.3651979,6291.729,,0.5
10/5/2017,14.09373745,112.8199956,132.1265773,148.0056242,6430.74,,0.5
10/6/2017,14.10268162,112.644998,132.1789703,147.1778644,6265.3149,,0.5
10/9/2017,14.11084065,112.6700007,132.2838812,148.0713704,6285.8593,,0.5
10/10/2017,14.14157127,112.4549983,132.7756755,148.4780995,6366.07755,,0.5
10/11/2017,14.20192294,112.4949996,133.4044824,148.7431206,6405.4653,,0.5
10/12/2017,14.20898576,112.2850009,132.837407,148.9203276,6316.03125,,0.5
10/13/2017,14.17896692,111.8549966,132.2488924,148.6104919,6394.75035,,0.5
10/16/2017,14.20414193,112.190005,132.3451562,148.6436269,6486.8258,,0.5
10/17/2017,14.122698,112.2049976,132.0219156,148.0165779,6494.4254,,0.5
10/18/2017,14.18711384,112.9349988,133.1203408,149.1313101,6567.17025,,0.5
10/19/2017,14.19244962,112.5449969,133.386688,148.1042654,6440.95035,,0.5
10/20/2017,14.21645982,113.5150058,133.7882133,149.7230124,6555.49125,,0.5
10/23/2017,14.17685628,113.4350036,133.2711401,149.7118048,6507.76595,,0.5
10/24/2017,14.22839418,113.9000033,133.9584729,149.6222039,6643.787,,0.5
10/25/2017,14.19184537,113.745003,134.3634531,150.8750754,6647.2578,,0.5
10/26/2017,13.95011439,113.9850023,132.7933072,150.0037501,6759.3105,,0.5
10/27/2017,13.95527335,113.6850027,131.9870653,149.2537313,6871.1214,,0.5
10/30/2017,13.88512833,113.1849999,131.8652337,149.4880036,6892.9665,,0.5
10/31/2017,13.91043074,113.6349949,132.3363991,150.9433962,6973.77995,,0.5
11/1/2017,14.00952648,114.1749972,132.6611833,151.2287335,6906.44575,,0.5
11/2/2017,14.02259039,114.0949996,132.9964091,148.9868892,6916.4389,,0.5
11/3/2017,13.95926686,114.074995,132.4327904,149.1646778,7080.63525,,0.5
11/6/2017,13.97594739,113.6999969,132.0132013,149.7678598,7307.499,,0.5
11/7/2017,13.95235272,114.0149971,132.1003963,150.1276085,7261.61535,,0.5
11/8/2017,13.94495925,113.8749965,132.0393477,149.3540438,7229.92375,,0.5
11/9/2017,13.95293674,113.474997,132.0916716,149.1535536,7254.45675,,0.5
11/10/2017,13.95722112,113.5349949,132.4415602,149.7566455,7211.7432,,0.5
11/13/2017,13.91255956,113.6250011,132.5556734,149.0312966,7176.555,,0.5
11/14/2017,13.8697217,113.4550032,133.8508901,149.3651979,7058.03555,,0.5
11/15/2017,13.69262789,112.8749961,133.1026221,148.6767767,6983.57625,,0.5
11/16/2017,13.77514826,113.0649999,133.076053,149.1869312,6937.6684,,0.5
11/17/2017,13.60340629,112.0850053,132.2051824,148.1042654,7029.9712,,0.5
11/20/2017,13.57994514,112.6250039,132.1353066,149.0646195,7007.5275,,0.5
11/21/2017,13.69225292,112.4449961,131.9870653,148.8759863,7035.68365,,0.5
11/22/2017,13.6402387,111.2149983,131.4751512,148.214021,7042.1338,,0.5
11/23/2017,13.6672703,111.2199955,131.813089,148.0275331,7068.031,,0.5
11/24/2017,13.71986774,111.5449964,133.076053,148.7763148,7123.2637,,0.5
11/27/2017,13.62778433,111.0950023,132.1789703,147.9618258,7092.3048,,0.5
11/28/2017,13.52182761,111.4849946,132.0132013,148.7209994,7091.56085,,0.5
11/29/2017,13.55766754,111.9300035,132.6084074,150.0938086,7063.9023,,0.5
11/30/2017,13.52713205,112.535004,133.9584729,152.2185859,7153.84995,,0.5
12/1/2017,13.53436375,112.1099987,133.3155579,151.0345869,7144.7703,,0.5
12/4/2017,13.50347715,112.4150002,133.3955846,151.5266308,7020.31675,,0.5
12/5/2017,13.62574175,112.5950006,133.1557923,151.3660789,7077.7217,,0.5
12/6/2017,13.57635,112.2949999,132.4591033,150.3872472,6874.6999,,0.5
12/7/2017,13.59785698,113.0849972,133.1380642,152.3693433,7033.887,,0.5
12/8/2017,13.67194176,113.485003,133.5113485,151.9641365,7194.949,,0.5
12/11/2017,13.54481301,113.5599945,133.6541032,151.4807241,7346.1964,,0.5
12/12/2017,13.6045167,113.5449986,133.324445,151.2058668,7191.9403,,0.5
12/13/2017,13.51890281,112.5449969,133.1026221,151.0345869,7027.3098,,0.5
12/14/2017,13.54279523,112.3899969,132.3714342,150.9433962,7115.4109,,0.5
12/15/2017,13.43336714,112.5849989,132.3363991,149.9812523,7118.74955,,0.5
12/18/2017,13.46266467,112.5500003,132.5996155,150.6250941,7136.7955,,0.5
12/19/2017,13.52511953,112.889994,133.6630355,151.1144692,7202.382,,0.5
12/20/2017,13.48081343,113.3949998,134.6076188,151.6645181,7320.7812,,0.5
12/21/2017,13.56612809,113.3299992,134.562336,151.6990291,7355.117,,0.5
12/22/2017,13.60192603,113.2699995,134.3273558,151.3546239,7390.8675,,0.5
12/26/2017,13.62564892,113.234997,134.2822613,151.4463123,7589.0097,,0.5
12/27/2017,13.70510721,113.3549985,134.7527287,151.8602885,7531.3062,,0.5
12/28/2017,13.68073274,112.8849985,134.8163128,151.7565824,7531.6872,,0.5
12/29/2017,13.7261765,112.684995,135.1990806,152.2881291,7535.24595,1.98,0.5
1/2/2018,13.81616215,112.2949999,135.4187826,152.578578,7475.47815,,0.5
1/3/2018,13.88233334,112.504998,135.171668,152.056565,7632.3392,,0.5
1/4/2018,13.97868251,112.7499949,136.0636778,152.8000611,7674.8925,,0.5
1/5/2018,14.04898882,113.0799972,136.0266612,153.4566101,7646.4696,,0.5
1/8/2018,14.00099407,113.0949984,135.3363107,153.4448366,7665.5791,,0.5
1/9/2018,13.90337157,112.6549978,134.4809037,152.5320317,7752.9171,,0.5
1/10/2018,13.80481374,111.4350031,133.1292019,150.5117399,7711.302,,0.5
1/11/2018,13.88156251,111.2550009,133.8598487,150.6250941,7705.5213,,0.5
1/12/2018,14.01031159,111.0399962,135.3179973,152.4506441,7758.3648,,0.5
1/15/2018,14.02642579,110.5400001,135.5472721,152.4506441,7766.5404,,0.5
1/16/2018,14.02908229,110.4549962,135.4279523,152.3461304,7637.96325,,0.5
1/17/2018,14.12579016,111.2850001,135.6024137,153.8579891,7720.9533,,0.5
1/18/2018,14.15919179,111.11,135.9804188,154.3686323,7701.0341,,0.5
1/19/2018,14.07954945,110.7749952,135.382116,153.4448366,7600.27275,,0.5
1/22/2018,14.12569039,110.919996,136.0081605,155.159038,7656.8076,,0.5
1/23/2018,14.10059363,110.3050022,135.6668023,154.4520812,7716.9378,,0.5
1/24/2018,14.08887261,109.2250016,135.5289015,155.5693839,7703.63925,,0.5
1/25/2018,14.13287731,109.4050009,135.6391997,154.7388781,7704.3001,,0.5
1/26/2018,14.13607385,108.7149964,135.0347715,154.059467,7666.5818,,0.5
1/29/2018,14.12888368,108.9550006,134.9163519,153.3389558,7568.0143,,0.5
1/30/2018,14.08579659,108.7749988,134.8981519,153.881665,7507.6505,,0.5
1/31/2018,14.15949252,109.1850027,135.6391997,154.9907006,7539.22425,,0.5
2/1/2018,14.31659723,109.4050009,136.8644358,156.0671089,7620.05825,,0.5
2/2/2018,14.23720609,110.1049961,137.2118551,155.4968123,7551.0009,,0.5
2/5/2018,13.9215659,109.1049975,134.9345567,152.2881291,7377.6801,,0.5
2/6/2018,14.01846231,109.5650028,135.6024137,152.8234125,7325.5159,,0.5
2/7/2018,13.82772043,109.3249958,134.0931948,151.7680983,7161.88075,,0.5
2/8/2018,13.7216562,108.7450011,133.1823933,151.297375,7047.76345,,0.5
2/9/2018,13.65597859,108.7949986,133.1114809,150.5457283,6831.23805,,0.5
2/12/2018,13.72900321,108.655001,133.5559265,150.3533303,6800.71645,,0.5
2/13/2018,13.69694147,107.8250005,133.1823933,149.7902936,6762.784,,0.5
2/14/2018,13.72335097,107.0150048,133.2356272,149.801513,6887.4854,,0.5
2/15/2018,13.66568274,106.1250046,132.7228084,149.6222039,6827.02125,,0.5
2/16/2018,13.66362879,106.315005,131.8913216,149.298298,6893.4646,,0.5
2/19/2018,13.70369863,106.6000004,132.2576379,149.2871538,7000.422,,0.5
2/20/2018,13.68944133,107.3249953,132.4327904,150.2178158,7002.95625,,0.5
2/21/2018,13.69872396,107.774996,132.3889588,150.0037501,7050.6405,,0.5
2/22/2018,13.59157322,106.7549972,131.6309069,149.0535102,7087.46445,,0.5
2/23/2018,13.62026696,106.8849971,131.3974115,149.2871538,7194.42935,,0.5
2/26/2018,13.66867141,106.9350022,131.7262728,149.3763537,7218.1125,,0.5
2/27/2018,13.64144818,107.3299947,131.302521,149.298298,7151.3979,,0.5
2/28/2018,13.50046914,106.6749959,130.0813008,146.7889908,7017.0815,,0.5
3/1/2018,13.54362062,106.2399955,130.3271211,146.3593121,6781.2992,,0.5
3/2/2018,13.58225071,105.7499975,130.2592158,145.9854015,6807.1275,,0.5
3/5/2018,13.58289642,106.204995,131.0186702,147.0912701,6960.6757,,0.5
3/6/2018,13.64600888,106.1250046,131.6395709,147.3839352,6981.96375,,0.5
3/7/2018,13.58234295,106.0750001,131.6482359,147.4491301,6824.8655,,0.5
3/8/2018,13.54692316,106.204995,130.7616868,146.6920933,6755.70005,,0.5
3/9/2018,13.73201964,106.7950029,131.4405889,147.8961769,6994.00455,,0.5
3/12/2018,13.74051046,106.4150051,131.2594343,147.972773,6911.65425,,0.5
3/13/2018,13.77505338,106.5749951,132.0480655,148.7873828,6889.008,,0.5
3/14/2018,13.75477979,106.3249977,131.4924392,148.4450382,6899.42925,,0.5
3/15/2018,13.78559268,106.345,130.8472359,148.2250056,6925.1864,,0.5
3/16/2018,13.73579204,106.0150052,130.2422506,147.7432223,7019.25315,,0.5
3/19/2018,13.73682981,106.0949985,130.8643591,148.7873828,7007.57475,,0.5
3/20/2018,13.75137514,106.5349951,130.4206065,149.1313101,7182.5897,,0.5
3/21/2018,13.77979881,106.054998,130.8472359,149.970006,7367.64085,,0.5
3/22/2018,13.58381895,105.2750041,129.516902,148.4009794,7254.50025,,0.5
3/23/2018,13.50466248,104.7399981,129.3828438,148.03849,7378.933,,0.5
3/26/2018,13.72297432,105.4099996,131.1561414,149.9812523,7391.3492,,0.5
3/27/2018,13.64936155,105.3450054,130.6591755,149.1313101,7385.73795,,0.5
3/28/2018,13.59046493,106.855005,131.5183797,150.4211793,7429.62815,,0.5
3/29/2018,13.57192782,106.4300004,130.9243257,149.1758037,7478.8361,,0.5
4/2/2018,13.42588242,105.8950055,130.2677001,148.7320592,7162.7378,,0.5
4/3/2018,13.60072356,106.6050006,130.8130028,149.8688647,7261.9326,,0.5
4/4/2018,13.6468469,106.7799958,131.1045559,150.3646342,7263.1756,,0.5
4/5/2018,13.71215445,107.380002,131.4405889,150.3759398,7337.2754,,0.5
4/6/2018,13.65691108,106.9300053,131.345636,150.6818353,7176.0723,,0.5
4/9/2018,13.71422302,106.7650044,131.5356791,150.8750754,7329.41725,,0.5
4/10/2018,13.75279354,107.2050016,132.4591033,151.9641365,7615.8432,,0.5
4/11/2018,13.75761828,106.7950029,132.0742257,151.4004542,7695.6477,,0.5
4/12/2018,13.81263165,107.3349944,132.310135,152.7183873,7730.2667,,0.5
4/13/2018,13.80662442,107.3449954,132.3714342,152.8701368,7791.1001,,0.5
4/16/2018,13.77638177,107.1149958,132.6084074,153.5862387,7650.1533,,0.5
4/17/2018,13.78682806,107.0049965,132.3714342,152.8818224,7659.4179,,0.5
4/18/2018,13.8160667,107.234995,132.6875871,152.2997259,7879.6278,,0.5
4/19/2018,13.7799887,107.3749981,132.5644595,151.3088213,7922.1275,,0.5
4/20/2018,13.76225701,107.6650055,132.3013825,150.7727101,7973.6699,,0.5
4/23/2018,13.78321755,108.7099972,132.7228084,151.5495946,8121.7241,,0.5
4/24/2018,13.79405476,108.7549946,132.8285847,151.6875237,8150.0997,,0.5
