date,newcastle thermal coal 6000kcal,audeur,sgdeur,usdeur,krweur,jpyeur,cnyeur,gold lbma,iron ore 62%,henry hub natural gas
1/7/2014,61.65393,0.6943,0.5868,0.7345,0.68743,0.70215,0.12137,904.96276,98.489105,3.3336017
1/8/2014,61.535564,0.6937,0.5974,0.7366,0.69199,0.7024,0.12174,903.064234,98.7044,3.20472562
1/9/2014,61.342103,0.7108,0.6095,0.7349,0.69149,0.70107,0.12135,902.442502,98.425157,3.04204506
1/10/2014,60.882745,0.6923,0.6228,0.7315,0.68924,0.70223,0.12087,913.27775,97.94785,2.89140005
1/13/2014,59.850462,0.6623,0.5783,0.7314,0.69212,0.71009,0.12102,916.670934,97.42248,3.064566
1/14/2014,59.91276,0.6555,0.5759,0.731,0.6902,0.70143,0.12101,910.23389,97.223,3.18716
1/15/2014,60.30675,0.6553,0.5773,0.735,0.69166,0.703,0.12157,912.7818,96.7995,3.2634735
1/16/2014,60.380608,0.6476,0.5775,0.7342,0.69047,0.70363,0.12124,912.162738,95.95994,3.3321667
1/17/2014,60.77855,0.6486,0.5787,0.7385,0.69694,0.70796,0.12207,926.115925,96.005,3.24459975
1/21/2014,60.518418,0.6493,0.5767,0.7374,0.69222,0.70701,0.12188,915.415734,93.94476,3.3795042
1/22/2014,60.474153,0.6534,0.5772,0.7383,0.69159,0.70623,0.12198,913.387845,92.21367,3.62453619
1/23/2014,59.678374,0.6402,0.5711,0.7301,0.67996,0.70701,0.12064,922.941313,92.06561,4.125065
1/24/2014,59.607424,0.6348,0.5718,0.7312,0.67674,0.71417,0.12088,928.667872,92.64304,3.79149136
1/27/2014,58.504,0.6391,0.573,0.7313,0.67492,0.71316,0.12094,919.324543,92.50945,4.16841
1/28/2014,58.484104,0.6422,0.5737,0.7316,0.67665,0.71061,0.12089,919.496828,91.88896,3.80432
1/29/2014,58.573957,0.6396,0.573,0.7319,0.68404,0.71557,0.12088,927.566146,91.85345,3.80529448
1/30/2014,59.046134,0.6488,0.5785,0.7378,0.68269,0.71821,0.12174,917.660884,92.52012,3.888206
2/7/2014,57.014955,0.6913,0.5868,0.7335,0.68261,0.71634,0.12095,929.542545,91.90755,4.393665
2/10/2014,57.107104,0.6949,0.6205,0.7328,0.68416,0.71663,0.12092,934.158784,91.16032,5.59082432
2/12/2014,56.987322,0.682,0.6157,0.7357,0.69229,0.7175,0.12134,949.899055,90.41753,4.436271
2/13/2014,56.49899,0.6564,0.5779,0.731,0.68553,0.71545,0.12054,952.43452,89.7668,3.88892
2/14/2014,56.349948,0.6598,0.58,0.7303,0.6868,0.71743,0.12039,963.017398,89.8269,4.023953
2/18/2014,55.905456,0.6561,0.5763,0.7268,0.68198,0.71006,0.11979,960.844136,90.19588,4.150028
2/19/2014,56.216601,0.6554,0.5763,0.7281,0.68331,0.71168,0.11984,954.97596,90.21159,4.397724
2/20/2014,56.34397,0.6565,0.5767,0.7289,0.67982,0.71275,0.11981,964.312833,89.6547,4.336955
2/21/2014,56.25894,0.6533,0.5742,0.7278,0.6786,0.71027,0.1195,963.78915,88.4277,4.519638
2/24/2014,56.51464,0.6578,0.5765,0.728,0.67752,0.71033,0.1194,973.31416,87.7968,4.531072
2/25/2014,56.3376,0.6562,0.5757,0.7275,0.67818,0.71165,0.11882,975.21375,86.20875,3.79878675
2/26/2014,56.409626,0.6553,0.5768,0.7306,0.68592,0.71386,0.1193,972.165584,85.99162,3.53522728
2/27/2014,56.280504,0.6539,0.5771,0.7294,0.68232,0.71422,0.11902,971.042926,85.26686,3.32883572
2/28/2014,55.924628,0.6471,0.5715,0.7246,0.67867,0.71191,0.11791,961.102194,83.90868,3.40293898
3/3/2014,55.219104,0.6507,0.5729,0.7281,0.68036,0.71769,0.11847,983.379141,84.31398,4.99360104
3/4/2014,55.072336,0.6728,0.577,0.7277,0.67785,0.71201,0.11845,971.093819,83.17611,5.76680419
3/6/2014,54.4011,0.6799,0.5839,0.7215,0.678,0.70002,0.11791,974.61663,81.02445,3.53801955
3/7/2014,54.167502,0.6868,0.5893,0.7206,0.67925,0.69792,0.1176,965.589588,79.48218,3.437262
3/10/2014,52.200264,0.6933,0.6233,0.7206,0.67571,0.69784,0.11736,965.402232,75.95124,3.3338559
3/11/2014,52.06344,0.6955,0.6205,0.7215,0.67741,0.70041,0.11751,973.310715,74.7474,3.35793315
3/12/2014,51.868704,0.6828,0.619,0.7192,0.67186,0.69996,0.11704,983.031328,74.7968,3.35132816
3/13/2014,52.14993,0.6511,0.5692,0.721,0.67433,0.70799,0.11749,987.97188,75.705,3.1724
3/14/2014,52.465322,0.6492,0.5683,0.7189,0.67015,0.70925,0.1169,994.181188,75.34072,3.155971
3/17/2014,54.30348,0.6527,0.568,0.7183,0.67295,0.70588,0.11627,981.966381,75.4215,3.29663785
3/18/2014,54.32989,0.655,0.5679,0.7177,0.67123,0.70751,0.11585,973.043306,74.92788,3.18816694
3/19/2014,54.550034,0.6537,0.5676,0.7229,0.67522,0.70644,0.11671,961.160611,74.60328,3.21177241
3/20/2014,54.594676,0.656,0.568,0.7258,0.67438,0.70883,0.11652,963.695466,73.95902,3.19352
3/21/2014,54.4475,0.6585,0.569,0.725,0.67107,0.70893,0.11645,967.65025,73.805,3.12475
3/24/2014,53.927638,0.6598,0.5684,0.7226,0.67041,0.70674,0.11666,945.709976,74.21102,3.1884725
3/25/2014,53.697792,0.6629,0.5704,0.7233,0.67,0.70729,0.11664,948.369261,75.51252,3.2534034
3/26/2014,53.694255,0.6694,0.5724,0.7255,0.67504,0.71109,0.11686,946.40024,76.3226,3.2088865
3/27/2014,53.849922,0.6739,0.5756,0.7278,0.67924,0.71221,0.11714,939.815418,76.56456,3.19183968
3/28/2014,53.863704,0.6725,0.5778,0.7272,0.68012,0.70723,0.11705,941.891256,77.15592,3.25974672
3/31/2014,54.203769,0.6728,0.5775,0.7263,0.68204,0.7035,0.11681,932.576463,78.51303,3.24532629
4/2/2014,53.82624,0.6602,0.583,0.7264,0.68744,0.69928,0.11705,936.98336,79.904,3.152576
4/3/2014,53.770953,0.6513,0.5732,0.7289,0.68902,0.70125,0.11734,937.87563,80.10611,3.26758581
4/4/2014,53.654896,0.6781,0.5798,0.7298,0.69258,0.70652,0.11746,951.2943,80.13204,3.26884718
4/8/2014,53.048112,0.6954,0.598,0.7248,0.68877,0.71192,0.11696,948.516768,81.9024,3.30211632
4/9/2014,52.864737,0.7223,0.6154,0.7219,0.69297,0.70763,0.11641,946.98842,81.64689,3.36347648
4/11/2014,52.776256,0.6965,0.6185,0.7202,0.6956,0.70871,0.11596,949.526084,81.3826,3.34921808
4/14/2014,53.59688,0.6819,0.5773,0.7235,0.69648,0.71043,0.11634,960.800765,82.0449,3.3486474
4/15/2014,53.42382,0.6777,0.578,0.7239,0.69556,0.71028,0.11636,942.981096,81.65592,3.37938237
4/16/2014,53.322346,0.6782,0.5788,0.7238,0.69739,0.70804,0.11633,942.771214,80.92084,3.34750262
4/17/2014,53.250084,0.6754,0.5779,0.7239,0.69673,0.707,0.11641,937.537368,80.49768,3.30474828
4/22/2014,53.084032,0.6785,0.5768,0.7244,0.69812,0.70589,0.11615,929.991964,78.74228,3.43090328
4/23/2014,53.0037,0.6724,0.5761,0.7236,0.69611,0.70585,0.11602,929.037276,78.58296,3.466044
4/24/2014,52.90191,0.6697,0.5748,0.723,0.69567,0.70668,0.11568,935.09928,78.084,3.4704
4/25/2014,52.851136,0.6706,0.5752,0.7228,0.69422,0.70738,0.11562,941.9891,77.99012,3.3982442
4/28/2014,52.684262,0.6684,0.5746,0.7219,0.69739,0.70444,0.11547,936.116606,76.81016,3.45089857
4/29/2014,52.852,0.671,0.5765,0.724,0.7025,0.70537,0.11569,938.24608,75.9476,3.4920692
4/30/2014,52.654722,0.6697,0.5752,0.7211,0.69788,0.70539,0.11521,931.37276,74.92229,3.454069
5/5/2014,52.524696,0.6684,0.5764,0.7208,0.70019,0.70557,0.11542,944.449824,73.73784,3.394968
5/6/2014,52.33502,0.6838,0.5846,0.718,0.70052,0.70614,0.11531,939.1799,73.3078,3.435271
5/8/2014,52.93045,0.6956,0.5993,0.7226,0.70646,0.71078,0.11602,931.742118,71.75418,3.4254853
5/9/2014,53.405183,0.724,0.6157,0.7267,0.70978,0.71351,0.1167,936.650897,71.79796,3.32385313
5/12/2014,54.212202,0.6775,0.6154,0.7269,0.70949,0.71177,0.11654,941.91702,71.67234,3.27105
5/13/2014,54.501293,0.683,0.5826,0.7297,0.71393,0.71364,0.11716,943.961811,71.94842,3.254462
5/14/2014,54.412904,0.6838,0.5832,0.7292,0.70942,0.71555,0.11706,952.313324,72.11788,3.21475112
5/15/2014,54.39832,0.6825,0.5826,0.7292,0.71144,0.71807,0.11709,945.203624,72.1908,3.17369716
5/16/2014,54.48038,0.6836,0.5836,0.7303,0.71303,0.71943,0.11715,944.657656,72.22667,3.23333022
5/19/2014,54.30383,0.6806,0.5834,0.7294,0.71369,0.71866,0.11695,943.092318,71.04356,3.29170926
5/20/2014,54.450378,0.6746,0.5826,0.7298,0.7118,0.7203,0.11701,944.631226,70.57166,3.305994
5/21/2014,54.466378,0.6759,0.5839,0.7307,0.71144,0.72078,0.1172,944.093628,70.22027,3.331992
5/22/2014,54.497766,0.6755,0.5853,0.7323,0.71496,0.71981,0.11744,947.66943,70.3008,3.288027
5/23/2014,54.543354,0.6772,0.5854,0.7338,0.716,0.7195,0.11766,948.517218,69.85776,3.214044
5/27/2014,54.557832,0.6791,0.5837,0.7336,0.7168,0.71924,0.11739,927.96732,69.692,3.25160864
5/28/2014,54.66994,0.6796,0.5858,0.7358,0.72031,0.72245,0.11763,925.739412,69.38594,3.34472606
5/29/2014,54.390141,0.6843,0.5859,0.7353,0.72036,0.7223,0.11783,923.213268,69.41232,3.397086
5/30/2014,54.198315,0.6829,0.5849,0.7335,0.719,0.72076,0.11741,916.64028,67.6287,3.28608
6/3/2014,53.376612,0.6558,0.5711,0.7338,0.71731,0.71589,0.11733,913.54431,66.92256,3.368142
6/5/2014,53.165102,0.6714,0.5757,0.7321,0.71729,0.71829,0.11704,917.782523,66.91394,3.396944
6/6/2014,53.16464,0.6842,0.5855,0.7328,0.71834,0.71529,0.11727,918.366944,66.97792,3.40752
6/10/2014,53.578556,0.6925,0.6194,0.7382,0.72568,0.72121,0.11858,930.05818,67.10238,3.373574
6/11/2014,53.599532,0.6917,0.6235,0.7391,0.72746,0.72401,0.11866,932.056837,66.66682,3.32595
6/13/2014,53.45263,0.6944,0.5903,0.7385,0.72558,0.72377,0.1189,943.03496,64.8403,3.45618
6/16/2014,53.506521,0.6926,0.5891,0.7367,0.72236,0.72351,0.11836,937.0824,63.42987,3.469857
6/17/2014,53.489972,0.6892,0.5889,0.7382,0.72243,0.72267,0.11856,937.942156,63.4852,3.440012
6/18/2014,53.2502,0.692,0.589,0.7355,0.71938,0.72168,0.11804,939.755705,63.6943,3.464205
6/19/2014,52.964243,0.6906,0.588,0.7349,0.72139,0.72093,0.11798,970.354611,63.34838,3.417285
6/20/2014,52.823782,0.6903,0.5887,0.7354,0.7205,0.72036,0.11811,966.918628,63.09732,3.324008
6/23/2014,52.04508,0.6926,0.5887,0.7351,0.72174,0.72104,0.11806,968.508952,64.10072,3.293248
6/24/2014,51.979477,0.6885,0.5883,0.7349,0.72165,0.72071,0.11794,968.811321,64.08328,3.30271409
6/25/2014,51.864984,0.6903,0.5871,0.7338,0.71866,0.72033,0.11769,968.014284,64.42764,3.35111784
6/26/2014,51.950637,0.6917,0.5881,0.7347,0.72284,0.72227,0.11802,967.291326,65.75565,3.34428093
6/27/2014,51.934014,0.6907,0.5862,0.7326,0.72287,0.7226,0.11783,964.226142,66.08052,3.216114
6/30/2014,51.83628,0.6889,0.5859,0.7305,0.72179,0.72078,0.11774,969.614565,66.0372,3.221505
7/1/2014,51.864234,0.6556,0.5778,0.7311,0.72266,0.72008,0.11789,969.774906,65.57967,3.260706
7/2/2014,51.920532,0.657,0.5783,0.7321,0.72546,0.71932,0.11788,971.394206,65.81579,3.22124
7/3/2014,52.075536,0.6536,0.568,0.7347,0.72851,0.71897,0.11827,969.458691,66.71076,3.15384669
7/7/2014,51.53051,0.6889,0.5895,0.7351,0.72736,0.72155,0.11849,970.287894,67.99675,3.1271154
7/8/2014,51.524511,0.6937,0.5976,0.7347,0.72612,0.72327,0.11846,969.245628,68.03322,3.063699
7/10/2014,51.39926,0.696,0.619,0.7348,0.72508,0.72511,0.11848,981.5091,68.77728,3.027376
7/11/2014,51.36951,0.6935,0.6229,0.7349,0.72126,0.72526,0.11844,983.81063,68.71315,3.00147858
7/14/2014,50.703415,0.6897,0.5915,0.7343,0.72104,0.72314,0.11832,959.840245,68.65705,3.01393435
7/15/2014,50.743896,0.6906,0.5927,0.7367,0.71732,0.72472,0.11871,953.326635,69.2498,3.027837
7/16/2014,50.634112,0.6926,0.5951,0.7394,0.71645,0.72713,0.11916,960.635874,70.09512,3.03205758
7/17/2014,50.405474,0.6914,0.5944,0.7393,0.71822,0.73071,0.11916,975.28456,70.15957,2.971986
7/18/2014,50.41911,0.6946,0.5957,0.7395,0.71825,0.72964,0.11909,969.39576,69.73485,2.8895223
7/21/2014,49.68768,0.6931,0.5965,0.7394,0.72011,0.72927,0.11909,970.455106,69.05996,2.8426233
7/22/2014,50.139,0.6976,0.599,0.7428,0.72482,0.73194,0.11971,970.408776,68.78328,2.81944596
7/23/2014,50.251082,0.7023,0.6006,0.7427,0.7255,0.73187,0.11982,968.918993,68.69975,2.807406
7/24/2014,50.407688,0.6996,0.5984,0.7426,0.72199,0.72955,0.11991,960.671916,68.39346,2.82046906
7/25/2014,50.550894,0.6997,0.5994,0.7446,0.72562,0.73121,0.12025,973.356012,67.98198,2.81838546
7/28/2014,51.997708,0.6999,0.5993,0.7441,0.725,0.73048,0.12026,970.343605,68.53161,2.849903
7/29/2014,52.138878,0.6998,0.6001,0.7458,0.72795,0.7303,0.12065,968.876238,68.83734,2.79809244
7/30/2014,51.918051,0.6965,0.5999,0.7467,0.72866,0.72616,0.12094,967.94721,68.92041,2.792658
7/31/2014,51.746846,0.6942,0.5985,0.7466,0.72664,0.72652,0.12096,957.581694,68.91118,2.79975
8/1/2014,51.406096,0.6557,0.5783,0.7448,0.71797,0.72572,0.12052,963.585,69.04296,2.785552
8/4/2014,51.292684,0.6784,0.5793,0.7451,0.72087,0.72632,0.12057,959.875075,68.99626,2.823929
8/5/2014,51.778776,0.6774,0.5792,0.7476,0.72704,0.72869,0.12115,963.491928,69.60156,2.885736
8/7/2014,51.924537,0.6905,0.591,0.7483,0.7213,0.73293,0.12146,982.241029,70.04088,2.978234
8/8/2014,51.886304,0.6918,0.5954,0.7456,0.71937,0.73082,0.12111,976.422848,69.63904,2.915296
8/12/2014,52.83124,0.6734,0.6153,0.748,0.72857,0.73148,0.12146,979.51348,68.8908,2.93216
8/13/2014,52.395966,0.6962,0.5988,0.7483,0.72686,0.73058,0.12158,982.458036,68.54428,2.880955
8/14/2014,52.366518,0.6973,0.6004,0.7482,0.73288,0.73033,0.1216,982.775664,67.63728,2.865606
8/15/2014,52.151444,0.6956,0.5992,0.7463,0.73405,0.72907,0.1214,973.69761,67.46552,2.798625
8/18/2014,51.969435,0.6978,0.6011,0.7483,0.73521,0.72954,0.1218,971.59272,67.42183,2.81271004
8/19/2014,52.045456,0.6984,0.6019,0.7508,0.7379,0.72947,0.12224,972.834084,67.49692,2.88487392
8/20/2014,52.19064,0.7004,0.6027,0.7542,0.73747,0.72686,0.12281,974.381148,67.1238,2.9010303
8/21/2014,52.1076,0.7004,0.6026,0.753,0.73553,0.72507,0.12239,961.41534,66.5652,2.9135076
8/22/2014,52.312704,0.7036,0.6044,0.7552,0.74201,0.72668,0.12273,967.48672,66.23104,2.91439232
8/25/2014,52.93114,0.7048,0.6064,0.758,0.74307,0.72848,0.12317,967.84472,66.4008,2.97894
8/26/2014,53.127025,0.7068,0.6077,0.7595,0.74685,0.7298,0.12343,973.0714,66.30435,2.9948604
8/27/2014,52.9842,0.7077,0.6075,0.758,0.74732,0.72969,0.12338,972.23354,65.8702,3.0235862
8/28/2014,52.935108,0.7098,0.607,0.7586,0.7478,0.73138,0.12348,978.32849,65.39132,3.05086162
8/29/2014,53.068935,0.7111,0.6098,0.7615,0.75101,0.73156,0.12394,980.29418,65.6413,3.06633205
9/4/2014,52.281842,0.6777,0.579,0.7726,0.75822,0.73405,0.12585,974.766242,65.43922,3.005414
9/5/2014,52.078145,0.6804,0.5821,0.7721,0.75376,0.73471,0.12573,979.648201,64.00709,2.964864
9/9/2014,51.250999,0.7114,0.6122,0.7729,0.74926,0.72775,0.12595,970.352763,63.68696,3.0444531
9/10/2014,51.298492,0.692,0.6198,0.7742,0.74806,0.7245,0.1263,967.571934,63.25214,3.06939332
9/12/2014,50.973005,0.6702,0.6139,0.7715,0.74502,0.71839,0.12573,948.674975,62.9544,2.939415
9/15/2014,51.128448,0.6977,0.6115,0.7728,0.74451,0.72099,0.12583,953.032416,64.21968,3.0204888
9/16/2014,51.101974,0.7017,0.6123,0.7717,0.74429,0.72031,0.12554,953.473935,64.43695,2.971045
9/17/2014,51.441714,0.6964,0.6132,0.7773,0.7511,0.71727,0.1266,951.034323,64.90455,3.08339364
9/18/2014,51.224441,0.6957,0.6109,0.7739,0.7419,0.71195,0.12601,948.143585,64.54326,3.06835872
9/19/2014,51.549516,0.6958,0.615,0.7794,0.74613,0.7148,0.12693,947.51658,64.61226,3.00801636
9/22/2014,51.531243,0.6905,0.6129,0.7783,0.74775,0.71506,0.12674,945.696764,63.97626,3.01038657
9/23/2014,51.342075,0.6881,0.6134,0.7785,0.74853,0.71487,0.12681,952.43247,63.60345,3.0327246
9/24/2014,51.56675,0.6953,0.6175,0.7825,0.7524,0.71757,0.12756,952.372925,63.77375,3.0048
9/25/2014,51.644896,0.6892,0.6174,0.7844,0.75219,0.72115,0.12781,958.207352,63.85016,3.04198164
9/26/2014,51.900372,0.6911,0.6185,0.7884,0.75501,0.72145,0.12868,960.570792,64.33344,3.082644
9/29/2014,51.524634,0.6873,0.6179,0.7882,0.74802,0.71998,0.1281,958.301442,63.76538,3.168564
9/30/2014,51.373413,0.6925,0.6205,0.7917,0.75025,0.72203,0.12894,956.492355,63.96936,3.27645045
10/9/2014,51.19636,0.7087,0.6129,0.788,0.74027,0.73066,0.12853,964.77204,64.1432,3.04956
10/10/2014,51.410148,0.6878,0.6207,0.7919,0.73976,0.73553,0.12916,968.620404,64.46066,3.0535664
10/13/2014,50.135354,0.6879,0.6165,0.7841,0.73434,0.73396,0.128,969.045667,65.23712,3.03627043
10/14/2014,50.4415,0.6883,0.6194,0.79,0.74201,0.73794,0.12898,973.9357,66.281,3.085661
10/15/2014,49.561407,0.6878,0.6124,0.7789,0.73285,0.73546,0.12716,967.409378,64.72659,2.97835782
10/16/2014,49.644713,0.6836,0.6128,0.7807,0.73536,0.73427,0.12749,967.138967,64.32968,2.96142931
10/17/2014,49.824684,0.6858,0.6147,0.7839,0.7353,0.73326,0.12795,970.719048,64.43658,2.91602961
10/20/2014,49.089079,0.6862,0.6155,0.7813,0.73719,0.7305,0.12757,974.210783,64.22286,2.851745
10/21/2014,49.496016,0.6906,0.6186,0.7864,0.74557,0.73499,0.12844,981.97768,64.17024,2.846768
10/22/2014,49.97856,0.6941,0.6211,0.7908,0.75198,0.73788,0.12924,981.596316,64.52928,2.910144
10/23/2014,50.463998,0.6928,0.6192,0.7906,0.74872,0.73036,0.12921,973.892704,64.11766,2.84386726
10/24/2014,50.538879,0.6946,0.6188,0.7893,0.74629,0.72969,0.12902,971.636193,63.77544,2.78812332
10/27/2014,50.8095,0.6931,0.6179,0.7875,0.74837,0.73042,0.12875,965.96325,63.23625,2.79145125
10/28/2014,50.681862,0.6954,0.6173,0.7854,0.74814,0.72602,0.12843,964.879608,62.75346,2.76193764
10/29/2014,50.993397,0.6964,0.6195,0.7917,0.75589,0.72701,0.12954,959.659155,62.70264,2.81995623
10/30/2014,51.031044,0.7005,0.6206,0.7929,0.75109,0.72604,0.12965,950.568165,62.32194,2.96655606
10/31/2014,51.25086,0.7025,0.6211,0.7983,0.74702,0.71088,0.13063,936.358002,61.86825,3.01781349
11/3/2014,50.764032,0.6477,0.5692,0.8012,0.74693,0.7025,0.13093,933.902756,61.61228,2.97237188
11/4/2014,50.23491,0.6766,0.5769,0.797,0.7403,0.7017,0.13032,931.20683,60.8908,2.91702
11/6/2014,50.708275,0.6933,0.591,0.8081,0.74561,0.7014,0.1322,922.785552,61.17317,3.16169125
11/7/2014,50.309714,0.6901,0.5922,0.8029,0.7343,0.70038,0.13114,945.792113,60.13721,3.22003045
11/11/2014,50.090216,0.6963,0.6209,0.8017,0.73423,0.69232,0.13087,933.443361,59.96716,3.2573071
11/12/2014,50.37864,0.6666,0.6137,0.804,0.73354,0.69633,0.13123,934.7304,60.1392,3.3799356
11/13/2014,50.308416,0.699,0.6208,0.8016,0.73083,0.69231,0.13085,931.90008,59.95968,3.350688
11/14/2014,50.323152,0.6987,0.6151,0.7984,0.72536,0.68651,0.13026,949.098,59.72032,3.23352
11/17/2014,51.48512,0.6996,0.6186,0.8032,0.73426,0.68864,0.1311,953.053024,59.91872,3.38942368
11/18/2014,51.220317,0.6957,0.6146,0.7977,0.72571,0.6827,0.13033,954.910716,58.2321,3.44295297
11/19/2014,50.990366,0.6865,0.6101,0.7966,0.71993,0.67522,0.13013,942.122888,57.7535,3.49802992
11/20/2014,51.1038,0.6875,0.6134,0.7975,0.7152,0.67449,0.13018,952.047525,56.782,3.5177725
11/21/2014,51.727039,0.7001,0.6209,0.8071,0.72466,0.68509,0.13177,969.771005,57.46552,3.478601
11/24/2014,52.110354,0.6927,0.617,0.8038,0.72243,0.67957,0.13086,962.261132,57.0698,3.26133812
11/25/2014,51.966194,0.6838,0.6163,0.8017,0.72269,0.67949,0.13062,962.825666,56.19917,3.30733318
11/26/2014,51.806084,0.6836,0.6162,0.7996,0.72256,0.6791,0.13026,957.816852,55.49224,3.38982424
11/28/2014,51.820883,0.6832,0.6157,0.8033,0.72477,0.67709,0.13069,937.756354,56.55232,3.414025
12/2/2014,51.072624,0.664,0.5811,0.8076,0.72967,0.67739,0.13131,967.730928,57.09732,3.02397744
12/3/2014,51.036809,0.6465,0.5678,0.8123,0.72995,0.67812,0.13205,982.419989,56.77977,2.95051729
12/5/2014,50.677725,0.6804,0.5811,0.8141,0.73069,0.66995,0.1323,970.692135,57.8011,2.78959506
12/8/2014,50.248491,0.6933,0.5981,0.8119,0.72643,0.67267,0.13155,977.129769,57.6449,2.83848359
12/9/2014,50.053714,0.6973,0.6108,0.8081,0.72958,0.67515,0.1306,994.819586,56.64781,2.91174592
12/11/2014,50.283737,0.701,0.6233,0.8057,0.73186,0.67899,0.13018,989.174004,56.399,2.96126978
12/12/2014,50.276625,0.6618,0.6107,0.8025,0.72738,0.67571,0.12967,981.128475,55.77375,2.87174625
12/15/2014,50.4912,0.6603,0.6124,0.804,0.73146,0.68249,0.12982,959.35692,55.878,2.9405496
12/16/2014,50.20232,0.657,0.6136,0.7994,0.7358,0.68673,0.12913,956.889794,55.1586,2.8466634
12/17/2014,51.066906,0.6581,0.6182,0.8102,0.74005,0.68288,0.13074,963.903042,55.4987,2.96136202
12/18/2014,52.057044,0.6646,0.6195,0.8139,0.73841,0.68489,0.13094,975.516123,55.10103,2.99034999
12/19/2014,52.66632,0.6658,0.6219,0.8178,0.74209,0.6842,0.13145,977.876172,55.28328,2.81069682
12/22/2014,52.655175,0.6651,0.6201,0.8175,0.74586,0.68119,0.1314,961.7397,55.263,2.481276
12/23/2014,53.026064,0.6658,0.6197,0.8216,0.74487,0.68074,0.13196,966.669912,54.96504,2.44130224
12/24/2014,53.137719,0.6649,0.6195,0.8199,0.74341,0.68066,0.1319,962.39862,54.9333,2.25866052
12/29/2014,53.129966,0.6692,0.6217,0.8227,0.7495,0.6819,0.1322,973.492683,54.95636,2.47484614
12/30/2014,53.154647,0.6733,0.6226,0.8227,0.74852,0.68854,0.13262,987.692485,57.01311,2.56460271
12/31/2014,52.637888,0.6753,0.6237,0.8266,0.75764,0.69124,0.13337,979.000242,57.28338,2.47558434
1/5/2015,50.80794,0.701,0.6713,0.838,0.75517,0.70046,0.13473,1009.67268,58.4924,2.6878012
1/6/2015,51.54489,0.696,0.6748,0.841,0.7655,0.71047,0.13536,1024.82578,59.3746,2.4913784
1/7/2015,52.010468,0.6916,0.6687,0.8446,0.76793,0.70825,0.13595,1023.156886,59.62876,2.58979698
1/9/2015,51.542176,0.6203,0.6256,0.8444,0.77499,0.71242,0.13602,1032.9123,59.61464,2.49190884
1/12/2015,52.691985,0.6888,0.6689,0.8451,0.78134,0.714,0.13621,1042.270281,59.32602,2.44749411
1/13/2015,52.883644,0.6936,0.637,0.8494,0.78406,0.72032,0.13702,1045.305616,59.28812,2.4551907
1/14/2015,51.841984,0.6912,0.6353,0.8482,0.78401,0.72291,0.13688,1042.200304,58.86508,2.6569865
1/15/2015,53.954772,0.7064,0.6482,0.8597,0.79362,0.74017,0.13892,1085.586175,59.66318,2.83236762
1/16/2015,54.410859,0.7108,0.6517,0.8649,0.80259,0.73498,0.13926,1107.461205,59.50512,2.67297345
1/20/2015,52.257065,0.7074,0.6476,0.8659,0.79555,0.72893,0.13934,1121.617588,58.79461,2.53232455
1/21/2015,52.065585,0.6964,0.6453,0.8613,0.79506,0.73013,0.13865,1113.738417,58.22388,2.53385847
1/22/2015,54.5424,0.7063,0.6568,0.88,0.81092,0.74237,0.1417,1145.98,58.872,2.580952
1/23/2015,55.295831,0.7063,0.6636,0.8923,0.82313,0.75788,0.1433,1154.707584,58.80257,2.641208
1/26/2015,57.824,0.7051,0.6618,0.8896,0.82336,0.75121,0.14224,1139.93344,58.2688,2.60243584
1/27/2015,57.010056,0.6974,0.6563,0.8787,0.81378,0.74547,0.14074,1135.579158,56.85189,2.59462536
1/28/2015,57.43938,0.6991,0.6548,0.886,0.81696,0.7538,0.14181,1138.05814,56.8812,2.5603628
1/29/2015,57.571178,0.6858,0.6527,0.8834,0.8076,0.74682,0.14143,1110.672318,56.71428,2.54401532
1/30/2015,58.615515,0.6889,0.654,0.8861,0.80947,0.7537,0.14171,1137.566319,56.88762,2.37545688
2/2/2015,56.88255,0.6885,0.6524,0.8819,0.79926,0.74992,0.14086,1123.902179,56.26522,2.32248365
2/3/2015,58.81863,0.6944,0.6548,0.871,0.79379,0.74103,0.13922,1097.91292,55.5698,2.3231312
2/4/2015,60.8139,0.6978,0.6771,0.882,0.813,0.75193,0.14113,1119.5667,56.448,2.4066252
2/6/2015,61.55667,0.697,0.6649,0.8838,0.81095,0.74189,0.14152,1090.644552,56.5632,2.25740196
2/9/2015,61.523712,0.627,0.6293,0.8832,0.8066,0.74431,0.14135,1094.311296,56.5248,2.29305216
2/10/2015,62.18432,0.6286,0.6226,0.8833,0.81091,0.73972,0.14151,1089.594715,56.26621,2.3266122
2/11/2015,62.740353,0.6487,0.6497,0.8823,0.80391,0.73242,0.14133,1075.373709,56.4672,2.51217279
2/12/2015,62.426511,0.6886,0.6674,0.8769,0.78944,0.73648,0.1404,1071.554262,56.1216,2.51766759
2/13/2015,62.80659,0.6826,0.6476,0.8778,0.80039,0.73882,0.14064,1079.483328,56.88144,2.39569176
2/17/2015,63.119889,0.6852,0.6464,0.8763,0.79508,0.73483,0.14009,1060.226607,56.60898,2.5815798
2/25/2015,62.687844,0.6942,0.6505,0.8802,0.80089,0.74056,0.14061,1060.641,56.86092,2.81127078
2/26/2015,64.34958,0.6966,0.6577,0.893,0.81377,0.7478,0.14268,1080.07457,57.4199,2.7810699
2/27/2015,65.82147,0.6977,0.6556,0.8931,0.81347,0.74654,0.14246,1083.491058,57.33702,2.46022257
3/2/2015,59.348054,0.6792,0.6471,0.8942,0.81234,0.74434,0.14255,1079.147386,57.31822,2.539528
3/3/2015,59.23576,0.6995,0.6566,0.8948,0.81614,0.7473,0.1426,1077.106552,56.99876,2.61881116
3/4/2015,60.275628,0.6954,0.6747,0.9026,0.82231,0.75417,0.14393,1083.426884,57.3151,2.94121236
3/6/2015,61.065483,0.6906,0.6605,0.9223,0.83939,0.76346,0.14725,1076.591567,57.27483,2.6571463
3/9/2015,58.966785,0.6308,0.6347,0.9215,0.82852,0.76061,0.14709,1075.584015,56.85655,2.50417625
3/11/2015,61.541171,0.6554,0.6534,0.9481,0.84175,0.78065,0.1514,1095.349411,57.17043,2.6442509
3/12/2015,61.166515,0.6711,0.6555,0.9403,0.83478,0.77528,0.15014,1084.852319,56.70009,2.65098779
3/13/2015,62.030297,0.7277,0.6842,0.9527,0.84412,0.7848,0.15222,1103.683896,57.54308,2.56419205
3/16/2015,61.209678,0.723,0.6807,0.9462,0.83599,0.78012,0.15115,1092.681222,57.15048,2.51840592
3/17/2015,60.947124,0.7188,0.6796,0.9436,0.83587,0.77747,0.15099,1084.734252,56.89908,2.6321722
3/18/2015,58.5212,0.7158,0.6683,0.92,0.81483,0.76593,0.14768,1074.2012,55.2,2.544628
3/19/2015,58.149636,0.7175,0.6762,0.9382,0.83969,0.77675,0.15141,1098.801076,55.91672,2.66739642
3/20/2015,55.969552,0.7188,0.6703,0.9242,0.82302,0.76966,0.14893,1092.903468,54.15812,2.60920144
3/23/2015,53.052752,0.7199,0.6694,0.9136,0.81969,0.7631,0.14701,1086.763744,53.4456,2.45429504
3/24/2015,52.662962,0.7211,0.67,0.9154,0.82856,0.7644,0.14751,1092.328512,52.81858,2.54270658
3/25/2015,52.699596,0.7151,0.6649,0.9116,0.82786,0.7629,0.14672,1089.790452,52.50816,2.4991514
3/26/2015,54.337832,0.7192,0.6704,0.9188,0.8294,0.77081,0.14791,1106.979428,52.64724,2.51190732
3/27/2015,54.73068,0.7116,0.6705,0.9183,0.83225,0.77085,0.14773,1100.628465,51.97578,2.41724109
3/30/2015,55.955427,0.7065,0.6706,0.9229,0.8353,0.76877,0.14867,1094.624003,51.59011,2.41209144
3/31/2015,56.029134,0.7088,0.679,0.9318,0.83969,0.77559,0.15028,1102.850526,51.06264,2.44485684
4/2/2015,53.179126,0.6838,0.6535,0.9191,0.83889,0.76775,0.14832,1105.318851,47.60938,2.37798743
4/8/2015,50.489268,0.6781,0.6655,0.9276,0.8502,0.77218,0.14954,1115.503932,46.8438,2.47632096
4/9/2015,50.995116,0.6198,0.6296,0.9381,0.85862,0.77804,0.15117,1120.851261,47.37405,2.46570204
4/13/2015,51.1002,0.7183,0.69,0.9463,0.86154,0.78771,0.15224,1134.500144,47.69352,2.41997299
4/14/2015,51.795815,0.7159,0.6899,0.9385,0.85785,0.7861,0.15109,1119.42403,48.802,2.39345655
4/15/2015,52.906427,0.7187,0.6898,0.9359,0.8533,0.78564,0.15084,1125.494622,48.76039,2.41602585
4/16/2015,53.890107,0.7251,0.6884,0.9293,0.85354,0.78083,0.14995,1113.812515,48.50946,2.39712935
4/17/2015,53.793502,0.7202,0.6876,0.9254,0.85399,0.77828,0.14931,1114.385188,48.30588,2.43879916
4/20/2015,55.961817,0.7194,0.6907,0.9313,0.86296,0.78134,0.15017,1113.732357,48.52073,2.37164858
4/21/2015,57.67848,0.7183,0.6895,0.9315,0.85983,0.7784,0.1502,1120.044915,48.53115,2.3906016
4/22/2015,58.592016,0.723,0.6917,0.9324,0.86364,0.77758,0.15051,1106.880012,49.97664,2.42200224
4/23/2015,59.582311,0.7186,0.6886,0.9239,0.85375,0.77258,0.14907,1103.108883,50.07538,2.35853192
4/24/2015,58.691685,0.7195,0.6904,0.9195,0.85189,0.77287,0.14844,1084.0905,51.95175,2.3541039
4/27/2015,60.88992,0.7215,0.6914,0.9184,0.85587,0.77148,0.14765,1104.05456,53.08352,2.28029536
4/28/2015,60.354568,0.7306,0.6913,0.9106,0.85102,0.76599,0.14675,1103.802002,53.99858,2.30691404
4/29/2015,59.451376,0.7194,0.6807,0.8986,0.84115,0.755,0.14495,1082.552406,52.02894,2.29143
4/30/2015,58.839333,0.7043,0.6732,0.8911,0.83098,0.74644,0.14365,1055.392107,51.59469,2.28380019
5/5/2015,54.33732,0.7102,0.6712,0.894,0.82593,0.74586,0.14405,1066.84596,52.299,2.4675294
5/6/2015,53.644731,0.6859,0.6628,0.8813,0.81579,0.73767,0.14212,1050.721112,52.26109,2.41996167
5/8/2015,54.542994,0.6745,0.6624,0.8921,0.81967,0.74503,0.14367,1060.162719,52.27706,2.46852991
5/11/2015,53.784,0.6563,0.6531,0.8964,0.82135,0.74649,0.14437,1061.310708,53.15652,2.55142332
5/13/2015,51.908458,0.7145,0.6648,0.8807,0.80086,0.73913,0.14194,1070.711025,53.28235,2.52100375
5/14/2015,52.329844,0.7082,0.6639,0.8764,0.80371,0.73542,0.14132,1070.207096,52.05816,2.51929944
5/15/2015,52.11301,0.7022,0.6614,0.8735,0.80461,0.73211,0.14075,1069.8628,51.79855,2.583813
5/18/2015,50.358924,0.7062,0.6652,0.8838,0.81419,0.7366,0.14246,1083.105738,52.40934,2.6597961
5/19/2015,50.934951,0.7098,0.6713,0.8969,0.82428,0.74316,0.1445,1083.329634,53.18617,2.75491804
5/20/2015,51.100366,0.7099,0.6739,0.9014,0.82221,0.74282,0.14525,1090.51372,53.00232,2.68950718
5/21/2015,51.20431,0.7106,0.6733,0.8999,0.8227,0.74352,0.14522,1084.253514,53.00411,2.63769689
5/22/2015,51.79232,0.7109,0.6794,0.908,0.83305,0.74717,0.14652,1095.23868,53.6628,2.6170376
5/26/2015,52.732134,0.7112,0.6812,0.9198,0.83542,0.74705,0.14826,1092.07854,55.92384,2.59264026
5/27/2015,52.531488,0.7089,0.6789,0.9171,0.82954,0.74159,0.14788,1089.597339,56.40165,2.5898904
5/28/2015,52.401758,0.6986,0.6774,0.9134,0.82575,0.73691,0.14729,1085.48456,56.1741,2.52929594
5/29/2015,52.213422,0.6958,0.6751,0.9098,0.82097,0.73278,0.14678,1083.189684,55.58878,2.40405552
6/1/2015,52.1664,0.68,0.6308,0.9152,0.82434,0.73336,0.14764,1088.35584,56.55936,2.37933696
6/2/2015,51.74536,0.6892,0.6533,0.8968,0.80615,0.7226,0.14468,1069.891368,55.42224,2.3532032
6/3/2015,51.378117,0.7117,0.6695,0.8869,0.80297,0.71395,0.14311,1051.127273,55.51994,2.33689281
6/4/2015,51.69738,0.6948,0.6761,0.8898,0.79895,0.71552,0.14351,1047.196722,56.32434,2.30422608
6/5/2015,52.287378,0.7023,0.6659,0.8998,0.80978,0.71626,0.14505,1054.511612,57.04732,2.3007886
6/8/2015,51.5862,0.6724,0.6615,0.8856,0.78834,0.71125,0.14269,1039.756392,56.05848,2.35055952
6/10/2015,51.95572,0.6358,0.6252,0.883,0.79694,0.71973,0.14229,1047.29098,56.6003,2.576594
6/11/2015,52.640658,0.656,0.6556,0.8883,0.80127,0.71967,0.14311,1049.979483,57.56184,2.54995398
6/15/2015,54.120234,0.6882,0.6584,0.8862,0.79329,0.71816,0.14274,1051.414266,57.42576,2.538963
6/16/2015,54.34457,0.6893,0.6623,0.889,0.79486,0.72066,0.14319,1050.86023,56.9849,2.6098373
6/17/2015,53.90784,0.6835,0.6603,0.882,0.78898,0.7146,0.14202,1045.6551,55.8306,2.5866414
6/18/2015,53.771418,0.6864,0.6596,0.8802,0.79466,0.71554,0.14179,1057.947588,55.10052,2.51640378
6/19/2015,53.946316,0.6844,0.6604,0.8809,0.79599,0.7179,0.14191,1057.317843,54.43962,2.47436001
6/23/2015,55.14489,0.6929,0.6678,0.8955,0.81059,0.72249,0.14428,1055.463165,55.78965,2.534265
6/25/2015,55.159244,0.6906,0.664,0.8924,0.80378,0.72182,0.14373,1046.936908,56.04272,2.489796
6/26/2015,55.299278,0.6852,0.6631,0.8951,0.80167,0.7227,0.14415,1052.207952,55.76473,2.47727876
6/29/2015,54.8774,0.6834,0.6612,0.89,0.79098,0.72627,0.14335,1050.0487,54.735,2.492534
6/30/2015,54.978417,0.6917,0.6664,0.8979,0.80483,0.73281,0.14482,1052.653065,55.22085,2.4907746
7/7/2015,54.041031,0.6767,0.6707,0.9081,0.80353,0.74112,0.14624,1049.091606,50.39955,2.47965786
7/8/2015,53.833964,0.6763,0.6587,0.9028,0.79416,0.7479,0.1454,1045.740324,48.11924,2.4447824
7/9/2015,54.347878,0.6199,0.6271,0.9061,0.79897,0.74675,0.14594,1050.559523,48.9294,2.43278789
7/10/2015,53.843696,0.6414,0.63,0.8962,0.79362,0.72995,0.14437,1042.943788,48.3948,2.46284722
7/13/2015,54.89451,0.6732,0.6697,0.909,0.80403,0.73632,0.14638,1052.60382,49.086,2.6174655
7/14/2015,54.9582,0.6771,0.6673,0.9084,0.79537,0.73606,0.1463,1050.164904,48.69024,2.67778152
7/15/2015,55.205896,0.6739,0.6689,0.9134,0.79877,0.7379,0.14712,1049.90763,48.68422,2.66566656
7/16/2015,55.534644,0.6807,0.6728,0.9196,0.80019,0.74075,0.1481,1053.300644,49.01468,2.66766764
7/17/2015,55.884168,0.6809,0.6751,0.9234,0.80471,0.74418,0.14871,1047.264876,49.21722,2.62605726
7/20/2015,56.12085,0.6809,0.6739,0.9238,0.80169,0.74335,0.14877,1012.9467,49.8852,2.62008156
7/21/2015,55.306007,0.6783,0.6705,0.9143,0.78939,0.73791,0.14724,1006.872875,50.74365,2.63455545
7/22/2015,55.0464,0.675,0.6701,0.915,0.79324,0.73812,0.14736,1001.2296,48.7695,2.647095
7/23/2015,54.672424,0.6697,0.6653,0.9106,0.78163,0.73484,0.14662,993.19142,47.8065,2.6525778
7/24/2015,54.654212,0.6633,0.6641,0.9106,0.78001,0.7357,0.1467,1000.849566,47.8065,2.56388536
7/27/2015,54.613008,0.6556,0.6589,0.9018,0.7728,0.73179,0.14523,986.551164,47.07396,2.55056094
7/28/2015,54.60764,0.6633,0.6631,0.9041,0.77632,0.73179,0.14561,990.423468,47.82689,2.59973955
7/29/2015,54.869808,0.6641,0.6651,0.9104,0.78579,0.73453,0.14663,998.57224,48.88848,2.64116144
7/30/2015,55.092381,0.6672,0.6651,0.9147,0.78302,0.73685,0.1473,995.888772,50.49144,2.60451678
7/31/2015,54.80608,0.6651,0.6634,0.9104,0.77794,0.7348,0.14661,997.61632,49.98096,2.51889472
8/4/2015,54.30371,0.7129,0.6837,0.919,0.78855,0.73894,0.148,999.5963,51.3721,2.5908448
8/5/2015,54.390508,0.7077,0.6713,0.9169,0.78133,0.73419,0.14766,994.864007,52.53837,2.61820795
8/6/2015,54.377973,0.682,0.6544,0.9153,0.78501,0.73382,0.14741,997.265115,53.17893,2.53007226
8/7/2015,54.288572,0.6707,0.6687,0.9118,0.78114,0.7341,0.14687,997.64597,52.97558,2.55477242
8/10/2015,55.076175,0.6435,0.6314,0.9075,0.78031,0.72825,0.14616,1002.342825,52.272,2.58864375
8/12/2015,54.052752,0.6624,0.6519,0.8961,0.75277,0.72152,0.14032,1007.637567,50.45043,2.6112354
8/13/2015,53.906648,0.66,0.6421,0.8968,0.76413,0.72074,0.14016,1000.02168,50.57952,2.61497912
8/14/2015,54.012,0.6643,0.6397,0.9002,0.76239,0.72399,0.14083,1003.786014,51.49144,2.54450532
8/17/2015,52.925301,0.6654,0.6414,0.9027,0.76321,0.72576,0.14118,1008.94779,51.00255,2.49524334
8/18/2015,53.06857,0.666,0.6462,0.907,0.76528,0.72905,0.14184,1013.76297,50.9734,2.4581514
8/19/2015,52.342432,0.6608,0.6408,0.8992,0.75851,0.72641,0.1406,1019.584896,49.9056,2.4566144
8/20/2015,51.587904,0.6527,0.6343,0.8896,0.75062,0.72086,0.13924,1024.99712,49.3728,2.41117184
8/21/2015,50.733614,0.6429,0.6236,0.8782,0.73503,0.71945,0.13746,1019.388214,48.7401,2.36885668
8/24/2015,48.6239,0.6158,0.6102,0.8606,0.71786,0.72674,0.13438,994.087666,47.07482,2.267681
8/25/2015,48.97212,0.619,0.6178,0.8683,0.72628,0.73063,0.1354,990.287467,47.40918,2.34084997
8/26/2015,49.9347,0.6296,0.6286,0.8838,0.74534,0.73694,0.13789,994.504788,48.25548,2.40146136
8/27/2015,50.467775,0.6371,0.6357,0.8893,0.75029,0.73481,0.13882,1000.4625,48.46685,2.38643655
8/28/2015,51.05311,0.6412,0.6347,0.8941,0.76169,0.73455,0.13996,1013.55176,50.24842,2.3747296
8/31/2015,52.99372,0.6345,0.6319,0.892,0.75398,0.73575,0.13983,1012.35756,50.2196,2.388776
9/1/2015,52.67448,0.6927,0.6334,0.8838,0.75429,0.74037,0.13886,1007.770626,50.3766,2.42656128
9/2/2015,53.067906,0.6893,0.6523,0.8907,0.75433,0.74021,0.14013,1010.098335,50.7699,2.41833957
9/9/2015,51.280481,0.6262,0.6296,0.8923,0.75018,0.74028,0.13989,988.534555,53.00262,2.43669284
9/10/2015,50.823045,0.6459,0.6312,0.8865,0.74226,0.73499,0.13902,984.679875,53.27865,2.40126255
9/11/2015,50.44158,0.6554,0.6536,0.882,0.74466,0.73147,0.13834,977.2119,53.0082,2.3501772
9/14/2015,50.441596,0.6307,0.6282,0.8837,0.74681,0.73503,0.13877,980.11167,53.11037,2.38819925
9/15/2015,50.608422,0.6337,0.633,0.8874,0.74805,0.73694,0.13931,980.88759,52.62282,2.42322318
9/16/2015,50.52348,0.6375,0.634,0.8856,0.753,0.73447,0.13901,991.446912,51.89616,2.37633048
9/17/2015,49.785285,0.6273,0.6254,0.8745,0.75004,0.72865,0.13737,989.505495,51.2457,2.34059925
9/18/2015,50.395055,0.6377,0.6322,0.8849,0.76089,0.73752,0.13904,1008.104627,51.94363,2.32330495
9/21/2015,51.29838,0.6373,0.6339,0.8937,0.76084,0.74129,0.14031,1012.955328,52.37082,2.31620229
9/22/2015,51.592841,0.6374,0.6344,0.8993,0.76191,0.74807,0.14091,1011.496668,52.69898,2.32567973
9/23/2015,51.14574,0.6261,0.627,0.894,0.75059,0.74334,0.14005,1010.4882,51.6732,2.3143872
9/24/2015,50.871742,0.6255,0.6261,0.8903,0.74644,0.74154,0.13948,1027.361685,51.45934,2.2818389
9/25/2015,50.65096,0.6274,0.6266,0.893,0.74755,0.74057,0.1401,1023.5566,51.6154,2.2731315
9/28/2015,49.877552,0.6216,0.6225,0.8894,0.74418,0.7416,0.13964,1006.75633,51.40732,2.34321324
9/29/2015,49.54397,0.6209,0.6226,0.889,0.73953,0.7424,0.13967,1002.28527,51.0286,2.2497034
9/30/2015,49.244288,0.6278,0.629,0.8947,0.75475,0.74632,0.14075,997.671023,51.17684,2.21411409
10/8/2015,47.608792,0.6728,0.6571,0.8869,0.76549,0.73943,0.13958,1010.187969,50.73068,2.16155268
10/9/2015,47.286284,0.627,0.6273,0.8804,0.76944,0.73206,0.13875,1018.209012,50.79908,2.08364268
10/12/2015,46.361864,0.6655,0.6512,0.8804,0.76956,0.73338,0.13923,1024.65354,50.97516,2.1442142
10/13/2015,46.5764,0.6368,0.6267,0.8788,0.76444,0.73395,0.13859,1027.176592,50.70676,2.139878
10/14/2015,45.898456,0.6363,0.6322,0.8716,0.75982,0.73344,0.13729,1032.087708,49.59404,2.12382772
10/15/2015,46.458576,0.6437,0.6377,0.8784,0.77733,0.73894,0.13843,1039.23504,49.36608,2.18888496
10/16/2015,46.603144,0.6401,0.6366,0.8813,0.7803,0.73772,0.13869,1037.55449,49.17654,2.09731774
10/19/2015,46.677176,0.6398,0.6357,0.8827,0.78734,0.73866,0.13882,1033.456333,49.25466,2.13975307
10/20/2015,45.8328,0.6399,0.6338,0.8814,0.77946,0.73545,0.13883,1036.561656,48.9177,2.1576672
10/21/2015,45.823524,0.6359,0.6325,0.8819,0.77889,0.73535,0.13891,1029.336042,47.71079,2.08004934
10/22/2015,46.67537,0.6489,0.6456,0.9002,0.79069,0.74587,0.14158,1049.67821,48.34074,2.10565782
10/23/2015,47.049984,0.6555,0.6494,0.9076,0.80689,0.74722,0.14293,1056.85482,48.5566,2.05580476
10/26/2015,46.734224,0.6555,0.6495,0.9043,0.79744,0.74676,0.14236,1051.737072,48.38005,1.93583501
10/27/2015,46.736748,0.6508,0.6478,0.9054,0.80057,0.75129,0.14252,1056.493152,47.71458,1.87082802
10/28/2015,47.399412,0.6513,0.6528,0.9154,0.80962,0.75593,0.14398,1058.29394,47.50926,1.92060074
10/29/2015,47.11692,0.6443,0.6489,0.911,0.79746,0.75208,0.14331,1043.97867,46.461,1.915833
10/30/2015,47.15634,0.6485,0.6488,0.9086,0.79659,0.75323,0.14382,1037.721146,45.97516,1.76077594
11/2/2015,47.79567,0.6809,0.6482,0.9078,0.79849,0.75177,0.14325,1029.299952,45.48078,1.74542706
11/3/2015,48.09888,0.7201,0.6826,0.912,0.80498,0.75333,0.14394,1019.42448,44.4144,1.7333472
11/5/2015,48.264564,0.7074,0.6704,0.9188,0.80701,0.75468,0.14478,1014.281696,44.01052,1.92497788
11/6/2015,48.60342,0.6889,0.6607,0.9311,0.81535,0.75607,0.14654,1014.71278,43.94792,2.02355963
11/9/2015,48.74248,0.6253,0.6251,0.9302,0.80358,0.75515,0.14619,1016.066762,43.34732,1.976675
11/11/2015,48.690148,0.6573,0.6555,0.9308,0.80611,0.75772,0.14622,1011.090808,43.37528,1.9681766
11/12/2015,48.394784,0.6542,0.6438,0.9248,0.79835,0.75424,0.1452,1003.59296,43.0032,1.8625472
11/13/2015,48.63768,0.6616,0.6521,0.9282,0.79779,0.7573,0.1457,1006.085262,43.1613,1.86503226
11/16/2015,49.063994,0.6641,0.6579,0.9358,0.79716,0.7597,0.1469,1013.246808,43.60828,2.00186336
11/17/2015,49.479336,0.6683,0.6598,0.9396,0.80287,0.76113,0.14732,1005.65388,43.78536,1.92552228
11/18/2015,49.466013,0.6671,0.6601,0.9381,0.80034,0.75876,0.14694,1004.451813,42.87117,1.96822761
11/19/2015,49.300272,0.6702,0.6594,0.9316,0.80197,0.7582,0.14595,1008.186836,42.20148,1.99949308
11/20/2015,49.97076,0.6799,0.6649,0.9393,0.81371,0.76484,0.14713,1012.574793,42.2685,2.02907586
11/23/2015,49.934022,0.6761,0.6634,0.9402,0.81151,0.76536,0.14715,1005.243036,42.309,2.01099378
11/24/2015,50.043096,0.6817,0.6662,0.9396,0.81439,0.76678,0.14707,1010.68074,42.00012,1.98180432
11/25/2015,50.1189,0.6826,0.6699,0.9412,0.82321,0.76718,0.14731,1008.138144,41.60104,1.93567192
11/27/2015,50.243797,0.68,0.6677,0.9439,0.81862,0.76878,0.14764,998.127055,41.62599,1.92791575
11/30/2015,50.31179,0.6841,0.6709,0.9466,0.81749,0.76884,0.14794,1007.911282,40.98778,1.97631148
12/1/2015,49.97817,0.6893,0.6333,0.9405,0.81211,0.76544,0.14697,1005.667245,40.0653,2.01953565
12/2/2015,49.968984,0.6783,0.6466,0.9421,0.8091,0.76442,0.14723,992.69077,38.53189,2.04699488
12/3/2015,48.470884,0.7247,0.6805,0.9142,0.78498,0.74562,0.14288,970.980962,37.39078,1.93207028
12/8/2015,48.126802,0.6612,0.6406,0.9181,0.779,0.74678,0.14305,986.920776,35.98952,1.81636904
12/10/2015,47.85704,0.6482,0.6294,0.914,0.77358,0.75175,0.14196,979.42412,35.3718,1.7441862
12/11/2015,47.613698,0.659,0.6519,0.9097,0.77126,0.75211,0.14097,977.718269,34.47763,1.61035094
12/14/2015,47.230335,0.6589,0.6455,0.9095,0.76776,0.75156,0.14083,963.94267,34.47005,1.5343265
12/15/2015,47.715968,0.658,0.6508,0.9148,0.773,0.7519,0.14158,970.804056,34.67092,1.504846
12/16/2015,47.900228,0.6628,0.6513,0.9164,0.7791,0.74987,0.14158,982.674048,34.365,1.53845232
12/17/2015,48.143244,0.6584,0.6512,0.9237,0.78274,0.75369,0.14247,970.90107,34.63875,1.61388864
12/18/2015,47.739976,0.6603,0.6511,0.9202,0.77777,0.7595,0.14198,981.16325,35.61174,1.56397192
12/21/2015,46.350558,0.6587,0.6506,0.9162,0.77794,0.75602,0.14138,988.03008,36.1899,1.56285396
12/22/2015,46.159308,0.6604,0.65,0.9126,0.77793,0.75375,0.14087,978.699618,36.32148,1.59139188
12/23/2015,46.2782,0.6628,0.6524,0.9164,0.78117,0.7579,0.14148,981.0062,36.47272,1.48896672
12/24/2015,46.179623,0.6626,0.649,0.9121,0.7811,0.7573,0.14084,981.51081,36.57521,1.39405364
12/29/2015,46.504324,0.6681,0.6483,0.9158,0.78291,0.76008,0.14119,979.090938,38.0057,2.16760702
12/30/2015,46.343768,0.6665,0.6467,0.9148,0.78002,0.75886,0.14095,971.005312,39.3364,2.07641304
12/31/2015,46.50129,0.6711,0.6493,0.921,0.78397,0.76606,0.14177,977.2731,39.9714,2.1297204
1/4/2016,45.338352,0.6741,0.6499,0.9232,0.7773,0.77285,0.14129,992.079952,40.52848,2.20247824
1/6/2016,45.860544,0.6486,0.6491,0.9276,0.77482,0.78291,0.1415,1014.488292,40.72164,2.17976724
1/7/2016,45.319192,0.6735,0.6672,0.9148,0.76229,0.77743,0.13879,1014.485756,39.3364,2.14630376
1/8/2016,45.39888,0.675,0.6674,0.9153,0.76409,0.78077,0.13878,1010.628495,38.99178,2.26033335
1/11/2016,44.976756,0.6922,0.6513,0.9209,0.76121,0.78202,0.14014,1007.64878,38.76989,2.32610131
1/12/2016,44.83428,0.6955,0.6577,0.921,0.76094,0.78281,0.14012,1000.72176,38.5899,2.1943746
1/13/2016,44.618482,0.6395,0.6399,0.9194,0.76378,0.78125,0.13981,1005.446646,37.87928,2.11673462
1/14/2016,44.735783,0.6428,0.6405,0.9203,0.75851,0.7795,0.13964,992.433114,37.36418,2.01775775
1/15/2016,44.358083,0.6285,0.6366,0.9163,0.75526,0.78285,0.13875,997.740744,37.38504,1.99900008
1/19/2016,42.961248,0.6334,0.6382,0.9168,0.76021,0.77934,0.13948,996.937488,38.59728,2.03107872
1/20/2016,43.329858,0.6343,0.6386,0.9182,0.75646,0.78504,0.13929,1010.864744,38.65622,1.96669258
1/21/2016,43.469492,0.6437,0.642,0.9196,0.75757,0.78126,0.14051,1012.66352,38.07144,2.02652252
1/22/2016,43.869357,0.6503,0.6476,0.9261,0.77166,0.77968,0.14063,1016.811495,38.34054,2.05279326
1/25/2016,44.361421,0.641,0.6446,0.9217,0.77186,0.7792,0.14028,1021.15143,38.15838,1.97363621
1/26/2016,44.068,0.6443,0.6448,0.92,0.76413,0.77693,0.14019,1030.3172,37.72,2.050496
1/27/2016,44.07318,0.645,0.6408,0.918,0.76356,0.77347,0.13978,1032.72246,38.2806,2.0548512
1/28/2016,43.96821,0.6475,0.6402,0.9141,0.75638,0.76932,0.13903,1019.523153,37.93515,1.93450983
1/29/2016,44.447662,0.6541,0.6484,0.9233,0.77003,0.7623,0.14037,1032.443293,38.22462,2.07899461
2/2/2016,43.59208,0.6446,0.6411,0.9158,0.75868,0.76335,0.13912,1033.947358,38.09728,1.86374458
2/3/2016,43.27383,0.6712,0.6587,0.9006,0.73857,0.76401,0.13771,1029.052578,37.73514,1.85442546
2/5/2016,44.039268,0.6647,0.6468,0.8962,0.74835,0.76678,0.13675,1051.60108,37.6404,1.87001092
2/16/2016,46.103274,0.6381,0.6388,0.8973,0.73763,0.78663,0.13777,1077.154812,39.21201,1.72164951
2/17/2016,46.534686,0.6457,0.6405,0.8987,0.73241,0.78772,0.1377,1086.07895,39.99215,1.71876375
2/18/2016,46.45548,0.6445,0.6418,0.9003,0.73366,0.79489,0.1385,1108.152261,40.33344,1.68680208
2/19/2016,45.8235,0.6424,0.6394,0.8985,0.72782,0.79799,0.13794,1102.2798,40.52235,1.62475755
2/22/2016,46.123829,0.6552,0.6479,0.9067,0.73453,0.80305,0.13908,1095.864821,44.24696,1.66968805
2/23/2016,46.95405,0.6536,0.6449,0.9075,0.7371,0.80963,0.13921,1113.366375,43.83225,1.65891
2/24/2016,46.9436,0.6534,0.6461,0.908,0.73563,0.80944,0.13883,1115.705,42.8576,1.6281348
2/25/2016,46.505424,0.6567,0.6474,0.9076,0.73263,0.80327,0.13889,1118.989116,42.6572,1.60209552
2/26/2016,46.920092,0.6519,0.6498,0.9148,0.73887,0.80259,0.13949,1119.221208,42.5382,1.52295904
2/29/2016,47.677248,0.6568,0.6539,0.9197,0.74371,0.81619,0.14041,1139.204799,42.67408,1.48660308
3/2/2016,46.170618,0.6456,0.6371,0.9201,0.74956,0.81077,0.14081,1140.905598,44.07279,1.45900257
3/3/2016,45.744524,0.671,0.6571,0.9127,0.75132,0.80274,0.14006,1153.880975,45.17865,1.42070882
3/8/2016,46.518004,0.6806,0.6683,0.9082,0.75264,0.80637,0.13927,1145.639808,58.39726,1.40671098
3/10/2016,46.74657,0.6845,0.6534,0.8945,0.74333,0.79014,0.13812,1138.027625,53.40165,1.51734035
3/11/2016,47.17323,0.6917,0.6507,0.897,0.75183,0.78784,0.13793,1120.75665,51.7569,1.5450825
3/14/2016,47.674051,0.6768,0.6541,0.9007,0.75938,0.79133,0.13859,1112.607689,51.42997,1.51632845
3/15/2016,47.773614,0.6714,0.6517,0.9002,0.75802,0.79544,0.13829,1109.388476,48.52078,1.59983544
3/16/2016,47.182064,0.6729,0.6527,0.8909,0.74668,0.79146,0.13864,1124.823613,47.75224,1.54669149
3/17/2016,46.251225,0.6758,0.6545,0.8835,0.75305,0.79305,0.13657,1111.416495,48.50415,1.6070865
3/18/2016,46.574377,0.6744,0.6529,0.8873,0.76328,0.79542,0.13686,1113.91642,50.04372,1.63103486
3/21/2016,47.68256,0.6741,0.6542,0.8896,0.76461,0.79457,0.13695,1106.44,50.79616,1.56640768
3/22/2016,47.311905,0.6795,0.6557,0.8915,0.77244,0.79335,0.13725,1112.87728,50.36975,1.5642259
3/23/2016,48.20816,0.6736,0.6541,0.8944,0.77018,0.79594,0.13745,1091.266384,51.07024,1.618864
3/24/2016,47.912946,0.6738,0.6534,0.8949,0.76722,0.79285,0.13749,1088.932218,49.04052,1.5705495
3/29/2016,45.289584,0.6756,0.6539,0.8856,0.76103,0.78547,0.13732,1100.09232,46.58256,1.567512
3/30/2016,45.10548,0.6766,0.6532,0.882,0.76615,0.78431,0.13645,1080.46764,46.3932,1.620675
3/31/2016,44.971866,0.6729,0.6517,0.8787,0.76851,0.78054,0.13605,1083.217425,46.74684,1.71768276
4/1/2016,44.887027,0.6638,0.6482,0.8779,0.76066,0.78622,0.13578,1073.32054,46.87986,1.60611805
4/5/2016,43.849728,0.6491,0.6409,0.8784,0.76043,0.79617,0.13573,1081.61784,47.8728,1.66606128
4/7/2016,44.03289,0.6757,0.6662,0.8789,0.76338,0.8122,0.13577,1090.231505,47.63638,1.70023205
4/8/2016,43.992836,0.6854,0.6695,0.8774,0.76042,0.81181,0.13551,1088.581406,47.8183,1.75550192
4/11/2016,43.42562,0.6889,0.6489,0.8764,0.76452,0.81203,0.13553,1102.406032,48.99076,1.64176012
4/13/2016,44.68706,0.6788,0.6567,0.887,0.77538,0.81129,0.13681,1102.07089,52.8652,1.7567035
4/14/2016,44.809875,0.6829,0.651,0.8875,0.76744,0.81131,0.13707,1089.752375,52.7175,1.70550875
4/15/2016,45.045546,0.6845,0.6529,0.8862,0.77321,0.81482,0.13682,1093.561938,51.75408,1.5220485
4/18/2016,44.265712,0.685,0.6541,0.8839,0.76836,0.81226,0.13645,1089.397911,53.65273,1.5609674
4/19/2016,44.495416,0.6879,0.6588,0.8804,0.77487,0.80617,0.13605,1100.667276,54.76088,1.67240784
4/20/2016,45.207164,0.6899,0.6584,0.8852,0.77971,0.80586,0.13647,1101.4101,56.74132,1.7841206
4/21/2016,45.46952,0.6855,0.6566,0.886,0.78195,0.80944,0.13659,1105.7723,61.7542,1.717954
4/22/2016,45.756624,0.6867,0.6577,0.8909,0.77921,0.79684,0.13688,1098.506427,61.20483,1.69208637
4/25/2016,45.69595,0.6847,0.6564,0.8873,0.77293,0.79806,0.13661,1098.450781,60.15894,1.75490194
4/26/2016,44.755712,0.6859,0.6547,0.8852,0.76875,0.79516,0.13616,1100.65768,58.15764,1.6610778
4/27/2016,43.85088,0.6706,0.6546,0.8832,0.7692,0.7923,0.136,1100.317056,55.55328,1.66112256
4/28/2016,43.939292,0.6717,0.6549,0.8809,0.77395,0.81469,0.13642,1115.448434,56.81805,1.66719134
4/29/2016,43.621335,0.664,0.6496,0.8733,0.76652,0.82131,0.13481,1129.639749,57.46314,1.66634373
5/4/2016,43.951545,0.6627,0.6478,0.8705,0.75387,0.8134,0.13357,1113.96144,55.1897,1.73830145
5/5/2016,44.36608,0.6546,0.6452,0.8768,0.75301,0.81748,0.13466,1120.322432,54.27392,1.79533568
5/9/2016,44.299012,0.6802,0.6611,0.8786,0.75368,0.81108,0.13456,1110.444968,50.87094,1.73110558
5/10/2016,44.343099,0.6803,0.6515,0.8793,0.7497,0.80474,0.13465,1113.053112,48.80115,1.793772
5/12/2016,44.39829,0.6942,0.6547,0.879,0.75607,0.80632,0.1347,1110.77472,48.4329,1.7624829
5/13/2016,44.786016,0.6429,0.6446,0.8844,0.75487,0.81415,0.13563,1126.23918,47.66916,1.73315868
5/16/2016,45.000396,0.6438,0.6451,0.8834,0.74886,0.81025,0.13538,1125.592944,47.43858,1.6837604
5/17/2016,45.229163,0.6474,0.6455,0.8839,0.75303,0.80985,0.13526,1130.463905,47.81899,1.732444
5/18/2016,45.707205,0.6445,0.6454,0.8915,0.75382,0.80907,0.13557,1121.95275,48.6759,1.7018735
5/19/2016,45.852862,0.6452,0.6464,0.8926,0.74892,0.81179,0.13628,1119.98985,47.39706,1.62908426
5/20/2016,45.80631,0.6437,0.6449,0.891,0.74866,0.80901,0.13622,1115.51418,47.3121,1.6130664
5/23/2016,46.61499,0.6438,0.6468,0.8913,0.75344,0.81588,0.13615,1113.349569,46.70412,1.74097629
5/24/2016,46.639296,0.6448,0.6496,0.8976,0.75265,0.81606,0.13669,1101.543696,45.59808,1.709928
5/25/2016,46.680755,0.6453,0.6505,0.8965,0.75796,0.81357,0.13659,1097.683565,44.55605,1.58366725
5/26/2016,46.974972,0.6455,0.6504,0.8934,0.75688,0.81391,0.13635,1089.76932,43.59792,1.5621099
5/27/2016,47.315223,0.6466,0.6522,0.8997,0.76304,0.81597,0.13681,1090.778286,43.99533,1.59435837
5/31/2016,46.882277,0.6499,0.652,0.8983,0.75363,0.81128,0.13645,1091.721956,42.39976,1.8792436
6/1/2016,46.822482,0.6559,0.6459,0.8939,0.74919,0.81603,0.13601,1084.282822,42.19208,2.01610206
6/6/2016,47.681098,0.6487,0.6496,0.8807,0.75471,0.81881,0.13406,1096.770938,42.2736,2.04181488
6/7/2016,47.89376,0.6776,0.6672,0.8804,0.75719,0.81992,0.13409,1095.050324,43.40372,2.01321068
6/13/2016,45.027675,0.6542,0.6536,0.8855,0.75462,0.83341,0.13444,1136.85803,43.65515,2.23455925
6/14/2016,45.025458,0.6566,0.6585,0.8923,0.7606,0.84101,0.13532,1147.247956,43.99039,2.25118367
6/15/2016,44.93786,0.6579,0.6566,0.8881,0.75701,0.8378,0.13508,1147.203175,43.16166,2.32735486
6/16/2016,45.404076,0.6559,0.6604,0.8908,0.76047,0.85445,0.13615,1138.825444,43.6492,2.32302824
6/17/2016,45.306612,0.6559,0.6572,0.8868,0.75584,0.8511,0.13492,1151.64282,43.80792,2.2892742
6/20/2016,47.599944,0.6595,0.6581,0.8841,0.76146,0.85052,0.13425,1140.40059,43.49772,2.41571484
6/21/2016,48.3888,0.6626,0.662,0.8895,0.76873,0.84912,0.13464,1127.99274,43.7634,2.45635425
6/22/2016,48.06636,0.664,0.6614,0.8852,0.76648,0.84783,0.13474,1120.857944,44.08296,2.45855448
6/23/2016,47.518065,0.668,0.6568,0.8785,0.76342,0.8272,0.13381,1104.13394,44.01285,2.35850895
6/24/2016,48.55496,0.6734,0.6652,0.9005,0.7637,0.88107,0.13576,1184.832875,44.75485,2.40730665
6/27/2016,50.90991,0.6654,0.6654,0.907,0.76719,0.8893,0.1368,1201.4122,47.8896,2.5015967
6/28/2016,50.42646,0.6674,0.6677,0.9037,0.77169,0.87951,0.13612,1185.464623,48.07684,2.5854857
6/29/2016,49.70917,0.6698,0.6668,0.8989,0.77488,0.87419,0.1356,1185.783935,47.46192,2.63395678
6/30/2016,49.810128,0.6708,0.6683,0.9004,0.78174,0.87261,0.13549,1190.23876,48.26144,2.61034964
7/1/2016,50.722371,0.6414,0.6382,0.8979,0.78411,0.87584,0.13474,1204.398165,48.66618,2.58209103
7/6/2016,54.108054,0.6568,0.6515,0.9009,0.77292,0.88919,0.135,1228.629402,49.27923,2.47801554
7/7/2016,54.30328,0.676,0.6697,0.904,0.78303,0.89707,0.13523,1229.8468,49.4488,2.5812816
7/11/2016,54.185656,0.7,0.6519,0.9043,0.7884,0.87969,0.13523,1225.68822,49.46521,2.57300479
7/12/2016,54.842706,0.6958,0.6564,0.9041,0.78756,0.86369,0.13506,1205.25571,50.72001,2.48754074
7/13/2016,55.743094,0.686,0.6696,0.9017,0.78666,0.86304,0.13464,1210.658488,52.38877,2.53305564
7/14/2016,55.981425,0.6863,0.6699,0.8993,0.79031,0.85365,0.13466,1200.772339,51.70975,2.49402869
7/15/2016,56.392826,0.6865,0.6728,0.9062,0.79931,0.86438,0.13498,1211.99719,51.47216,2.41601982
7/18/2016,57.7856,0.6854,0.6701,0.9029,0.79447,0.85055,0.13459,1199.818665,50.74298,2.53588494
7/19/2016,57.75601,0.681,0.6704,0.9074,0.79891,0.85489,0.13565,1208.665874,49.81626,2.54589218
7/20/2016,57.215858,0.6785,0.6693,0.9079,0.7958,0.84933,0.13604,1194.850874,48.66344,2.47121301
7/21/2016,56.95332,0.6798,0.6692,0.9069,0.79833,0.85711,0.13615,1207.473867,50.60502,2.45071587
7/22/2016,57.29279,0.6797,0.6704,0.911,0.80297,0.85834,0.13643,1205.00703,50.9249,2.5285716
7/25/2016,56.11615,0.6793,0.6677,0.9095,0.8001,0.85961,0.1364,1196.5382,50.65915,2.5549674
7/26/2016,57.021192,0.683,0.6701,0.9103,0.80197,0.8698,0.13648,1201.832678,50.9768,2.47191965
7/27/2016,57.106545,0.6774,0.6685,0.9043,0.79724,0.85801,0.13635,1211.834344,51.45467,2.53059312
7/28/2016,58.013928,0.6773,0.6668,0.9028,0.80285,0.85769,0.13545,1205.9151,52.8138,2.49570032
7/29/2016,57.685254,0.6801,0.6678,0.8949,0.79885,0.8768,0.13488,1209.260472,52.17267,2.63413815
8/1/2016,60.771072,0.6364,0.6343,0.8958,0.80837,0.87483,0.13469,1212.15177,53.56884,2.56879608
8/2/2016,60.4989,0.6332,0.636,0.891,0.80272,0.88299,0.13443,1214.94087,53.7273,2.4822369
8/3/2016,60.542968,0.6756,0.6558,0.8968,0.80262,0.88589,0.13488,1218.015824,53.98736,2.58493632
8/4/2016,60.567885,0.6628,0.6504,0.8985,0.80649,0.8877,0.1352,1222.993275,53.0115,2.59459845
8/8/2016,59.5254,0.69,0.6696,0.9019,0.81366,0.88029,0.13552,1204.316089,54.92571,2.54931054
8/9/2016,59.70881,0.6788,0.657,0.8995,0.81324,0.88288,0.13523,1205.986635,54.59965,2.47353505
8/11/2016,60.042573,0.7041,0.6541,0.8979,0.81631,0.88066,0.13493,1202.090562,53.24547,2.39442993
8/12/2016,60.141767,0.7031,0.6619,0.8959,0.81211,0.88409,0.13482,1196.895523,52.49974,2.41821328
8/15/2016,61.985944,0.6862,0.6657,0.8942,0.8116,0.8831,0.13458,1197.69148,52.13186,2.4201523
8/16/2016,61.272926,0.6823,0.6618,0.8866,0.81159,0.88394,0.13386,1193.576384,52.13208,2.40454786
8/17/2016,60.991272,0.6782,0.6595,0.8856,0.79908,0.88338,0.13375,1194.435288,52.33896,2.39767344
8/18/2016,60.607848,0.677,0.6576,0.8808,0.79554,0.88173,0.13308,1191.158688,51.70296,2.3900508
8/19/2016,60.67093,0.6735,0.6558,0.883,0.79017,0.88109,0.13275,1184.51801,51.6555,2.3315615
8/22/2016,58.262468,0.6737,0.6541,0.8833,0.78423,0.88052,0.13283,1182.818197,52.02637,2.41617882
8/23/2016,58.491985,0.6736,0.6544,0.8845,0.79291,0.88236,0.13301,1183.07182,52.80465,2.3994716
8/24/2016,58.90553,0.6761,0.6555,0.8878,0.79126,0.88384,0.13352,1175.562614,52.91288,2.46071526
8/25/2016,58.88356,0.675,0.6547,0.886,0.7941,0.88134,0.1331,1171.26542,52.3626,2.5347574
8/26/2016,59.605494,0.6756,0.6572,0.8931,0.80197,0.8772,0.1332,1179.945858,52.60359,2.56962732
8/29/2016,60.179554,0.6766,0.657,0.8938,0.79444,0.87693,0.13396,1182.837044,52.10854,2.63501178
8/30/2016,60.816798,0.674,0.6576,0.8974,0.80145,0.87162,0.13432,1176.590114,52.0492,2.62426682
8/31/2016,61.380738,0.6738,0.6578,0.8962,0.80394,0.8665,0.13431,1173.098914,51.35226,2.63742698
9/2/2016,61.76196,0.6262,0.6337,0.8964,0.8024,0.86207,0.13423,1187.918244,51.543,2.55823596
9/6/2016,62.56817,0.6566,0.653,0.8885,0.80388,0.8709,0.13353,1199.475,50.91105,2.50281565
9/8/2016,62.75496,0.6902,0.6692,0.888,0.81279,0.86645,0.13302,1188.4104,50.172,2.5197
9/9/2016,62.864083,0.6713,0.6553,0.8903,0.8106,0.86691,0.13331,1182.167049,49.8568,2.60038824
9/12/2016,61.855,0.7054,0.6619,0.89,0.79929,0.87403,0.13332,1181.7598,49.306,2.665016
9/13/2016,62.268144,0.6656,0.6523,0.8912,0.79614,0.86899,0.13318,1175.53736,49.016,2.735984
9/14/2016,62.329668,0.6639,0.6519,0.8889,0.78964,0.86782,0.13294,1175.961366,48.8895,2.693367
9/19/2016,65.819895,0.6742,0.6572,0.8949,0.80032,0.87802,0.13414,1175.173731,49.04052,2.65892688
9/20/2016,66.246616,0.6776,0.6586,0.8968,0.80039,0.88166,0.13419,1179.148512,49.59304,2.76366856
9/21/2016,66.098052,0.6814,0.6604,0.8937,0.79784,0.89073,0.13447,1193.241429,49.77909,2.80675422
9/22/2016,66.192318,0.6819,0.6579,0.8922,0.80878,0.88541,0.13352,1192.933854,50.4093,2.79990204
9/23/2016,66.18644,0.6791,0.6554,0.8908,0.80809,0.88191,0.13359,1191.498448,50.50836,2.70099468
9/26/2016,66.645,0.6785,0.6531,0.8886,0.80205,0.88563,0.13303,1188.90237,50.614656,2.70632016
9/27/2016,67.61136,0.6836,0.6557,0.8915,0.81277,0.8878,0.13387,1183.30578,50.77984,2.70258225
9/28/2016,68.101685,0.6858,0.6559,0.8915,0.81272,0.88536,0.13382,1178.15291,50.9938,2.65497615
9/29/2016,69.11487,0.6803,0.6531,0.891,0.81086,0.88183,0.13345,1176.44967,51.4998,2.6259552
9/30/2016,70.273395,0.6813,0.6526,0.8901,0.80785,0.87772,0.1333,1171.255887,51.421077,2.52690489
10/10/2016,76.178822,0.6829,0.6529,0.8977,0.80985,0.86645,0.1337,1130.787805,51.240716,2.81922685
10/11/2016,77.062346,0.6989,0.6503,0.9047,0.80745,0.87407,0.13438,1133.40816,52.155955,2.84084847
10/13/2016,78.737064,0.6846,0.6548,0.9044,0.79626,0.87214,0.13463,1137.816596,52.654168,2.85672828
10/14/2016,80.513355,0.6945,0.6555,0.9113,0.80493,0.87497,0.13521,1140.063639,53.356615,2.85191335
10/17/2016,89.0918,0.6935,0.6543,0.9091,0.79898,0.87502,0.135,1141.693235,53.491444,2.87657422
10/18/2016,90.195728,0.6981,0.6572,0.9107,0.80642,0.87684,0.13505,1149.75875,53.576481,2.92872013
10/19/2016,90.346282,0.7036,0.6571,0.9113,0.81142,0.88093,0.1354,1156.649299,53.876056,2.86412477
10/20/2016,90.52095,0.6978,0.6572,0.915,0.81163,0.8802,0.13565,1158.1704,54.717,2.8281735
10/21/2016,90.850243,0.699,0.659,0.9187,0.80957,0.88524,0.136,1163.496802,54.488097,2.6522869
10/24/2016,91.9,0.6994,0.6596,0.919,0.81252,0.88211,0.13563,1162.02036,54.44156,2.5319369
10/25/2016,93.6768,0.7022,0.6609,0.9184,0.81036,0.8812,0.1354,1169.922208,56.233632,2.45249536
10/26/2016,95.272631,0.7014,0.6591,0.9167,0.80842,0.87747,0.13531,1161.55057,56.450386,2.45629765
10/27/2016,96.63381,0.6964,0.6579,0.9177,0.80322,0.87159,0.13503,1164.01068,56.557851,2.46457512
10/28/2016,96.308262,0.6921,0.6539,0.9102,0.79518,0.86909,0.13494,1160.932794,56.34138,2.4156708
10/31/2016,97.144369,0.693,0.6546,0.9107,0.79613,0.86876,0.13484,1163.155147,56.809466,2.540853
11/1/2016,98.66286,0.6442,0.642,0.9045,0.79362,0.86841,0.13378,1165.1769,56.65788,2.2903749
11/2/2016,98.985835,0.6278,0.6357,0.9011,0.78402,0.87229,0.13323,1168.555491,57.427103,2.04342447
11/3/2016,98.739825,0.6791,0.6532,0.9005,0.7904,0.87438,0.13331,1173.08135,57.388865,2.12346905
11/4/2016,98.412864,0.6659,0.6524,0.8976,0.78494,0.87059,0.13311,1171.421856,57.455376,1.96897536
11/7/2016,101.85721,0.6811,0.6694,0.9058,0.79246,0.86697,0.13373,1160.909512,59.837148,2.11268792
11/8/2016,102.52728,0.6913,0.6684,0.907,0.79926,0.86238,0.13332,1157.04176,60.53318,2.1017911
11/10/2016,102.9537,0.682,0.6558,0.918,0.79815,0.85938,0.13475,1155.9456,67.3812,1.9078794
11/11/2016,101.035459,0.6966,0.6521,0.9211,0.79077,0.86365,0.13499,1130.779204,70.528627,1.86854346
11/14/2016,98.095048,0.7035,0.6583,0.9314,0.79505,0.85899,0.13603,1137.56539,74.13944,2.07059534
11/15/2016,98.958186,0.705,0.6598,0.9326,0.79683,0.85411,0.13568,1145.913598,72.966624,2.32180096
11/16/2016,97.085166,0.6997,0.661,0.9354,0.79983,0.85754,0.13581,1145.855646,69.752778,2.36871342
11/17/2016,96.341232,0.697,0.6625,0.9412,0.80022,0.85452,0.13616,1144.894504,69.545268,2.1991138
11/18/2016,94.931088,0.6921,0.6621,0.9444,0.79827,0.85155,0.13699,1140.731316,68.969532,2.43777972
11/21/2016,83.26965,0.6932,0.6606,0.9409,0.79284,0.84907,0.13653,1142.469007,68.648064,2.63339092
11/22/2016,84.45475,0.6965,0.6609,0.941,0.80005,0.84649,0.13692,1140.79312,70.00099,2.5817276
11/23/2016,87.406371,0.6997,0.6618,0.9477,0.80563,0.84239,0.1372,1126.170864,72.328464,2.59622415
11/25/2016,88.6416,0.702,0.6613,0.944,0.80204,0.83375,0.13632,1117.28064,75.60496,2.575232
11/28/2016,86.7008,0.7049,0.6617,0.9424,0.80511,0.84177,0.13648,1125.2256,76.249584,2.74624784
11/29/2016,84.77292,0.7027,0.659,0.939,0.8034,0.83546,0.13646,1115.82309,76.08717,2.8505223
11/30/2016,84.467136,0.6974,0.6589,0.9444,0.80796,0.82503,0.13698,1107.97008,74.739816,3.111798
12/1/2016,83.651301,0.6434,0.6404,0.9379,0.80341,0.82199,0.13712,1098.928051,74.722493,3.20489809
12/2/2016,83.409375,0.6305,0.6356,0.9375,0.79963,0.82591,0.13628,1103.840625,74.56875,3.19246875
12/5/2016,79.94974,0.6439,0.6402,0.929,0.79087,0.81598,0.13538,1087.28302,75.10965,3.346258
12/7/2016,77.9898,0.6892,0.6715,0.93,0.79637,0.81762,0.13511,1091.8014,75.8229,3.499404
12/8/2016,78.467509,0.6855,0.6654,0.9421,0.81287,0.82614,0.13671,1102.991838,76.432573,3.44752074
12/9/2016,78.980929,0.6734,0.6563,0.9469,0.81219,0.8212,0.13726,1098.271434,76.215981,3.55106438
12/12/2016,78.309258,0.7049,0.6605,0.9402,0.80476,0.81742,0.13647,1092.719244,78.69474,3.3546336
12/13/2016,78.807714,0.7058,0.6608,0.9411,0.80642,0.81702,0.13623,1090.301994,77.621928,3.39068919
12/14/2016,79.411197,0.7029,0.6605,0.9491,0.8114,0.8109,0.13591,1084.773845,78.281768,3.33760506
12/15/2016,80.56917,0.7066,0.6656,0.9603,0.81494,0.81257,0.13819,1083.69855,78.226038,3.40983324
12/16/2016,80.447744,0.699,0.6621,0.9568,0.80825,0.81114,0.13784,1085.853184,77.730432,3.31167616
12/19/2016,82.892899,0.6965,0.6634,0.9613,0.8099,0.82103,0.13746,1094.161273,76.884774,3.38752507
12/20/2016,84.265131,0.6989,0.6658,0.9627,0.80671,0.81685,0.13856,1090.113345,76.034046,3.234672
12/21/2016,84.850085,0.6944,0.6638,0.9593,0.80352,0.81595,0.13795,1085.553473,75.755921,3.33711691
12/22/2016,85.826598,0.6914,0.6604,0.9581,0.79904,0.8151,0.13727,1081.100878,75.412051,3.41763851
12/23/2016,85.894284,0.6863,0.6611,0.9564,0.79512,0.81524,0.13773,1083.88812,74.924376,3.43175448
1/3/2017,87.661931,0.7278,0.6729,0.9611,0.79857,0.81621,0.13856,1113.761124,74.946578,3.25832122
1/5/2017,83.72064,0.6905,0.6568,0.9428,0.79479,0.81722,0.13755,1112.617136,74.283212,3.10737452
1/6/2017,82.285324,0.6577,0.6432,0.9493,0.79585,0.81137,0.13687,1113.177659,74.396641,3.15746673
1/9/2017,77.875947,0.6727,0.621,0.9459,0.78286,0.81496,0.13667,1117.20249,74.640969,2.95101882
1/11/2017,76.51665,0.6606,0.6324,0.945,0.78999,0.81885,0.13787,1126.0809,74.9385,3.0979935
1/12/2017,76.495914,0.6398,0.6243,0.9423,0.79539,0.82141,0.13608,1126.453689,75.657267,3.12862446
1/13/2017,76.58804,0.7048,0.6578,0.9395,0.79957,0.82046,0.13648,1124.90093,75.413665,3.15775345
1/17/2017,76.221444,0.7063,0.6595,0.9334,0.7948,0.8289,0.13651,1136.013138,78.162916,3.08554038
1/18/2017,77.559552,0.706,0.6581,0.9408,0.80639,0.8206,0.13652,1133.00544,78.5568,3.06051648
1/19/2017,77.379004,0.7091,0.6577,0.9377,0.7964,0.81645,0.13728,1129.787845,77.45402,3.01451796
1/20/2017,77.124285,0.706,0.6553,0.9345,0.79925,0.81535,0.13623,1131.04404,76.582275,2.99684805
1/23/2017,77.1999,0.7046,0.6553,0.929,0.79703,0.8243,0.13587,1131.73567,76.10368,2.9230056
1/24/2017,77.888202,0.7065,0.6556,0.9319,0.7993,0.81889,0.13557,1126.611186,77.757736,3.0277431
1/25/2017,78.069864,0.7045,0.6584,0.9304,0.79776,0.82135,0.13518,1117.121976,77.632576,3.0279868
1/26/2017,78.81962,0.7054,0.6562,0.9361,0.80723,0.81744,0.13597,1112.55485,78.108184,3.20090034
2/3/2017,76.512544,0.7207,0.6737,0.9272,0.80792,0.82354,0.13505,1131.46216,77.23576,2.78215632
2/6/2017,74.536926,0.659,0.6415,0.9302,0.81749,0.83247,0.13581,1149.290006,76.360118,2.72064896
2/8/2017,74.140404,0.672,0.6206,0.9347,0.8148,0.83504,0.13622,1160.458091,78.458718,2.85036765
2/10/2017,74.347578,0.6671,0.626,0.9398,0.81649,0.83012,0.1367,1159.356076,80.719422,2.74994878
2/13/2017,73.806777,0.721,0.6627,0.9437,0.81926,0.82969,0.13712,1156.277862,86.8204,2.74796003
2/14/2017,73.7412,0.7245,0.6654,0.9454,0.83115,0.8274,0.13761,1161.074102,87.137518,2.760568
2/15/2017,73.273878,0.7274,0.6649,0.9434,0.82596,0.82636,0.13765,1163.87258,86.953178,2.75123742
2/16/2017,72.272466,0.7209,0.6613,0.9369,0.8207,0.82727,0.13684,1160.856576,86.354073,2.63999682
2/17/2017,72.73784,0.722,0.6642,0.9422,0.82199,0.83497,0.13702,1163.24012,87.031014,2.58473726
2/21/2017,76.345604,0.7284,0.6681,0.9491,0.82797,0.83488,0.1379,1172.840834,90.079081,2.38812542
2/22/2017,76.449912,0.7295,0.6705,0.9471,0.8291,0.83589,0.13846,1171.979424,88.610676,2.39654184
2/23/2017,76.34655,0.7291,0.6719,0.945,0.83076,0.83917,0.13768,1180.8342,87.5259,2.457945
2/24/2017,76.813884,0.7265,0.6738,0.9468,0.83713,0.84437,0.13751,1190.307492,85.193064,2.3513778
2/27/2017,77.655566,0.7248,0.6727,0.9446,0.8332,0.83814,0.13725,1183.328758,86.922092,2.30350156
2/28/2017,77.956475,0.7239,0.674,0.9455,0.83651,0.83843,0.1371,1180.40002,87.42093,2.3779325
3/1/2017,78.008414,0.6938,0.6627,0.9482,0.82858,0.83369,0.13782,1184.956058,86.893048,2.46124274
3/2/2017,78.228442,0.7128,0.6577,0.9518,0.83372,0.83195,0.13807,1174.75915,86.832714,2.46240178
3/3/2017,76.772428,0.7151,0.6677,0.9413,0.8142,0.82556,0.1373,1162.326653,84.971151,2.35710933
3/7/2017,75.248264,0.6741,0.6364,0.9464,0.82563,0.8303,0.13707,1150.689904,82.308408,2.517424
3/8/2017,75.023196,0.6696,0.62,0.9487,0.8281,0.82941,0.13702,1146.323697,81.758966,2.54991586
3/10/2017,73.64034,0.6672,0.6251,0.9369,0.80951,0.81648,0.13611,1128.627216,79.374168,2.79317997
3/13/2017,74.072817,0.7107,0.6637,0.9387,0.82035,0.8171,0.13555,1130.47641,80.63433,2.881809
3/14/2017,75.20425,0.7128,0.6662,0.943,0.82084,0.82184,0.13595,1130.77016,81.0037,2.8635138
3/15/2017,74.862095,0.7182,0.6648,0.9317,0.81477,0.82177,0.136,1136.562196,82.539303,2.79929265
3/16/2017,74.971519,0.7131,0.663,0.9289,0.8205,0.81973,0.13513,1139.398029,81.910402,2.665943
3/17/2017,75.24096,0.7175,0.6642,0.9312,0.82282,0.82627,0.13485,1144.686912,82.78368,2.672544
3/20/2017,75.445824,0.7198,0.6666,0.9312,0.83126,0.82728,0.13462,1149.324288,82.1784,2.71854528
3/21/2017,75.02675,0.7114,0.661,0.925,0.82577,0.82799,0.13445,1151.44925,81.1225,2.8307775
3/22/2017,74.864746,0.7111,0.6625,0.9262,0.8245,0.83317,0.13435,1156.675608,78.81962,2.76081696
3/23/2017,75.202866,0.7073,0.6627,0.9274,0.82614,0.83597,0.13469,1154.79848,78.671342,2.72034242
3/24/2017,75.097449,0.7059,0.662,0.9261,0.82497,0.83167,0.13445,1151.670177,77.551614,2.759778
3/27/2017,76.13362,0.7012,0.6606,0.9206,0.82713,0.83186,0.1337,1155.224116,74.734308,2.71632236
3/28/2017,75.779165,0.706,0.6615,0.9247,0.83075,0.83205,0.13385,1157.557954,73.726331,2.71048064
3/29/2017,76.123355,0.7124,0.6663,0.9289,0.83358,0.83651,0.1349,1164.329705,74.646404,2.888879
3/30/2017,76.845704,0.7158,0.67,0.9368,0.83842,0.83693,0.13529,1164.105152,75.03768,2.87728752
3/31/2017,77.379325,0.716,0.6718,0.9385,0.83916,0.8426,0.13578,1172.3742,75.277085,2.9091623
4/5/2017,82.095012,0.6745,0.65,0.9378,0.83413,0.84711,0.13602,1177.651728,74.902086,3.01277628
4/7/2017,83.277817,0.6704,0.6373,0.9443,0.83245,0.85024,0.1365,1184.652679,72.229507,3.01618863
4/10/2017,82.1019,0.6687,0.6247,0.9437,0.82608,0.85073,0.13664,1184.041516,70.031977,2.97576921
4/12/2017,79.020928,0.6404,0.6254,0.9376,0.82134,0.86012,0.13669,1206.484928,66.485216,2.80726816
4/13/2017,78.993009,0.7131,0.6738,0.9423,0.83399,0.86374,0.13652,1213.607016,62.691219,2.81700585
4/18/2017,77.62727,0.7045,0.6677,0.9319,0.81581,0.85954,0.13581,1201.927344,56.10038,2.85245271
4/19/2017,77.67552,0.7,0.6675,0.9336,0.81881,0.85763,0.13556,1195.204056,55.941312,2.91600624
4/20/2017,77.35399,0.7023,0.6676,0.9331,0.81865,0.85355,0.13491,1196.14089,56.536529,2.89764874
4/21/2017,77.183025,0.7038,0.6673,0.9325,0.82188,0.85438,0.13576,1197.7403,59.260375,2.8338675
4/24/2017,73.911633,0.6966,0.6607,0.9201,0.81426,0.83831,0.13375,1174.332831,57.248622,2.74217403
4/25/2017,73.26176,0.6896,0.6566,0.9152,0.81317,0.82388,0.13286,1156.931776,57.56608,2.70697856
4/26/2017,73.138725,0.6855,0.657,0.9171,0.81498,0.82579,0.13339,1164.001662,59.473935,2.77010055
4/27/2017,73.456439,0.6866,0.6584,0.9197,0.81384,0.82666,0.13344,1162.77671,59.017149,2.82605416
4/28/2017,73.267974,0.6873,0.6568,0.9178,0.80672,0.82286,0.13312,1164.027384,60.125078,2.90630548
5/4/2017,70.82912,0.7099,0.6693,0.9104,0.80368,0.80948,0.13252,1118.116864,56.317344,2.79383552
5/5/2017,70.390264,0.6748,0.6472,0.9092,0.79743,0.80657,0.13182,1116.506692,53.270028,2.800336
5/9/2017,67.40668,0.6711,0.6205,0.9196,0.80721,0.80676,0.13302,1123.043108,54.008108,2.7896066
5/10/2017,67.321832,0.6656,0.6258,0.9202,0.81018,0.80518,0.13334,1121.81582,55.02796,2.86163796
5/12/2017,66.242574,0.6433,0.6277,0.9147,0.81136,0.80708,0.13269,1123.644921,52.485486,2.97030531
5/15/2017,64.87032,0.6754,0.6517,0.9111,0.81092,0.80071,0.13212,1121.400102,52.032921,2.9765637
5/16/2017,64.081346,0.6701,0.6468,0.9023,0.80856,0.79763,0.13119,1116.361652,52.387538,2.91226348
5/17/2017,64.69842,0.6659,0.6444,0.8961,0.80142,0.80857,0.13045,1130.304696,53.58678,2.8334682
5/18/2017,65.886205,0.6683,0.6467,0.9007,0.80099,0.80788,0.13048,1123.235949,52.654922,2.82117254
5/19/2017,65.539435,0.6657,0.6439,0.8923,0.79186,0.8021,0.12976,1120.666339,53.35954,2.75426241
5/22/2017,67.258642,0.6654,0.642,0.8899,0.79554,0.79958,0.1293,1121.834637,55.253891,2.85417627
5/23/2017,67.351144,0.6687,0.6431,0.8942,0.79553,0.79994,0.12917,1118.840924,54.912822,2.86126116
5/24/2017,66.756946,0.6689,0.6438,0.8914,0.7914,0.79947,0.12986,1122.031922,52.111244,2.76815356
5/25/2017,65.80284,0.665,0.6433,0.892,0.79889,0.79759,0.12982,1120.05764,51.78952,2.7324636
5/26/2017,65.881504,0.6661,0.6473,0.8944,0.79801,0.80329,0.13046,1132.990144,51.11496,2.77389216
5/31/2017,66.206936,0.6609,0.643,0.8894,0.79437,0.80291,0.13054,1128.577448,49.868658,2.6682
6/1/2017,66.134385,0.6931,0.6599,0.8919,0.79491,0.80086,0.13094,1129.109724,48.804768,2.61585351
6/2/2017,65.905268,0.7126,0.6605,0.8863,0.79002,0.80266,0.13021,1133.728371,49.083294,2.534818
6/6/2017,68.391171,0.6656,0.6429,0.8867,0.7937,0.81045,0.13056,1147.735613,49.362589,2.62126254
6/7/2017,69.7394,0.664,0.6333,0.8884,0.79036,0.80895,0.13076,1143.50406,49.119636,2.65960308
6/9/2017,72.169707,0.6713,0.6217,0.8933,0.79525,0.8096,0.13145,1131.596708,48.854577,2.65863946
6/12/2017,75.64785,0.6412,0.6284,0.8926,0.79178,0.81178,0.13135,1130.192268,49.191186,2.749208
6/13/2017,75.374,0.6724,0.6459,0.892,0.79059,0.81047,0.1312,1129.7626,48.4356,2.6850092
6/14/2017,74.681492,0.6765,0.6481,0.8914,0.79313,0.81369,0.13055,1123.930604,48.643698,2.58541656
6/15/2017,75.068118,0.68,0.6484,0.8973,0.79814,0.80879,0.13173,1125.196254,49.333554,2.62164141
6/16/2017,74.716746,0.6806,0.6456,0.8931,0.78739,0.80551,0.13117,1119.706263,49.334844,2.6516139
6/19/2017,76.245,0.6817,0.6467,0.897,0.79193,0.80426,0.13133,1115.72448,49.7835,2.5640745
6/20/2017,75.88945,0.6808,0.6465,0.8981,0.79103,0.80581,0.13168,1116.347281,49.242823,2.5739546
6/21/2017,75.330002,0.6763,0.6445,0.8954,0.78269,0.80388,0.13141,1116.098192,49.094782,2.57982648
6/22/2017,75.42088,0.6763,0.645,0.8968,0.78597,0.80547,0.13118,1121.457368,48.929408,2.55623872
6/23/2017,75.197994,0.6762,0.6438,0.8933,0.78443,0.80281,0.1306,1122.619043,48.979639,2.55474867
6/26/2017,72.778134,0.6784,0.6442,0.8943,0.78653,0.79944,0.13049,1113.153096,48.506832,2.66242053
6/27/2017,71.380986,0.6687,0.6357,0.8819,0.77601,0.78495,0.12995,1099.879223,49.439314,2.6271801
6/28/2017,72.04284,0.6715,0.6359,0.879,0.76835,0.78252,0.12953,1098.10833,51.19296,2.66337
6/29/2017,72.121991,0.6716,0.6338,0.8741,0.76589,0.77924,0.12897,1088.700291,54.036862,2.62623345
6/30/2017,72.168992,0.6727,0.6359,0.8752,0.76499,0.77877,0.12926,1086.657072,53.921072,2.57650128
7/3/2017,70.0744,0.7181,0.6706,0.88,0.76732,0.77616,0.12948,1073.776,54.8944,2.546104
7/6/2017,72.08919,0.6707,0.6426,0.8754,0.75636,0.77321,0.1289,1072.557588,52.61154,2.51791302
7/7/2017,72.474264,0.6668,0.6345,0.8772,0.75987,0.77015,0.12901,1063.569912,53.237268,2.53405536
7/11/2017,72.802908,0.6598,0.6327,0.8721,0.75749,0.76537,0.12863,1061.973612,54.9423,2.60714295
7/12/2017,73.372599,0.6381,0.6285,0.8763,0.76531,0.77434,0.12904,1069.532913,55.916703,2.60778117
7/13/2017,73.596312,0.6783,0.6385,0.8774,0.77207,0.77444,0.12945,1068.304692,54.846274,2.57850312
7/14/2017,73.265757,0.6827,0.6358,0.8719,0.76931,0.77474,0.12881,1071.30353,54.110114,2.5537951
7/17/2017,73.3986,0.6795,0.6363,0.8712,0.7721,0.77353,0.12881,1075.156632,55.721952,2.63137248
7/18/2017,75.116745,0.6852,0.6334,0.8655,0.77053,0.77234,0.12805,1075.357785,58.326045,2.67067335
7/19/2017,76.358412,0.6906,0.6345,0.8684,0.77487,0.77576,0.12853,1077.9015,59.242248,2.69308208
7/20/2017,76.659768,0.6842,0.6291,0.8598,0.76374,0.76829,0.12704,1070.012502,59.145642,2.66701362
7/21/2017,78.039488,0.6786,0.6291,0.8572,0.76659,0.77128,0.12685,1075.768856,58.152448,2.5943158
7/24/2017,78.1599,0.6806,0.6307,0.8589,0.77107,0.77318,0.12721,1078.17717,57.322986,2.54354646
7/25/2017,78.492655,0.6814,0.6303,0.8585,0.76976,0.76734,0.12707,1073.17651,58.369415,2.54261945
7/26/2017,77.9763,0.6822,0.6279,0.8522,0.75963,0.76653,0.12725,1074.223666,58.495008,2.49191802
7/27/2017,78.454804,0.6823,0.6299,0.8564,0.76957,0.76974,0.12712,1078.33606,57.986844,2.502829
7/28/2017,78.539508,0.6795,0.6273,0.8511,0.75844,0.76905,0.12627,1080.590604,58.21524,2.48393535
7/31/2017,81.283125,0.6758,0.6233,0.8445,0.75445,0.76592,0.12615,1072.04208,61.69917,2.39508645
8/2/2017,81.75202,0.7145,0.6599,0.8435,0.75045,0.76165,0.12538,1068.419275,61.69359,2.3366637
8/3/2017,81.8236,0.7141,0.6693,0.8425,0.74651,0.7656,0.12528,1068.7955,61.85635,2.339454
8/8/2017,81.354549,0.6734,0.6241,0.8509,0.7562,0.77114,0.12705,1072.950864,65.315084,2.36099223
8/9/2017,81.08564,0.6689,0.6192,0.8504,0.74916,0.77254,0.12761,1086.21592,66.705376,2.42772192
8/11/2017,80.69886,0.6621,0.6333,0.8459,0.73957,0.77462,0.12723,1090.627329,65.117382,2.46546014
8/14/2017,81.4848,0.6665,0.6229,0.8488,0.74467,0.77434,0.12725,1088.28892,64.542752,2.5158432
8/15/2017,82.356608,0.6664,0.6232,0.8522,0.75075,0.76997,0.12753,1083.597866,64.375188,2.49421896
8/16/2017,82.549572,0.6735,0.6239,0.8498,0.74436,0.77123,0.12766,1090.386878,64.49982,2.45651686
8/17/2017,83.69636,0.6727,0.6241,0.853,0.74994,0.77845,0.12757,1098.79195,66.86667,2.4525456
8/18/2017,85.11503,0.6743,0.6239,0.8503,0.74504,0.77861,0.12776,1091.895739,66.969628,2.45430592
8/21/2017,86.1212,0.672,0.622,0.8464,0.74313,0.77668,0.12695,1093.447232,68.482224,2.51947888
8/22/2017,86.567364,0.6727,0.6241,0.8502,0.74989,0.77591,0.12755,1092.575016,68.194542,2.55723156
8/23/2017,86.14837,0.6694,0.6223,0.847,0.74831,0.77681,0.12713,1093.44312,65.06654,2.4762892
8/24/2017,86.622975,0.6695,0.6223,0.8475,0.75143,0.77355,0.12718,1090.224,66.86775,2.51292225
8/25/2017,85.394638,0.6654,0.6186,0.8386,0.74317,0.76682,0.12669,1082.92611,66.173926,2.45785274
8/29/2017,83.737152,0.6641,0.6164,0.8352,0.74171,0.76104,0.12604,1093.468896,64.844928,2.40938496
8/30/2017,83.99853,0.6652,0.6192,0.8415,0.7485,0.76329,0.12738,1101.1869,64.517805,2.4122439
8/31/2017,82.760832,0.6673,0.6193,0.8397,0.74463,0.7635,0.12776,1109.604771,65.992023,2.43042768
9/1/2017,82.768512,0.6956,0.6586,0.8432,0.75096,0.76477,0.12844,1117.433936,66.882624,2.44831552
9/5/2017,81.346254,0.6754,0.6514,0.8394,0.7422,0.77137,0.12834,1124.552574,65.607504,2.40387372
9/6/2017,81.585693,0.6715,0.6453,0.8391,0.73898,0.76829,0.12834,1119.544002,65.273589,2.45889864
9/8/2017,81.54302,0.6707,0.6235,0.8308,0.73698,0.77052,0.12798,1118.746972,64.353768,2.34775772
9/11/2017,82.304708,0.6597,0.6321,0.8366,0.73911,0.7647,0.12785,1110.619964,63.640162,2.3818002
9/13/2017,83.776654,0.6718,0.623,0.8413,0.74563,0.76153,0.12851,1112.509881,64.662318,2.51355201
9/14/2017,83.47211,0.6716,0.6231,0.839,0.7408,0.76107,0.12843,1115.65186,63.14314,2.5473718
9/15/2017,83.23128,0.6695,0.6221,0.837,0.73953,0.75517,0.12756,1104.99066,62.11377,2.4990309
9/18/2017,82.34506,0.6659,0.6207,0.8365,0.74242,0.74978,0.12726,1093.67356,62.05157,2.5958268
9/19/2017,80.968944,0.6678,0.6192,0.8337,0.73696,0.74706,0.1269,1093.105755,60.843426,2.61498342
9/20/2017,80.943816,0.6753,0.6234,0.8408,0.74516,0.74939,0.12681,1093.96488,60.638496,2.6405324
9/21/2017,80.315034,0.6642,0.6205,0.8374,0.73924,0.74452,0.12718,1081.25088,58.651496,2.60046196
9/22/2017,79.939504,0.666,0.6219,0.8368,0.73637,0.74737,0.12681,1085.58064,55.697408,2.46420864
9/25/2017,76.997436,0.6699,0.6246,0.8439,0.74571,0.75536,0.12737,1106.167242,55.098231,2.50266984
9/26/2017,79.34736,0.6687,0.626,0.848,0.74583,0.75546,0.12792,1097.29504,54.40768,2.5021088
9/27/2017,80.533926,0.6683,0.6262,0.8514,0.74637,0.75462,0.12814,1092.158892,54.74502,2.51478018
9/28/2017,80.665872,0.6666,0.6248,0.8484,0.73804,0.75514,0.12727,1092.14532,54.229728,2.47919448
9/29/2017,80.721168,0.6631,0.6235,0.8464,0.73863,0.75228,0.12711,1083.1804,53.49248,2.44279504
10/10/2017,79.94736,0.6587,0.6245,0.8469,0.74582,0.75311,0.12882,1090.832607,53.913654,2.45473965
10/11/2017,79.80888,0.6567,0.6302,0.8432,0.74282,0.74961,0.12806,1089.178304,53.028848,2.46813072
10/13/2017,80.233615,0.6673,0.6269,0.8459,0.74927,0.7565,0.12835,1102.901338,52.048227,2.54835834
10/16/2017,82.777905,0.6655,0.627,0.8477,0.75164,0.75561,0.12849,1098.441183,52.752371,2.43476394
10/17/2017,83.154216,0.6668,0.6267,0.8499,0.75042,0.75748,0.12846,1092.223488,53.135748,2.45604102
10/18/2017,83.474076,0.6657,0.6252,0.8484,0.7507,0.75122,0.1282,1086.868272,51.939048,2.38748244
10/19/2017,83.129761,0.6648,0.6219,0.8437,0.74513,0.74972,0.12767,1088.482681,50.70637,2.37273751
10/20/2017,83.384775,0.6634,0.6234,0.8487,0.75006,0.74789,0.12818,1086.734889,51.482142,2.34741933
10/23/2017,82.990761,0.6644,0.625,0.8511,0.75297,0.75035,0.12825,1091.339997,51.840501,2.50044669
10/24/2017,82.683172,0.6612,0.624,0.8503,0.7541,0.74642,0.12811,1085.475974,51.910815,2.48644726
10/25/2017,82.34752,0.6521,0.6222,0.8465,0.75053,0.74421,0.12753,1081.429145,51.560315,2.48354635
10/26/2017,83.56524,0.6575,0.6278,0.8584,0.7633,0.75294,0.12873,1087.584216,52.044792,2.47717072
10/27/2017,83.952044,0.6614,0.6311,0.8614,0.76211,0.75782,0.12983,1096.86369,51.16716,2.39658708
10/30/2017,84.66143,0.6599,0.6307,0.8582,0.76304,0.75837,0.12944,1095.312078,50.427832,2.46354892
10/31/2017,84.882495,0.6574,0.6301,0.8587,0.76645,0.75561,0.12928,1091.794115,50.113732,2.40436
11/1/2017,85.484724,0.7032,0.6623,0.8607,0.77237,0.75367,0.13024,1097.099862,50.936226,2.27551866
11/7/2017,85.498686,0.6661,0.631,0.8631,0.77619,0.75697,0.13007,1100.71143,53.097912,2.65584501
11/8/2017,85.37025,0.6678,0.6216,0.8625,0.77319,0.75739,0.13016,1105.173,53.18175,2.7184275
11/9/2017,84.9551,0.6717,0.6211,0.859,0.77002,0.75702,0.1295,1103.87513,52.45054,2.7337675
11/10/2017,84.581218,0.6568,0.6226,0.8573,0.76748,0.75508,0.12898,1093.117511,52.200997,2.69569412
11/13/2017,83.301549,0.6534,0.6294,0.8571,0.7648,0.75434,0.12908,1095.639501,52.531659,2.67269493
11/14/2017,82.157868,0.6469,0.6237,0.8476,0.75806,0.74707,0.1282,1085.1399,52.67834,2.61340508
11/15/2017,81.705954,0.6436,0.6251,0.8481,0.76231,0.75135,0.1278,1083.990534,51.259164,2.64089859
11/16/2017,81.528715,0.6446,0.6265,0.8497,0.77141,0.75148,0.12821,1086.409426,51.925167,2.59464392
11/17/2017,80.747601,0.6416,0.6253,0.8481,0.77282,0.75646,0.12803,1096.101402,52.175112,2.58874044
11/20/2017,77.5593,0.6435,0.6282,0.8523,0.77437,0.75676,0.12828,1088.318916,53.064198,2.59977069
11/21/2017,77.94885,0.6456,0.629,0.8519,0.77738,0.75764,0.12851,1090.951659,53.831561,2.5957393
11/22/2017,77.543653,0.6443,0.6279,0.8459,0.77659,0.7604,0.12829,1093.004308,53.951502,2.47569553
11/27/2017,80.0156,0.6389,0.6241,0.8405,0.77203,0.75641,0.12702,1088.04406,56.120185,2.3673523
11/28/2017,81.064708,0.6415,0.6275,0.8446,0.77894,0.75761,0.12738,1092.895508,56.072994,2.4569414
11/29/2017,81.438768,0.639,0.6266,0.8441,0.78393,0.75414,0.1276,1083.520524,56.343675,2.608269
11/30/2017,81.23767,0.6356,0.6229,0.8401,0.77209,0.74647,0.12699,1071.135901,57.740073,2.47132217
12/1/2017,81.423072,0.7052,0.6602,0.8408,0.77369,0.7488,0.12738,1076.745296,57.821816,2.38820832
12/4/2017,81.760028,0.7054,0.672,0.8428,0.77399,0.74975,0.1276,1075.564504,60.234916,2.44504708
12/5/2017,81.887904,0.6756,0.6515,0.8456,0.77874,0.75097,0.12764,1070.335112,60.468856,2.42044544
12/6/2017,81.98226,0.6731,0.6446,0.8478,0.77536,0.75497,0.12817,1071.085086,58.83732,2.47396518
12/7/2017,82.128486,0.6728,0.6361,0.8494,0.77683,0.75112,0.12814,1059.388668,56.926788,2.38120796
12/12/2017,84.708652,0.6438,0.6296,0.8516,0.7798,0.75004,0.12867,1059.807684,57.01462,2.38984508
12/13/2017,85.617,0.6458,0.628,0.8456,0.77534,0.75137,0.12848,1061.6508,56.384608,2.2602888
12/14/2017,86.871421,0.6509,0.6309,0.8491,0.77981,0.75541,0.1284,1063.888336,57.203867,2.26353078
12/15/2017,87.314349,0.6508,0.6311,0.8511,0.78134,0.75585,0.1285,1069.356084,57.568404,2.23005222
12/18/2017,88.546816,0.6505,0.63,0.8488,0.77972,0.75417,0.12787,1071.406288,59.475416,2.29778648
12/19/2017,87.948198,0.6472,0.6272,0.8446,0.7786,0.74816,0.12809,1065.63182,58.927742,2.31471076
12/20/2017,87.752808,0.6458,0.6266,0.8424,0.77936,0.74289,0.12798,1066.116168,58.42044,2.2719528
12/21/2017,87.664598,0.6487,0.6268,0.8422,0.77788,0.74318,0.12798,1066.73052,59.274036,2.19148862
12/22/2017,87.64671,0.6506,0.6274,0.843,0.78076,0.74429,0.12852,1074.11688,60.05532,2.2018317
12/27/2017,87.434328,0.6534,0.6279,0.8412,0.78307,0.7421,0.12812,1082.775816,57.91662,2.31691716
12/28/2017,87.012216,0.6527,0.6258,0.8373,0.78209,0.74175,0.12812,1084.336992,57.974652,2.48217585
12/29/2017,86.53204,0.6506,0.6231,0.833,0.78044,0.73924,0.12817,1085.2324,58.95974,2.9484868
1/2/2018,87.026742,0.6427,0.6112,0.8293,0.78129,0.73849,0.128,1092.652508,60.356454,5.91672378
1/3/2018,87.183425,0.6322,0.6162,0.8323,0.78174,0.73978,0.1281,1092.984683,61.124112,5.65964
1/5/2018,87.494325,0.6246,0.6254,0.8313,0.7823,0.7353,0.12803,1096.975167,60.817908,2.43562587
1/8/2018,88.28114,0.635,0.6298,0.8356,0.78377,0.73888,0.12859,1103.32624,61.04058,2.414884
1/16/2018,86.611026,0.6493,0.6174,0.8157,0.76757,0.73848,0.12702,1091.741037,59.570571,4.453722
1/17/2018,87.3939,0.6541,0.6196,0.8206,0.76762,0.73748,0.12702,1088.804904,59.24732,3.216752
1/18/2018,87.307135,0.6537,0.6186,0.8171,0.7633,0.73538,0.12715,1084.316213,59.664642,2.892534
1/19/2018,87.470592,0.6541,0.6197,0.8184,0.76762,0.73858,0.12757,1089.977856,60.471576,2.61888
1/22/2018,87.201415,0.6538,0.6183,0.8155,0.76211,0.73512,0.12746,1087.81176,60.68951,2.56067
1/23/2018,87.107403,0.6505,0.6172,0.8131,0.75959,0.73713,0.12702,1090.537851,58.860309,2.723885
1/24/2018,86.440834,0.6496,0.6165,0.8059,0.75305,0.73788,0.12696,1094.782914,58.0248,2.852886
1/25/2018,86.63958,0.6473,0.6155,0.8067,0.76191,0.73724,0.12627,1087.641342,59.518326,2.928321
1/26/2018,86.41939,0.6525,0.6155,0.8045,0.75609,0.74092,0.12722,1085.36704,58.51933,2.88011
1/29/2018,88.399896,0.6537,0.6163,0.8076,0.75794,0.74122,0.12752,1082.450508,58.365252,2.899284
1/30/2018,87.733503,0.6517,0.6148,0.8063,0.75094,0.74121,0.12728,1079.305117,58.335805,2.910743
1/31/2018,87.190088,0.6489,0.614,0.8056,0.75445,0.73783,0.12759,1083.644784,57.689016,2.690704
2/1/2018,85.972992,0.6493,0.6239,0.7996,0.74597,0.73083,0.12758,1078.492484,57.707132,2.446776
2/2/2018,86.011992,0.6361,0.6083,0.8028,0.74334,0.72872,0.12775,1070.445492,58.981716,2.271924
2/5/2018,84.129061,0.627,0.6261,0.8087,0.74293,0.74112,0.12792,1083.391129,59.706321,2.304795
2/7/2018,84.410208,0.6306,0.6275,0.8154,0.75051,0.74574,0.12934,1075.015206,60.967458,2.226042
2/8/2018,84.01785,0.6353,0.6307,0.8165,0.75056,0.75083,0.12892,1076.76754,60.63329,2.22088
2/13/2018,81.437664,0.6363,0.6121,0.8096,0.74635,0.75087,0.12754,1076.40368,60.379968,2.096864
2/14/2018,81.813952,0.6366,0.611,0.8032,0.74544,0.75055,0.12752,1084.906336,59.87856,2.032096
2/22/2018,89.35598,0.6363,0.6148,0.811,0.74795,0.7597,0.12752,1080.29255,59.94912,2.14104
2/23/2018,89.95098,0.6378,0.6165,0.8133,0.7538,0.76096,0.12818,1080.639843,61.428549,2.098314
2/26/2018,86.150709,0.6377,0.6169,0.8119,0.75635,0.75921,0.12878,1082.814792,62.167183,2.11094
2/27/2018,86.096742,0.6367,0.6173,0.8174,0.76303,0.76161,0.12905,1077.627464,62.841712,2.117066
2/28/2018,86.43854,0.6365,0.619,0.8201,0.75706,0.76875,0.1295,1081.146031,61.991359,2.181466
3/1/2018,85.571544,0.6522,0.626,0.8152,0.75053,0.7673,0.12919,1073.642856,61.91444,2.176584
3/5/2018,81.945556,0.6283,0.6266,0.8107,0.7492,0.76332,0.12784,1070.213177,59.902623,2.18889
3/7/2018,81.706037,0.6335,0.6284,0.8057,0.75368,0.75962,0.12756,1068.011749,58.517991,2.25596
3/8/2018,82.089054,0.6397,0.6326,0.8122,0.75896,0.7647,0.12771,1073.720278,57.934226,2.257916
3/9/2018,81.276252,0.6209,0.6276,0.8126,0.7596,0.76072,0.12811,1075.825518,55.183666,2.202146
3/13/2018,76.924701,0.6344,0.6151,0.8071,0.75609,0.75729,0.12762,1070.626221,53.583369,2.243738
3/14/2018,77.188956,0.6369,0.6176,0.8086,0.75942,0.76047,0.12814,1071.27371,54.629016,2.175134
3/15/2018,77.539707,0.6338,0.6187,0.8127,0.7627,0.76425,0.12826,1069.59447,55.109187,2.19429
3/16/2018,77.46424,0.6277,0.6175,0.8137,0.76311,0.76762,0.12867,1069.397088,54.892202,2.131894
3/19/2018,75.378886,0.6257,0.6156,0.8107,0.75659,0.76405,0.1282,1067.570295,52.241508,2.172676
3/20/2018,75.595926,0.6276,0.6193,0.8169,0.76443,0.76674,0.12851,1071.209139,51.472869,2.213799
3/21/2018,74.882095,0.6294,0.6175,0.8105,0.75582,0.76427,0.12867,1079.78052,51.166865,2.15455215
3/22/2018,75.144476,0.6254,0.6171,0.8129,0.75814,0.77209,0.12832,1080.368487,52.391405,2.1281722
3/23/2018,74.805895,0.6231,0.6153,0.8095,0.74783,0.77274,0.12819,1090.663635,49.436165,2.08851
3/26/2018,73.094395,0.6226,0.6138,0.8035,0.74319,0.7624,0.1281,1087.53725,49.423285,2.064995
3/27/2018,73.187851,0.6192,0.6154,0.8063,0.75326,0.76547,0.12835,1084.513815,50.192175,2.0979926
3/28/2018,73.700928,0.6226,0.6192,0.8124,0.75896,0.76057,0.12859,1076.438124,49.710756,2.144736
3/29/2018,73.72284,0.6242,0.6201,0.813,0.76273,0.76392,0.12929,1077.6315,49.50357,2.28453
4/4/2018,75.14577,0.6284,0.6207,0.8145,0.76858,0.76279,0.12896,1085.883255,49.464585,2.2569795
4/9/2018,76.063152,0.6198,0.6274,0.8116,0.76057,0.76007,0.12867,1084.58166,49.613108,2.20203312
4/13/2018,76.07991,0.6297,0.6181,0.811,0.75811,0.75538,0.12931,1091.7682,50.64695,2.28702
4/16/2018,75.521222,0.6285,0.6165,0.8078,0.75216,0.75412,0.12882,1087.242254,49.615076,2.2792077
4/17/2018,75.166245,0.6278,0.6165,0.8085,0.75766,0.75548,0.12896,1089.46992,49.54488,2.3001825
4/18/2018,74.951275,0.629,0.617,0.8081,0.75625,0.75366,0.12873,1090.458221,49.843608,2.29767073
4/19/2018,75.3138,0.6261,0.6176,0.81,0.76305,0.75444,0.12892,1089.8793,52.0506,2.243538
4/20/2018,75.894988,0.6243,0.6179,0.8138,0.76258,0.75594,0.12938,1087.529768,52.32734,2.262364
4/23/2018,76.716906,0.6229,0.6179,0.8191,0.76631,0.75348,0.12957,1085.168253,53.012152,2.24376063
4/24/2018,76.771425,0.6216,0.6183,0.8175,0.75918,0.75129,0.12976,1087.561125,53.194725,2.266437
4/25/2018,77.37843,0.6221,0.6188,0.8223,0.76089,0.75148,0.12972,1088.009799,52.947897,2.29462815
4/26/2018,78.125472,0.6241,0.6224,0.8262,0.76437,0.75585,0.13036,1087.94016,52.645464,2.31773886
4/27/2018,78.5241,0.625,0.6228,0.8244,0.76563,0.75598,0.13046,1091.5056,52.201008,2.324808
5/2/2018,85.278288,0.637,0.6118,0.8368,0.77761,0.76166,0.13127,1091.990528,53.446416,2.28680704
5/3/2018,84.636127,0.6295,0.6149,0.8341,0.77506,0.76384,0.13163,1094.389246,53.907883,2.24447969
5/4/2018,84.7286,0.6278,0.6207,0.836,0.7761,0.76625,0.13175,1098.922,54.3818,2.299
5/9/2018,85.671014,0.6184,0.6251,0.8438,0.78067,0.7689,0.13254,1107.673136,54.222588,2.29741426
5/14/2018,86.984,0.631,0.6276,0.8384,0.78508,0.7646,0.13181,1101.2384,54.864896,2.364288
5/15/2018,89.776896,0.6312,0.6283,0.8448,0.78671,0.76553,0.13215,1090.239744,55.528704,2.40768
5/16/2018,90.601362,0.6365,0.6318,0.8469,0.78573,0.76715,0.13317,1093.119237,55.167066,2.35116378
5/17/2018,91.191645,0.6369,0.6317,0.8479,0.78431,0.76541,0.13313,1094.460841,55.605282,2.331725
5/18/2018,91.5444,0.6379,0.6327,0.8496,0.78824,0.76689,0.13317,1098.566784,54.96912,2.361888
5/21/2018,93.189228,0.643,0.6329,0.8481,0.78133,0.76368,0.13323,1096.25406,53.752578,2.34762561
5/22/2018,94.00128,0.6432,0.634,0.849,0.78864,0.76558,0.13331,1096.17786,52.56159,2.3624274
5/23/2018,93.86802,0.6463,0.6365,0.8549,0.79128,0.77664,0.13375,1105.736209,52.798624,2.44373165
5/24/2018,93.479015,0.6465,0.6371,0.8533,0.79038,0.781,0.13372,1113.240779,52.580346,2.44752039
5/25/2018,94.269488,0.6479,0.6397,0.8584,0.79628,0.78479,0.13419,1117.8514,53.143544,2.48936
5/29/2018,92.55288,0.6504,0.6439,0.8666,0.80485,0.79676,0.13487,1125.514082,53.087916,2.44710508
5/30/2018,92.185469,0.6494,0.6402,0.8573,0.79321,0.78727,0.13391,1115.673074,52.646793,2.4253017
5/31/2018,92.646096,0.6472,0.6394,0.8553,0.79388,0.78601,0.1338,1110.615603,52.660821,2.46950769
6/4/2018,95.797436,0.6249,0.6188,0.8548,0.79738,0.7784,0.1335,1104.418696,52.630036,2.48045864
6/6/2018,95.444334,0.6512,0.6374,0.8493,0.7963,0.77084,0.13303,1101.03252,53.454942,2.41277637
6/7/2018,95.928525,0.6326,0.6271,0.8475,0.79285,0.7726,0.13231,1099.36005,53.587425,2.4840225
6/8/2018,96.27101,0.6394,0.6327,0.8497,0.78977,0.77563,0.13272,1103.055049,52.868334,2.481124
6/13/2018,99.762003,0.6427,0.635,0.8481,0.78092,0.76858,0.13273,1101.944811,52.650048,2.49451653
6/14/2018,102.019645,0.6465,0.6427,0.8645,0.79831,0.78136,0.1341,1125.795125,54.454855,2.5549433
6/15/2018,101.734535,0.641,0.6373,0.8615,0.78459,0.77831,0.13362,1101.80681,54.08497,2.60173
6/19/2018,101.275464,0.6368,0.6358,0.8628,0.77792,0.78399,0.1332,1099.776648,52.294308,2.50212
6/20/2018,101.188607,0.6366,0.6359,0.8639,0.78175,0.78291,0.1334,1095.304254,52.110448,2.54669081
6/21/2018,100.511734,0.6359,0.6345,0.8618,0.77472,0.78367,0.13275,1092.064342,51.432224,2.58350404
6/22/2018,99.75966,0.6383,0.6317,0.858,0.7746,0.78033,0.13213,1090.14048,51.14538,2.5232064
6/25/2018,99.127488,0.6335,0.6272,0.8544,0.76493,0.77835,0.13071,1081.362816,51.13584,2.5025376
6/26/2018,99.74053,0.6349,0.6299,0.8585,0.7701,0.78009,0.13025,1080.88584,51.20094,2.51549085
6/27/2018,100.64034,0.6353,0.6328,0.8655,0.77432,0.78491,0.13053,1083.908925,51.61842,2.59225905
6/28/2018,100.987852,0.6355,0.632,0.8644,0.7691,0.78233,0.1302,1078.9873,51.673832,2.56415616
6/29/2018,100.351108,0.6337,0.628,0.8558,0.76765,0.77296,0.12944,1071.97508,51.724552,2.541726
7/2/2018,100.337376,0.6378,0.6153,0.8592,0.7671,0.77474,0.1293,1067.160768,50.959152,2.4641856
7/3/2018,100.153629,0.6304,0.6132,0.8577,0.76663,0.77556,0.12914,1074.466521,50.732955,2.45851128
7/5/2018,100.164183,0.6305,0.6281,0.8553,0.76474,0.77305,0.12878,1075.890423,49.479105,2.44692777
7/6/2018,100.11937,0.6461,0.6354,0.8515,0.76301,0.77077,0.12804,1069.04122,49.804235,2.477865
7/9/2018,99.9925,0.615,0.6279,0.851,0.76519,0.76771,0.12866,1070.28568,50.32814,2.4299454
7/13/2018,101.403742,0.6351,0.6266,0.8558,0.76178,0.76158,0.12805,1064.889056,49.627842,2.447588
7/16/2018,102.920567,0.6336,0.6269,0.8539,0.75628,0.76042,0.12765,1059.630127,50.115391,2.33780742
7/17/2018,104.777925,0.6337,0.6283,0.8575,0.76285,0.75968,0.12756,1052.61555,50.60965,2.38770875
7/18/2018,105.372288,0.6356,0.6294,0.8592,0.75878,0.76141,0.12783,1054.676592,50.830272,2.33994528
7/19/2018,105.56251,0.6321,0.6267,0.859,0.75803,0.76376,0.12724,1050.53123,50.49202,2.3328722
7/20/2018,104.564467,0.6328,0.6259,0.8531,0.75228,0.76553,0.12617,1048.912043,50.170811,2.363087
7/23/2018,103.277475,0.6313,0.6264,0.8553,0.75608,0.76814,0.12569,1047.31485,50.881797,2.31341544
7/24/2018,103.286502,0.6352,0.6274,0.8558,0.75393,0.76962,0.12591,1047.944216,50.860194,2.32589324
7/25/2018,102.670092,0.6356,0.6277,0.8526,0.75704,0.7683,0.12655,1050.087738,51.079266,2.36417454
7/26/2018,103.660641,0.6336,0.6299,0.8589,0.76722,0.77215,0.12623,1050.168441,51.224796,2.38387695
7/27/2018,103.54853,0.635,0.6299,0.8579,0.76731,0.77252,0.12595,1050.258338,52.657902,2.384962
7/30/2018,104.463804,0.6327,0.6275,0.8543,0.76253,0.76917,0.12525,1043.484735,52.240445,2.323696
7/31/2018,104.504218,0.6351,0.6283,0.8554,0.76458,0.76459,0.12535,1047.13791,52.068198,2.40872086
8/1/2018,103.786752,0.6552,0.6271,0.8576,0.76512,0.76763,0.12561,1042.807296,51.387392,2.4021376
8/2/2018,104.136448,0.6353,0.6134,0.8632,0.76651,0.7731,0.12583,1042.598856,51.602096,2.40772376
8/3/2018,104.094445,0.6325,0.6165,0.8645,0.76658,0.77706,0.12628,1050.28105,52.501085,2.4562174
8/6/2018,100.4096,0.6457,0.6362,0.8656,0.77018,0.77694,0.12613,1045.333184,54.299088,2.47674128
8/16/2018,103.44951,0.6383,0.6389,0.879,0.77788,0.79268,0.12748,1032.08664,54.79686,2.65458
8/17/2018,102.875856,0.6395,0.6376,0.8742,0.77715,0.79113,0.12739,1035.27135,55.03089,2.631342
8/20/2018,101.72409,0.6392,0.6361,0.871,0.77544,0.7913,0.1275,1036.90808,55.27366,2.63913
8/21/2018,102.117045,0.6367,0.6328,0.8643,0.77259,0.78348,0.12671,1033.694157,54.373113,2.601543
8/22/2018,102.26878,0.6337,0.631,0.8623,0.77052,0.77998,0.12606,1031.13834,53.755782,2.604146
8/23/2018,102.053256,0.6281,0.6307,0.8664,0.77267,0.77854,0.12562,1027.169184,53.89008,2.573208
8/24/2018,101.014095,0.6305,0.6301,0.8605,0.76901,0.77357,0.12634,1037.203675,53.351,2.572895
8/28/2018,99.832925,0.6275,0.6268,0.8551,0.77052,0.769,0.12546,1026.9751,52.092692,2.548198
8/29/2018,100.676012,0.6244,0.6259,0.8542,0.7693,0.76481,0.12535,1030.67772,52.268498,2.545516
8/30/2018,101.54593,0.6224,0.6266,0.857,0.77283,0.77201,0.12545,1028.38286,53.15114,2.52815
8/31/2018,102.34526,0.6197,0.6282,0.862,0.77435,0.77598,0.12611,1035.3913,53.43538,2.55152
9/4/2018,98.669352,0.6248,0.6188,0.8634,0.77431,0.77484,0.12646,1028.758368,53.755284,2.555664
9/5/2018,98.171964,0.6295,0.627,0.8598,0.76696,0.77095,0.12607,1028.948454,53.900862,2.5794
