Date,maturity,value
1/2/2020,1 Mo,1.53
1/3/2020,1 Mo,1.52
1/6/2020,1 Mo,1.54
1/7/2020,1 Mo,1.52
1/8/2020,1 Mo,1.5
1/9/2020,1 Mo,1.53
1/10/2020,1 Mo,1.52
1/13/2020,1 Mo,1.54
1/14/2020,1 Mo,1.53
1/15/2020,1 Mo,1.53
1/16/2020,1 Mo,1.54
1/17/2020,1 Mo,1.54
1/21/2020,1 Mo,1.52
1/22/2020,1 Mo,1.52
1/23/2020,1 Mo,1.55
1/24/2020,1 Mo,1.54
1/27/2020,1 Mo,1.53
1/28/2020,1 Mo,1.53
1/29/2020,1 Mo,1.52
1/30/2020,1 Mo,1.59
1/31/2020,1 Mo,1.56
2/3/2020,1 Mo,1.56
2/4/2020,1 Mo,1.55
2/5/2020,1 Mo,1.55
2/6/2020,1 Mo,1.59
2/7/2020,1 Mo,1.57
2/10/2020,1 Mo,1.58
2/11/2020,1 Mo,1.57
2/12/2020,1 Mo,1.57
2/13/2020,1 Mo,1.59
2/14/2020,1 Mo,1.6
2/18/2020,1 Mo,1.61
2/19/2020,1 Mo,1.61
2/20/2020,1 Mo,1.61
2/21/2020,1 Mo,1.6
2/24/2020,1 Mo,1.6
2/25/2020,1 Mo,1.59
2/26/2020,1 Mo,1.59
2/27/2020,1 Mo,1.56
2/28/2020,1 Mo,1.45
3/2/2020,1 Mo,1.41
3/3/2020,1 Mo,1.11
3/4/2020,1 Mo,1.0
3/5/2020,1 Mo,0.92
3/6/2020,1 Mo,0.79
3/9/2020,1 Mo,0.57
3/10/2020,1 Mo,0.57
3/11/2020,1 Mo,0.42
3/12/2020,1 Mo,0.41
3/13/2020,1 Mo,0.33
3/16/2020,1 Mo,0.25
3/17/2020,1 Mo,0.12
3/18/2020,1 Mo,0.04
3/19/2020,1 Mo,0.04
3/20/2020,1 Mo,0.04
3/23/2020,1 Mo,0.01
3/24/2020,1 Mo,0.01
3/25/2020,1 Mo,0.0
3/26/2020,1 Mo,0.01
3/27/2020,1 Mo,0.01
3/30/2020,1 Mo,0.04
3/31/2020,1 Mo,0.05
4/1/2020,1 Mo,0.03
4/2/2020,1 Mo,0.09
4/3/2020,1 Mo,0.09
4/6/2020,1 Mo,0.09
4/7/2020,1 Mo,0.1
4/8/2020,1 Mo,0.14
4/9/2020,1 Mo,0.2
4/13/2020,1 Mo,0.17
4/14/2020,1 Mo,0.17
4/15/2020,1 Mo,0.14
4/16/2020,1 Mo,0.14
4/17/2020,1 Mo,0.12
4/20/2020,1 Mo,0.1
4/21/2020,1 Mo,0.08
4/22/2020,1 Mo,0.09
4/23/2020,1 Mo,0.09
4/24/2020,1 Mo,0.1
4/27/2020,1 Mo,0.09
4/28/2020,1 Mo,0.08
4/29/2020,1 Mo,0.1
4/30/2020,1 Mo,0.1
5/1/2020,1 Mo,0.1
5/4/2020,1 Mo,0.1
5/5/2020,1 Mo,0.09
5/6/2020,1 Mo,0.08
5/7/2020,1 Mo,0.1
5/8/2020,1 Mo,0.1
5/11/2020,1 Mo,0.09
5/12/2020,1 Mo,0.1
5/13/2020,1 Mo,0.1
5/14/2020,1 Mo,0.09
5/15/2020,1 Mo,0.09
5/18/2020,1 Mo,0.1
5/19/2020,1 Mo,0.09
5/20/2020,1 Mo,0.08
5/21/2020,1 Mo,0.09
5/22/2020,1 Mo,0.09
5/26/2020,1 Mo,0.1
5/27/2020,1 Mo,0.11
5/28/2020,1 Mo,0.14
5/29/2020,1 Mo,0.13
6/1/2020,1 Mo,0.12
6/2/2020,1 Mo,0.12
6/3/2020,1 Mo,0.12
6/4/2020,1 Mo,0.13
6/5/2020,1 Mo,0.13
6/8/2020,1 Mo,0.15
6/9/2020,1 Mo,0.14
6/10/2020,1 Mo,0.13
6/11/2020,1 Mo,0.14
6/12/2020,1 Mo,0.14
6/15/2020,1 Mo,0.15
6/16/2020,1 Mo,0.14
6/17/2020,1 Mo,0.13
6/18/2020,1 Mo,0.13
6/19/2020,1 Mo,0.13
6/22/2020,1 Mo,0.14
6/23/2020,1 Mo,0.12
6/24/2020,1 Mo,0.11
6/25/2020,1 Mo,0.13
6/26/2020,1 Mo,0.12
6/29/2020,1 Mo,0.11
6/30/2020,1 Mo,0.13
7/1/2020,1 Mo,0.12
7/2/2020,1 Mo,0.13
7/6/2020,1 Mo,0.12
7/7/2020,1 Mo,0.12
7/8/2020,1 Mo,0.11
7/9/2020,1 Mo,0.11
7/10/2020,1 Mo,0.1
7/13/2020,1 Mo,0.11
7/14/2020,1 Mo,0.11
7/15/2020,1 Mo,0.12
7/16/2020,1 Mo,0.12
7/17/2020,1 Mo,0.11
7/20/2020,1 Mo,0.11
7/21/2020,1 Mo,0.09
7/22/2020,1 Mo,0.09
7/23/2020,1 Mo,0.09
7/24/2020,1 Mo,0.1
7/27/2020,1 Mo,0.1
7/28/2020,1 Mo,0.09
7/29/2020,1 Mo,0.09
7/30/2020,1 Mo,0.1
7/31/2020,1 Mo,0.09
8/3/2020,1 Mo,0.09
8/4/2020,1 Mo,0.09
8/5/2020,1 Mo,0.08
8/6/2020,1 Mo,0.07
8/7/2020,1 Mo,0.08
8/10/2020,1 Mo,0.09
8/11/2020,1 Mo,0.08
8/12/2020,1 Mo,0.08
8/13/2020,1 Mo,0.08
8/14/2020,1 Mo,0.09
8/17/2020,1 Mo,0.09
8/18/2020,1 Mo,0.08
8/19/2020,1 Mo,0.07
8/20/2020,1 Mo,0.08
8/21/2020,1 Mo,0.07
8/24/2020,1 Mo,0.09
8/25/2020,1 Mo,0.08
8/26/2020,1 Mo,0.08
8/27/2020,1 Mo,0.09
8/28/2020,1 Mo,0.09
8/31/2020,1 Mo,0.08
9/1/2020,1 Mo,0.09
9/2/2020,1 Mo,0.1
9/3/2020,1 Mo,0.1
9/4/2020,1 Mo,0.09
9/8/2020,1 Mo,0.1
9/9/2020,1 Mo,0.1
9/10/2020,1 Mo,0.1
9/11/2020,1 Mo,0.1
9/14/2020,1 Mo,0.1
9/15/2020,1 Mo,0.09
9/16/2020,1 Mo,0.08
9/17/2020,1 Mo,0.09
9/18/2020,1 Mo,0.09
9/21/2020,1 Mo,0.09
9/22/2020,1 Mo,0.08
9/23/2020,1 Mo,0.08
9/24/2020,1 Mo,0.08
9/25/2020,1 Mo,0.08
9/28/2020,1 Mo,0.09
9/29/2020,1 Mo,0.07
9/30/2020,1 Mo,0.08
10/1/2020,1 Mo,0.09
10/2/2020,1 Mo,0.1
10/5/2020,1 Mo,0.09
10/6/2020,1 Mo,0.08
10/7/2020,1 Mo,0.08
10/8/2020,1 Mo,0.09
10/9/2020,1 Mo,0.1
10/13/2020,1 Mo,0.09
10/14/2020,1 Mo,0.1
10/15/2020,1 Mo,0.1
10/16/2020,1 Mo,0.09
10/19/2020,1 Mo,0.09
10/20/2020,1 Mo,0.08
10/21/2020,1 Mo,0.08
10/22/2020,1 Mo,0.09
10/23/2020,1 Mo,0.08
10/26/2020,1 Mo,0.08
10/27/2020,1 Mo,0.08
10/28/2020,1 Mo,0.07
10/29/2020,1 Mo,0.08
10/30/2020,1 Mo,0.08
11/2/2020,1 Mo,0.09
11/3/2020,1 Mo,0.09
11/4/2020,1 Mo,0.08
11/5/2020,1 Mo,0.09
11/6/2020,1 Mo,0.1
11/9/2020,1 Mo,0.1
11/10/2020,1 Mo,0.09
11/12/2020,1 Mo,0.1
1/2/2020,2 Mo,1.55
1/3/2020,2 Mo,1.55
1/6/2020,2 Mo,1.54
1/7/2020,2 Mo,1.53
1/8/2020,2 Mo,1.53
1/9/2020,2 Mo,1.55
1/10/2020,2 Mo,1.55
1/13/2020,2 Mo,1.56
1/14/2020,2 Mo,1.56
1/15/2020,2 Mo,1.56
1/16/2020,2 Mo,1.56
1/17/2020,2 Mo,1.56
1/21/2020,2 Mo,1.54
1/22/2020,2 Mo,1.53
1/23/2020,2 Mo,1.57
1/24/2020,2 Mo,1.55
1/27/2020,2 Mo,1.55
1/28/2020,2 Mo,1.57
1/29/2020,2 Mo,1.55
1/30/2020,2 Mo,1.58
1/31/2020,2 Mo,1.57
2/3/2020,2 Mo,1.57
2/4/2020,2 Mo,1.57
2/5/2020,2 Mo,1.56
2/6/2020,2 Mo,1.59
2/7/2020,2 Mo,1.58
2/10/2020,2 Mo,1.58
2/11/2020,2 Mo,1.58
2/12/2020,2 Mo,1.59
2/13/2020,2 Mo,1.59
2/14/2020,2 Mo,1.6
2/18/2020,2 Mo,1.6
2/19/2020,2 Mo,1.61
2/20/2020,2 Mo,1.6
2/21/2020,2 Mo,1.6
2/24/2020,2 Mo,1.59
2/25/2020,2 Mo,1.58
2/26/2020,2 Mo,1.56
2/27/2020,2 Mo,1.53
2/28/2020,2 Mo,1.37
3/2/2020,2 Mo,1.27
3/3/2020,2 Mo,1.05
3/4/2020,2 Mo,0.87
3/5/2020,2 Mo,0.83
3/6/2020,2 Mo,0.64
3/9/2020,2 Mo,0.52
3/10/2020,2 Mo,0.55
3/11/2020,2 Mo,0.42
3/12/2020,2 Mo,0.33
3/13/2020,2 Mo,0.3
3/16/2020,2 Mo,0.25
3/17/2020,2 Mo,0.18
3/18/2020,2 Mo,0.03
3/19/2020,2 Mo,0.04
3/20/2020,2 Mo,0.05
3/23/2020,2 Mo,0.04
3/24/2020,2 Mo,0.01
3/25/2020,2 Mo,0.0
3/26/2020,2 Mo,0.01
3/27/2020,2 Mo,0.03
3/30/2020,2 Mo,0.07
3/31/2020,2 Mo,0.12
4/1/2020,2 Mo,0.07
4/2/2020,2 Mo,0.1
4/3/2020,2 Mo,0.11
4/6/2020,2 Mo,0.13
4/7/2020,2 Mo,0.13
4/8/2020,2 Mo,0.17
4/9/2020,2 Mo,0.27
4/13/2020,2 Mo,0.29
4/14/2020,2 Mo,0.19
4/15/2020,2 Mo,0.15
4/16/2020,2 Mo,0.15
4/17/2020,2 Mo,0.12
4/20/2020,2 Mo,0.1
4/21/2020,2 Mo,0.08
4/22/2020,2 Mo,0.09
4/23/2020,2 Mo,0.12
4/24/2020,2 Mo,0.11
4/27/2020,2 Mo,0.13
4/28/2020,2 Mo,0.09
4/29/2020,2 Mo,0.09
4/30/2020,2 Mo,0.1
5/1/2020,2 Mo,0.11
5/4/2020,2 Mo,0.1
5/5/2020,2 Mo,0.11
5/6/2020,2 Mo,0.1
5/7/2020,2 Mo,0.11
5/8/2020,2 Mo,0.11
5/11/2020,2 Mo,0.11
5/12/2020,2 Mo,0.11
5/13/2020,2 Mo,0.1
5/14/2020,2 Mo,0.1
5/15/2020,2 Mo,0.09
5/18/2020,2 Mo,0.11
5/19/2020,2 Mo,0.11
5/20/2020,2 Mo,0.11
5/21/2020,2 Mo,0.11
5/22/2020,2 Mo,0.11
5/26/2020,2 Mo,0.12
5/27/2020,2 Mo,0.14
5/28/2020,2 Mo,0.15
5/29/2020,2 Mo,0.14
6/1/2020,2 Mo,0.14
6/2/2020,2 Mo,0.13
6/3/2020,2 Mo,0.14
6/4/2020,2 Mo,0.15
6/5/2020,2 Mo,0.14
6/8/2020,2 Mo,0.15
6/9/2020,2 Mo,0.17
6/10/2020,2 Mo,0.16
6/11/2020,2 Mo,0.16
6/12/2020,2 Mo,0.15
6/15/2020,2 Mo,0.16
6/16/2020,2 Mo,0.15
6/17/2020,2 Mo,0.15
6/18/2020,2 Mo,0.14
6/19/2020,2 Mo,0.14
6/22/2020,2 Mo,0.15
6/23/2020,2 Mo,0.14
6/24/2020,2 Mo,0.14
6/25/2020,2 Mo,0.14
6/26/2020,2 Mo,0.15
6/29/2020,2 Mo,0.14
6/30/2020,2 Mo,0.14
7/1/2020,2 Mo,0.12
7/2/2020,2 Mo,0.14
7/6/2020,2 Mo,0.14
7/7/2020,2 Mo,0.14
7/8/2020,2 Mo,0.13
7/9/2020,2 Mo,0.12
7/10/2020,2 Mo,0.12
7/13/2020,2 Mo,0.12
7/14/2020,2 Mo,0.14
7/15/2020,2 Mo,0.13
7/16/2020,2 Mo,0.11
7/17/2020,2 Mo,0.11
7/20/2020,2 Mo,0.12
7/21/2020,2 Mo,0.11
7/22/2020,2 Mo,0.12
7/23/2020,2 Mo,0.11
7/24/2020,2 Mo,0.11
7/27/2020,2 Mo,0.1
7/28/2020,2 Mo,0.11
7/29/2020,2 Mo,0.1
7/30/2020,2 Mo,0.1
7/31/2020,2 Mo,0.09
8/3/2020,2 Mo,0.09
8/4/2020,2 Mo,0.09
8/5/2020,2 Mo,0.09
8/6/2020,2 Mo,0.11
8/7/2020,2 Mo,0.09
8/10/2020,2 Mo,0.11
8/11/2020,2 Mo,0.1
8/12/2020,2 Mo,0.1
8/13/2020,2 Mo,0.1
8/14/2020,2 Mo,0.1
8/17/2020,2 Mo,0.1
8/18/2020,2 Mo,0.09
8/19/2020,2 Mo,0.09
8/20/2020,2 Mo,0.09
8/21/2020,2 Mo,0.09
8/24/2020,2 Mo,0.1
8/25/2020,2 Mo,0.1
8/26/2020,2 Mo,0.1
8/27/2020,2 Mo,0.1
8/28/2020,2 Mo,0.09
8/31/2020,2 Mo,0.1
9/1/2020,2 Mo,0.11
9/2/2020,2 Mo,0.1
9/3/2020,2 Mo,0.11
9/4/2020,2 Mo,0.1
9/8/2020,2 Mo,0.1
9/9/2020,2 Mo,0.11
9/10/2020,2 Mo,0.11
9/11/2020,2 Mo,0.11
9/14/2020,2 Mo,0.11
9/15/2020,2 Mo,0.1
9/16/2020,2 Mo,0.11
9/17/2020,2 Mo,0.09
9/18/2020,2 Mo,0.1
9/21/2020,2 Mo,0.1
9/22/2020,2 Mo,0.09
9/23/2020,2 Mo,0.09
9/24/2020,2 Mo,0.09
9/25/2020,2 Mo,0.09
9/28/2020,2 Mo,0.1
9/29/2020,2 Mo,0.08
9/30/2020,2 Mo,0.08
10/1/2020,2 Mo,0.09
10/2/2020,2 Mo,0.09
10/5/2020,2 Mo,0.1
10/6/2020,2 Mo,0.09
10/7/2020,2 Mo,0.09
10/8/2020,2 Mo,0.09
10/9/2020,2 Mo,0.11
10/13/2020,2 Mo,0.09
10/14/2020,2 Mo,0.1
10/15/2020,2 Mo,0.1
10/16/2020,2 Mo,0.1
10/19/2020,2 Mo,0.1
10/20/2020,2 Mo,0.09
10/21/2020,2 Mo,0.09
10/22/2020,2 Mo,0.09
10/23/2020,2 Mo,0.09
10/26/2020,2 Mo,0.09
10/27/2020,2 Mo,0.09
10/28/2020,2 Mo,0.09
10/29/2020,2 Mo,0.1
10/30/2020,2 Mo,0.09
11/2/2020,2 Mo,0.09
11/3/2020,2 Mo,0.1
11/4/2020,2 Mo,0.09
11/5/2020,2 Mo,0.1
11/6/2020,2 Mo,0.1
11/9/2020,2 Mo,0.1
11/10/2020,2 Mo,0.09
11/12/2020,2 Mo,0.11
1/2/2020,3 Mo,1.54
1/3/2020,3 Mo,1.52
1/6/2020,3 Mo,1.56
1/7/2020,3 Mo,1.54
1/8/2020,3 Mo,1.54
1/9/2020,3 Mo,1.54
1/10/2020,3 Mo,1.54
1/13/2020,3 Mo,1.57
1/14/2020,3 Mo,1.57
1/15/2020,3 Mo,1.57
1/16/2020,3 Mo,1.55
1/17/2020,3 Mo,1.56
1/21/2020,3 Mo,1.56
1/22/2020,3 Mo,1.55
1/23/2020,3 Mo,1.55
1/24/2020,3 Mo,1.54
1/27/2020,3 Mo,1.55
1/28/2020,3 Mo,1.57
1/29/2020,3 Mo,1.56
1/30/2020,3 Mo,1.57
1/31/2020,3 Mo,1.55
2/3/2020,3 Mo,1.57
2/4/2020,3 Mo,1.57
2/5/2020,3 Mo,1.57
2/6/2020,3 Mo,1.57
2/7/2020,3 Mo,1.56
2/10/2020,3 Mo,1.58
2/11/2020,3 Mo,1.57
2/12/2020,3 Mo,1.58
2/13/2020,3 Mo,1.59
2/14/2020,3 Mo,1.58
2/18/2020,3 Mo,1.58
2/19/2020,3 Mo,1.58
2/20/2020,3 Mo,1.58
2/21/2020,3 Mo,1.56
2/24/2020,3 Mo,1.53
2/25/2020,3 Mo,1.53
2/26/2020,3 Mo,1.53
2/27/2020,3 Mo,1.45
2/28/2020,3 Mo,1.27
3/2/2020,3 Mo,1.13
3/3/2020,3 Mo,0.95
3/4/2020,3 Mo,0.72
3/5/2020,3 Mo,0.62
3/6/2020,3 Mo,0.45
3/9/2020,3 Mo,0.33
3/10/2020,3 Mo,0.44
3/11/2020,3 Mo,0.42
3/12/2020,3 Mo,0.33
3/13/2020,3 Mo,0.28
3/16/2020,3 Mo,0.24
3/17/2020,3 Mo,0.19
3/18/2020,3 Mo,0.02
3/19/2020,3 Mo,0.04
3/20/2020,3 Mo,0.05
3/23/2020,3 Mo,0.02
3/24/2020,3 Mo,0.01
3/25/2020,3 Mo,0.0
3/26/2020,3 Mo,0.0
3/27/2020,3 Mo,0.03
3/30/2020,3 Mo,0.12
3/31/2020,3 Mo,0.11
4/1/2020,3 Mo,0.09
4/2/2020,3 Mo,0.09
4/3/2020,3 Mo,0.1
4/6/2020,3 Mo,0.15
4/7/2020,3 Mo,0.14
4/8/2020,3 Mo,0.22
4/9/2020,3 Mo,0.25
4/13/2020,3 Mo,0.26
4/14/2020,3 Mo,0.2
4/15/2020,3 Mo,0.14
4/16/2020,3 Mo,0.14
4/17/2020,3 Mo,0.12
4/20/2020,3 Mo,0.12
4/21/2020,3 Mo,0.11
4/22/2020,3 Mo,0.12
4/23/2020,3 Mo,0.11
4/24/2020,3 Mo,0.12
4/27/2020,3 Mo,0.12
4/28/2020,3 Mo,0.11
4/29/2020,3 Mo,0.1
4/30/2020,3 Mo,0.09
5/1/2020,3 Mo,0.12
5/4/2020,3 Mo,0.13
5/5/2020,3 Mo,0.13
5/6/2020,3 Mo,0.12
5/7/2020,3 Mo,0.11
5/8/2020,3 Mo,0.12
5/11/2020,3 Mo,0.12
5/12/2020,3 Mo,0.13
5/13/2020,3 Mo,0.13
5/14/2020,3 Mo,0.12
5/15/2020,3 Mo,0.12
5/18/2020,3 Mo,0.13
5/19/2020,3 Mo,0.13
5/20/2020,3 Mo,0.12
5/21/2020,3 Mo,0.12
5/22/2020,3 Mo,0.12
5/26/2020,3 Mo,0.14
5/27/2020,3 Mo,0.15
5/28/2020,3 Mo,0.15
5/29/2020,3 Mo,0.14
6/1/2020,3 Mo,0.14
6/2/2020,3 Mo,0.15
6/3/2020,3 Mo,0.16
6/4/2020,3 Mo,0.15
6/5/2020,3 Mo,0.15
6/8/2020,3 Mo,0.17
6/9/2020,3 Mo,0.19
6/10/2020,3 Mo,0.17
6/11/2020,3 Mo,0.17
6/12/2020,3 Mo,0.16
6/15/2020,3 Mo,0.18
6/16/2020,3 Mo,0.17
6/17/2020,3 Mo,0.17
6/18/2020,3 Mo,0.16
6/19/2020,3 Mo,0.15
6/22/2020,3 Mo,0.16
6/23/2020,3 Mo,0.16
6/24/2020,3 Mo,0.15
6/25/2020,3 Mo,0.16
6/26/2020,3 Mo,0.14
6/29/2020,3 Mo,0.14
6/30/2020,3 Mo,0.16
7/1/2020,3 Mo,0.14
7/2/2020,3 Mo,0.14
7/6/2020,3 Mo,0.15
7/7/2020,3 Mo,0.15
7/8/2020,3 Mo,0.15
7/9/2020,3 Mo,0.13
7/10/2020,3 Mo,0.13
7/13/2020,3 Mo,0.14
7/14/2020,3 Mo,0.15
7/15/2020,3 Mo,0.16
7/16/2020,3 Mo,0.11
7/17/2020,3 Mo,0.11
7/20/2020,3 Mo,0.13
7/21/2020,3 Mo,0.13
7/22/2020,3 Mo,0.13
7/23/2020,3 Mo,0.12
7/24/2020,3 Mo,0.11
7/27/2020,3 Mo,0.11
7/28/2020,3 Mo,0.11
7/29/2020,3 Mo,0.11
7/30/2020,3 Mo,0.09
7/31/2020,3 Mo,0.09
8/3/2020,3 Mo,0.1
8/4/2020,3 Mo,0.09
8/5/2020,3 Mo,0.1
8/6/2020,3 Mo,0.1
8/7/2020,3 Mo,0.1
8/10/2020,3 Mo,0.11
8/11/2020,3 Mo,0.11
8/12/2020,3 Mo,0.11
8/13/2020,3 Mo,0.1
8/14/2020,3 Mo,0.1
8/17/2020,3 Mo,0.1
8/18/2020,3 Mo,0.09
8/19/2020,3 Mo,0.11
8/20/2020,3 Mo,0.11
8/21/2020,3 Mo,0.1
8/24/2020,3 Mo,0.12
8/25/2020,3 Mo,0.11
8/26/2020,3 Mo,0.11
8/27/2020,3 Mo,0.11
8/28/2020,3 Mo,0.1
8/31/2020,3 Mo,0.11
9/1/2020,3 Mo,0.12
9/2/2020,3 Mo,0.12
9/3/2020,3 Mo,0.11
9/4/2020,3 Mo,0.11
9/8/2020,3 Mo,0.13
9/9/2020,3 Mo,0.12
9/10/2020,3 Mo,0.12
9/11/2020,3 Mo,0.11
9/14/2020,3 Mo,0.11
9/15/2020,3 Mo,0.11
9/16/2020,3 Mo,0.12
9/17/2020,3 Mo,0.09
9/18/2020,3 Mo,0.1
9/21/2020,3 Mo,0.1
9/22/2020,3 Mo,0.1
9/23/2020,3 Mo,0.11
9/24/2020,3 Mo,0.1
9/25/2020,3 Mo,0.1
9/28/2020,3 Mo,0.11
9/29/2020,3 Mo,0.09
9/30/2020,3 Mo,0.1
10/1/2020,3 Mo,0.09
10/2/2020,3 Mo,0.09
10/5/2020,3 Mo,0.1
10/6/2020,3 Mo,0.1
10/7/2020,3 Mo,0.1
10/8/2020,3 Mo,0.09
10/9/2020,3 Mo,0.1
10/13/2020,3 Mo,0.11
10/14/2020,3 Mo,0.12
10/15/2020,3 Mo,0.11
10/16/2020,3 Mo,0.11
10/19/2020,3 Mo,0.11
10/20/2020,3 Mo,0.1
10/21/2020,3 Mo,0.1
10/22/2020,3 Mo,0.09
10/23/2020,3 Mo,0.1
10/26/2020,3 Mo,0.11
10/27/2020,3 Mo,0.1
10/28/2020,3 Mo,0.1
10/29/2020,3 Mo,0.09
10/30/2020,3 Mo,0.09
11/2/2020,3 Mo,0.09
11/3/2020,3 Mo,0.1
11/4/2020,3 Mo,0.1
11/5/2020,3 Mo,0.1
11/6/2020,3 Mo,0.1
11/9/2020,3 Mo,0.11
11/10/2020,3 Mo,0.1
11/12/2020,3 Mo,0.1
1/2/2020,6 Mo,1.57
1/3/2020,6 Mo,1.55
1/6/2020,6 Mo,1.56
1/7/2020,6 Mo,1.56
1/8/2020,6 Mo,1.56
1/9/2020,6 Mo,1.56
1/10/2020,6 Mo,1.55
1/13/2020,6 Mo,1.57
1/14/2020,6 Mo,1.57
1/15/2020,6 Mo,1.58
1/16/2020,6 Mo,1.56
1/17/2020,6 Mo,1.57
1/21/2020,6 Mo,1.57
1/22/2020,6 Mo,1.56
1/23/2020,6 Mo,1.56
1/24/2020,6 Mo,1.55
1/27/2020,6 Mo,1.57
1/28/2020,6 Mo,1.58
1/29/2020,6 Mo,1.57
1/30/2020,6 Mo,1.57
1/31/2020,6 Mo,1.54
2/3/2020,6 Mo,1.56
2/4/2020,6 Mo,1.57
2/5/2020,6 Mo,1.57
2/6/2020,6 Mo,1.58
2/7/2020,6 Mo,1.57
2/10/2020,6 Mo,1.58
2/11/2020,6 Mo,1.55
2/12/2020,6 Mo,1.56
2/13/2020,6 Mo,1.56
2/14/2020,6 Mo,1.56
2/18/2020,6 Mo,1.56
2/19/2020,6 Mo,1.56
2/20/2020,6 Mo,1.55
2/21/2020,6 Mo,1.53
2/24/2020,6 Mo,1.49
2/25/2020,6 Mo,1.47
2/26/2020,6 Mo,1.42
2/27/2020,6 Mo,1.33
2/28/2020,6 Mo,1.11
3/2/2020,6 Mo,0.95
3/3/2020,6 Mo,0.83
3/4/2020,6 Mo,0.68
3/5/2020,6 Mo,0.53
3/6/2020,6 Mo,0.41
3/9/2020,6 Mo,0.27
3/10/2020,6 Mo,0.43
3/11/2020,6 Mo,0.4
3/12/2020,6 Mo,0.37
3/13/2020,6 Mo,0.38
3/16/2020,6 Mo,0.29
3/17/2020,6 Mo,0.24
3/18/2020,6 Mo,0.08
3/19/2020,6 Mo,0.06
3/20/2020,6 Mo,0.05
3/23/2020,6 Mo,0.08
3/24/2020,6 Mo,0.09
3/25/2020,6 Mo,0.07
3/26/2020,6 Mo,0.04
3/27/2020,6 Mo,0.02
3/30/2020,6 Mo,0.12
3/31/2020,6 Mo,0.15
4/1/2020,6 Mo,0.14
4/2/2020,6 Mo,0.15
4/3/2020,6 Mo,0.15
4/6/2020,6 Mo,0.17
4/7/2020,6 Mo,0.2
4/8/2020,6 Mo,0.24
4/9/2020,6 Mo,0.24
4/13/2020,6 Mo,0.27
4/14/2020,6 Mo,0.24
4/15/2020,6 Mo,0.19
4/16/2020,6 Mo,0.18
4/17/2020,6 Mo,0.16
4/20/2020,6 Mo,0.15
4/21/2020,6 Mo,0.14
4/22/2020,6 Mo,0.14
4/23/2020,6 Mo,0.14
4/24/2020,6 Mo,0.14
4/27/2020,6 Mo,0.15
4/28/2020,6 Mo,0.13
4/29/2020,6 Mo,0.12
4/30/2020,6 Mo,0.11
5/1/2020,6 Mo,0.12
5/4/2020,6 Mo,0.14
5/5/2020,6 Mo,0.15
5/6/2020,6 Mo,0.16
5/7/2020,6 Mo,0.14
5/8/2020,6 Mo,0.15
5/11/2020,6 Mo,0.16
5/12/2020,6 Mo,0.16
5/13/2020,6 Mo,0.15
5/14/2020,6 Mo,0.15
5/15/2020,6 Mo,0.15
5/18/2020,6 Mo,0.15
5/19/2020,6 Mo,0.15
5/20/2020,6 Mo,0.14
5/21/2020,6 Mo,0.14
5/22/2020,6 Mo,0.16
5/26/2020,6 Mo,0.17
5/27/2020,6 Mo,0.17
5/28/2020,6 Mo,0.18
5/29/2020,6 Mo,0.18
6/1/2020,6 Mo,0.18
6/2/2020,6 Mo,0.18
6/3/2020,6 Mo,0.19
6/4/2020,6 Mo,0.18
6/5/2020,6 Mo,0.18
6/8/2020,6 Mo,0.19
6/9/2020,6 Mo,0.19
6/10/2020,6 Mo,0.19
6/11/2020,6 Mo,0.18
6/12/2020,6 Mo,0.18
6/15/2020,6 Mo,0.19
6/16/2020,6 Mo,0.19
6/17/2020,6 Mo,0.18
6/18/2020,6 Mo,0.17
6/19/2020,6 Mo,0.17
6/22/2020,6 Mo,0.18
6/23/2020,6 Mo,0.17
6/24/2020,6 Mo,0.17
6/25/2020,6 Mo,0.17
6/26/2020,6 Mo,0.17
6/29/2020,6 Mo,0.18
6/30/2020,6 Mo,0.18
7/1/2020,6 Mo,0.17
7/2/2020,6 Mo,0.16
7/6/2020,6 Mo,0.16
7/7/2020,6 Mo,0.17
7/8/2020,6 Mo,0.17
7/9/2020,6 Mo,0.16
7/10/2020,6 Mo,0.15
7/13/2020,6 Mo,0.15
7/14/2020,6 Mo,0.14
7/15/2020,6 Mo,0.15
7/16/2020,6 Mo,0.13
7/17/2020,6 Mo,0.13
7/20/2020,6 Mo,0.14
7/21/2020,6 Mo,0.13
7/22/2020,6 Mo,0.14
7/23/2020,6 Mo,0.13
7/24/2020,6 Mo,0.14
7/27/2020,6 Mo,0.14
7/28/2020,6 Mo,0.12
7/29/2020,6 Mo,0.12
7/30/2020,6 Mo,0.11
7/31/2020,6 Mo,0.1
8/3/2020,6 Mo,0.11
8/4/2020,6 Mo,0.11
8/5/2020,6 Mo,0.12
8/6/2020,6 Mo,0.11
8/7/2020,6 Mo,0.12
8/10/2020,6 Mo,0.13
8/11/2020,6 Mo,0.12
8/12/2020,6 Mo,0.12
8/13/2020,6 Mo,0.12
8/14/2020,6 Mo,0.12
8/17/2020,6 Mo,0.12
8/18/2020,6 Mo,0.13
8/19/2020,6 Mo,0.12
8/20/2020,6 Mo,0.13
8/21/2020,6 Mo,0.12
8/24/2020,6 Mo,0.12
8/25/2020,6 Mo,0.12
8/26/2020,6 Mo,0.12
8/27/2020,6 Mo,0.11
8/28/2020,6 Mo,0.11
8/31/2020,6 Mo,0.13
9/1/2020,6 Mo,0.13
9/2/2020,6 Mo,0.12
9/3/2020,6 Mo,0.12
9/4/2020,6 Mo,0.12
9/8/2020,6 Mo,0.14
9/9/2020,6 Mo,0.14
9/10/2020,6 Mo,0.12
9/11/2020,6 Mo,0.12
9/14/2020,6 Mo,0.13
9/15/2020,6 Mo,0.12
9/16/2020,6 Mo,0.12
9/17/2020,6 Mo,0.11
9/18/2020,6 Mo,0.12
9/21/2020,6 Mo,0.11
9/22/2020,6 Mo,0.11
9/23/2020,6 Mo,0.11
9/24/2020,6 Mo,0.11
9/25/2020,6 Mo,0.11
9/28/2020,6 Mo,0.11
9/29/2020,6 Mo,0.11
9/30/2020,6 Mo,0.11
10/1/2020,6 Mo,0.1
10/2/2020,6 Mo,0.11
10/5/2020,6 Mo,0.11
10/6/2020,6 Mo,0.11
10/7/2020,6 Mo,0.12
10/8/2020,6 Mo,0.12
10/9/2020,6 Mo,0.12
10/13/2020,6 Mo,0.12
10/14/2020,6 Mo,0.12
10/15/2020,6 Mo,0.12
10/16/2020,6 Mo,0.12
10/19/2020,6 Mo,0.11
10/20/2020,6 Mo,0.12
10/21/2020,6 Mo,0.12
10/22/2020,6 Mo,0.11
10/23/2020,6 Mo,0.11
10/26/2020,6 Mo,0.12
10/27/2020,6 Mo,0.11
10/28/2020,6 Mo,0.11
10/29/2020,6 Mo,0.1
10/30/2020,6 Mo,0.11
11/2/2020,6 Mo,0.11
11/3/2020,6 Mo,0.12
11/4/2020,6 Mo,0.1
11/5/2020,6 Mo,0.1
11/6/2020,6 Mo,0.11
11/9/2020,6 Mo,0.11
11/10/2020,6 Mo,0.11
11/12/2020,6 Mo,0.1
1/2/2020,1 Yr,1.56
1/3/2020,1 Yr,1.55
1/6/2020,1 Yr,1.54
1/7/2020,1 Yr,1.53
1/8/2020,1 Yr,1.55
1/9/2020,1 Yr,1.54
1/10/2020,1 Yr,1.53
1/13/2020,1 Yr,1.53
1/14/2020,1 Yr,1.53
1/15/2020,1 Yr,1.54
1/16/2020,1 Yr,1.54
1/17/2020,1 Yr,1.56
1/21/2020,1 Yr,1.54
1/22/2020,1 Yr,1.55
1/23/2020,1 Yr,1.55
1/24/2020,1 Yr,1.55
1/27/2020,1 Yr,1.53
1/28/2020,1 Yr,1.53
1/29/2020,1 Yr,1.51
1/30/2020,1 Yr,1.48
1/31/2020,1 Yr,1.45
2/3/2020,1 Yr,1.46
2/4/2020,1 Yr,1.48
2/5/2020,1 Yr,1.49
2/6/2020,1 Yr,1.51
2/7/2020,1 Yr,1.49
2/10/2020,1 Yr,1.45
2/11/2020,1 Yr,1.48
2/12/2020,1 Yr,1.49
2/13/2020,1 Yr,1.48
2/14/2020,1 Yr,1.49
2/18/2020,1 Yr,1.47
2/19/2020,1 Yr,1.47
2/20/2020,1 Yr,1.46
2/21/2020,1 Yr,1.43
2/24/2020,1 Yr,1.35
2/25/2020,1 Yr,1.3
2/26/2020,1 Yr,1.26
2/27/2020,1 Yr,1.18
2/28/2020,1 Yr,0.97
3/2/2020,1 Yr,0.89
3/3/2020,1 Yr,0.73
3/4/2020,1 Yr,0.59
3/5/2020,1 Yr,0.48
3/6/2020,1 Yr,0.39
3/9/2020,1 Yr,0.31
3/10/2020,1 Yr,0.43
3/11/2020,1 Yr,0.4
3/12/2020,1 Yr,0.39
3/13/2020,1 Yr,0.38
3/16/2020,1 Yr,0.29
3/17/2020,1 Yr,0.3
3/18/2020,1 Yr,0.21
3/19/2020,1 Yr,0.2
3/20/2020,1 Yr,0.15
3/23/2020,1 Yr,0.17
3/24/2020,1 Yr,0.25
3/25/2020,1 Yr,0.19
3/26/2020,1 Yr,0.13
3/27/2020,1 Yr,0.11
3/30/2020,1 Yr,0.14
3/31/2020,1 Yr,0.17
4/1/2020,1 Yr,0.16
4/2/2020,1 Yr,0.14
4/3/2020,1 Yr,0.15
4/6/2020,1 Yr,0.2
4/7/2020,1 Yr,0.2
4/8/2020,1 Yr,0.23
4/9/2020,1 Yr,0.25
4/13/2020,1 Yr,0.27
4/14/2020,1 Yr,0.25
4/15/2020,1 Yr,0.19
4/16/2020,1 Yr,0.17
4/17/2020,1 Yr,0.16
4/20/2020,1 Yr,0.15
4/21/2020,1 Yr,0.17
4/22/2020,1 Yr,0.16
4/23/2020,1 Yr,0.17
4/24/2020,1 Yr,0.18
4/27/2020,1 Yr,0.17
4/28/2020,1 Yr,0.16
4/29/2020,1 Yr,0.18
4/30/2020,1 Yr,0.16
5/1/2020,1 Yr,0.17
5/4/2020,1 Yr,0.16
5/5/2020,1 Yr,0.16
5/6/2020,1 Yr,0.16
5/7/2020,1 Yr,0.15
5/8/2020,1 Yr,0.15
5/11/2020,1 Yr,0.16
5/12/2020,1 Yr,0.16
5/13/2020,1 Yr,0.15
5/14/2020,1 Yr,0.15
5/15/2020,1 Yr,0.15
5/18/2020,1 Yr,0.17
5/19/2020,1 Yr,0.16
5/20/2020,1 Yr,0.16
5/21/2020,1 Yr,0.16
5/22/2020,1 Yr,0.17
5/26/2020,1 Yr,0.17
5/27/2020,1 Yr,0.18
5/28/2020,1 Yr,0.17
5/29/2020,1 Yr,0.17
6/1/2020,1 Yr,0.17
6/2/2020,1 Yr,0.17
6/3/2020,1 Yr,0.17
6/4/2020,1 Yr,0.17
6/5/2020,1 Yr,0.18
6/8/2020,1 Yr,0.19
6/9/2020,1 Yr,0.19
6/10/2020,1 Yr,0.18
6/11/2020,1 Yr,0.19
6/12/2020,1 Yr,0.18
6/15/2020,1 Yr,0.17
6/16/2020,1 Yr,0.18
6/17/2020,1 Yr,0.19
6/18/2020,1 Yr,0.19
6/19/2020,1 Yr,0.18
6/22/2020,1 Yr,0.17
6/23/2020,1 Yr,0.18
6/24/2020,1 Yr,0.17
6/25/2020,1 Yr,0.17
6/26/2020,1 Yr,0.17
6/29/2020,1 Yr,0.16
6/30/2020,1 Yr,0.16
7/1/2020,1 Yr,0.16
7/2/2020,1 Yr,0.16
7/6/2020,1 Yr,0.16
7/7/2020,1 Yr,0.15
7/8/2020,1 Yr,0.15
7/9/2020,1 Yr,0.15
7/10/2020,1 Yr,0.15
7/13/2020,1 Yr,0.16
7/14/2020,1 Yr,0.17
7/15/2020,1 Yr,0.15
7/16/2020,1 Yr,0.14
7/17/2020,1 Yr,0.14
7/20/2020,1 Yr,0.14
7/21/2020,1 Yr,0.15
7/22/2020,1 Yr,0.14
7/23/2020,1 Yr,0.14
7/24/2020,1 Yr,0.16
7/27/2020,1 Yr,0.14
7/28/2020,1 Yr,0.14
7/29/2020,1 Yr,0.13
7/30/2020,1 Yr,0.11
7/31/2020,1 Yr,0.11
8/3/2020,1 Yr,0.12
8/4/2020,1 Yr,0.14
8/5/2020,1 Yr,0.12
8/6/2020,1 Yr,0.14
8/7/2020,1 Yr,0.14
8/10/2020,1 Yr,0.13
8/11/2020,1 Yr,0.15
8/12/2020,1 Yr,0.13
8/13/2020,1 Yr,0.14
8/14/2020,1 Yr,0.13
8/17/2020,1 Yr,0.13
8/18/2020,1 Yr,0.13
8/19/2020,1 Yr,0.13
8/20/2020,1 Yr,0.12
8/21/2020,1 Yr,0.13
8/24/2020,1 Yr,0.14
8/25/2020,1 Yr,0.13
8/26/2020,1 Yr,0.12
8/27/2020,1 Yr,0.13
8/28/2020,1 Yr,0.12
8/31/2020,1 Yr,0.12
9/1/2020,1 Yr,0.12
9/2/2020,1 Yr,0.13
9/3/2020,1 Yr,0.12
9/4/2020,1 Yr,0.13
9/8/2020,1 Yr,0.15
9/9/2020,1 Yr,0.14
9/10/2020,1 Yr,0.15
9/11/2020,1 Yr,0.13
9/14/2020,1 Yr,0.14
9/15/2020,1 Yr,0.13
9/16/2020,1 Yr,0.12
9/17/2020,1 Yr,0.12
9/18/2020,1 Yr,0.13
9/21/2020,1 Yr,0.12
9/22/2020,1 Yr,0.12
9/23/2020,1 Yr,0.13
9/24/2020,1 Yr,0.12
9/25/2020,1 Yr,0.12
9/28/2020,1 Yr,0.12
9/29/2020,1 Yr,0.12
9/30/2020,1 Yr,0.12
10/1/2020,1 Yr,0.12
10/2/2020,1 Yr,0.12
10/5/2020,1 Yr,0.12
10/6/2020,1 Yr,0.14
10/7/2020,1 Yr,0.13
10/8/2020,1 Yr,0.13
10/9/2020,1 Yr,0.15
10/13/2020,1 Yr,0.13
10/14/2020,1 Yr,0.13
10/15/2020,1 Yr,0.12
10/16/2020,1 Yr,0.12
10/19/2020,1 Yr,0.13
10/20/2020,1 Yr,0.13
10/21/2020,1 Yr,0.13
10/22/2020,1 Yr,0.13
10/23/2020,1 Yr,0.12
10/26/2020,1 Yr,0.12
10/27/2020,1 Yr,0.12
10/28/2020,1 Yr,0.12
10/29/2020,1 Yr,0.12
10/30/2020,1 Yr,0.13
11/2/2020,1 Yr,0.13
11/3/2020,1 Yr,0.14
11/4/2020,1 Yr,0.12
11/5/2020,1 Yr,0.12
11/6/2020,1 Yr,0.12
11/9/2020,1 Yr,0.12
11/10/2020,1 Yr,0.12
11/12/2020,1 Yr,0.13
1/2/2020,2 Yr,1.58
1/3/2020,2 Yr,1.53
1/6/2020,2 Yr,1.54
1/7/2020,2 Yr,1.54
1/8/2020,2 Yr,1.58
1/9/2020,2 Yr,1.58
1/10/2020,2 Yr,1.56
1/13/2020,2 Yr,1.58
1/14/2020,2 Yr,1.58
1/15/2020,2 Yr,1.56
1/16/2020,2 Yr,1.58
1/17/2020,2 Yr,1.58
1/21/2020,2 Yr,1.53
1/22/2020,2 Yr,1.53
1/23/2020,2 Yr,1.51
1/24/2020,2 Yr,1.49
1/27/2020,2 Yr,1.44
1/28/2020,2 Yr,1.45
1/29/2020,2 Yr,1.42
1/30/2020,2 Yr,1.41
1/31/2020,2 Yr,1.33
2/3/2020,2 Yr,1.36
2/4/2020,2 Yr,1.41
2/5/2020,2 Yr,1.44
2/6/2020,2 Yr,1.44
2/7/2020,2 Yr,1.41
2/10/2020,2 Yr,1.37
2/11/2020,2 Yr,1.41
2/12/2020,2 Yr,1.44
2/13/2020,2 Yr,1.44
2/14/2020,2 Yr,1.42
2/18/2020,2 Yr,1.41
2/19/2020,2 Yr,1.42
2/20/2020,2 Yr,1.39
2/21/2020,2 Yr,1.34
2/24/2020,2 Yr,1.26
2/25/2020,2 Yr,1.2
2/26/2020,2 Yr,1.16
2/27/2020,2 Yr,1.11
2/28/2020,2 Yr,0.86
3/2/2020,2 Yr,0.84
3/3/2020,2 Yr,0.71
3/4/2020,2 Yr,0.67
3/5/2020,2 Yr,0.59
3/6/2020,2 Yr,0.49
3/9/2020,2 Yr,0.38
3/10/2020,2 Yr,0.5
3/11/2020,2 Yr,0.5
3/12/2020,2 Yr,0.5
3/13/2020,2 Yr,0.49
3/16/2020,2 Yr,0.36
3/17/2020,2 Yr,0.47
3/18/2020,2 Yr,0.54
3/19/2020,2 Yr,0.44
3/20/2020,2 Yr,0.37
3/23/2020,2 Yr,0.28
3/24/2020,2 Yr,0.38
3/25/2020,2 Yr,0.34
3/26/2020,2 Yr,0.3
3/27/2020,2 Yr,0.25
3/30/2020,2 Yr,0.23
3/31/2020,2 Yr,0.23
4/1/2020,2 Yr,0.23
4/2/2020,2 Yr,0.23
4/3/2020,2 Yr,0.23
4/6/2020,2 Yr,0.27
4/7/2020,2 Yr,0.28
4/8/2020,2 Yr,0.27
4/9/2020,2 Yr,0.23
4/13/2020,2 Yr,0.25
4/14/2020,2 Yr,0.23
4/15/2020,2 Yr,0.2
4/16/2020,2 Yr,0.2
4/17/2020,2 Yr,0.2
4/20/2020,2 Yr,0.2
4/21/2020,2 Yr,0.2
4/22/2020,2 Yr,0.22
4/23/2020,2 Yr,0.22
4/24/2020,2 Yr,0.22
4/27/2020,2 Yr,0.24
4/28/2020,2 Yr,0.2
4/29/2020,2 Yr,0.2
4/30/2020,2 Yr,0.2
5/1/2020,2 Yr,0.2
5/4/2020,2 Yr,0.19
5/5/2020,2 Yr,0.19
5/6/2020,2 Yr,0.17
5/7/2020,2 Yr,0.13
5/8/2020,2 Yr,0.16
5/11/2020,2 Yr,0.17
5/12/2020,2 Yr,0.17
5/13/2020,2 Yr,0.16
5/14/2020,2 Yr,0.16
5/15/2020,2 Yr,0.16
5/18/2020,2 Yr,0.18
5/19/2020,2 Yr,0.17
5/20/2020,2 Yr,0.16
5/21/2020,2 Yr,0.17
5/22/2020,2 Yr,0.17
5/26/2020,2 Yr,0.18
5/27/2020,2 Yr,0.19
5/28/2020,2 Yr,0.17
5/29/2020,2 Yr,0.16
6/1/2020,2 Yr,0.14
6/2/2020,2 Yr,0.17
6/3/2020,2 Yr,0.19
6/4/2020,2 Yr,0.19
6/5/2020,2 Yr,0.22
6/8/2020,2 Yr,0.22
6/9/2020,2 Yr,0.2
6/10/2020,2 Yr,0.17
6/11/2020,2 Yr,0.19
6/12/2020,2 Yr,0.19
6/15/2020,2 Yr,0.19
6/16/2020,2 Yr,0.21
6/17/2020,2 Yr,0.19
6/18/2020,2 Yr,0.19
6/19/2020,2 Yr,0.19
6/22/2020,2 Yr,0.19
6/23/2020,2 Yr,0.18
6/24/2020,2 Yr,0.19
6/25/2020,2 Yr,0.17
6/26/2020,2 Yr,0.17
6/29/2020,2 Yr,0.16
6/30/2020,2 Yr,0.16
7/1/2020,2 Yr,0.17
7/2/2020,2 Yr,0.16
7/6/2020,2 Yr,0.16
7/7/2020,2 Yr,0.16
7/8/2020,2 Yr,0.16
7/9/2020,2 Yr,0.16
7/10/2020,2 Yr,0.16
7/13/2020,2 Yr,0.16
7/14/2020,2 Yr,0.14
7/15/2020,2 Yr,0.16
7/16/2020,2 Yr,0.16
7/17/2020,2 Yr,0.14
7/20/2020,2 Yr,0.16
7/21/2020,2 Yr,0.14
7/22/2020,2 Yr,0.14
7/23/2020,2 Yr,0.16
7/24/2020,2 Yr,0.14
7/27/2020,2 Yr,0.15
7/28/2020,2 Yr,0.14
7/29/2020,2 Yr,0.12
7/30/2020,2 Yr,0.11
7/31/2020,2 Yr,0.11
8/3/2020,2 Yr,0.11
8/4/2020,2 Yr,0.11
8/5/2020,2 Yr,0.11
8/6/2020,2 Yr,0.11
8/7/2020,2 Yr,0.13
8/10/2020,2 Yr,0.14
8/11/2020,2 Yr,0.16
8/12/2020,2 Yr,0.16
8/13/2020,2 Yr,0.16
8/14/2020,2 Yr,0.14
8/17/2020,2 Yr,0.14
8/18/2020,2 Yr,0.14
8/19/2020,2 Yr,0.14
8/20/2020,2 Yr,0.13
8/21/2020,2 Yr,0.16
8/24/2020,2 Yr,0.14
8/25/2020,2 Yr,0.15
8/26/2020,2 Yr,0.16
8/27/2020,2 Yr,0.16
8/28/2020,2 Yr,0.14
8/31/2020,2 Yr,0.14
9/1/2020,2 Yr,0.13
9/2/2020,2 Yr,0.14
9/3/2020,2 Yr,0.13
9/4/2020,2 Yr,0.14
9/8/2020,2 Yr,0.14
9/9/2020,2 Yr,0.14
9/10/2020,2 Yr,0.14
9/11/2020,2 Yr,0.13
9/14/2020,2 Yr,0.14
9/15/2020,2 Yr,0.14
9/16/2020,2 Yr,0.14
9/17/2020,2 Yr,0.13
9/18/2020,2 Yr,0.14
9/21/2020,2 Yr,0.14
9/22/2020,2 Yr,0.13
9/23/2020,2 Yr,0.14
9/24/2020,2 Yr,0.14
9/25/2020,2 Yr,0.12
9/28/2020,2 Yr,0.14
9/29/2020,2 Yr,0.11
9/30/2020,2 Yr,0.13
10/1/2020,2 Yr,0.14
10/2/2020,2 Yr,0.13
10/5/2020,2 Yr,0.14
10/6/2020,2 Yr,0.14
10/7/2020,2 Yr,0.16
10/8/2020,2 Yr,0.13
10/9/2020,2 Yr,0.16
10/13/2020,2 Yr,0.16
10/14/2020,2 Yr,0.14
10/15/2020,2 Yr,0.14
10/16/2020,2 Yr,0.14
10/19/2020,2 Yr,0.16
10/20/2020,2 Yr,0.14
10/21/2020,2 Yr,0.14
10/22/2020,2 Yr,0.16
10/23/2020,2 Yr,0.18
10/26/2020,2 Yr,0.16
10/27/2020,2 Yr,0.16
10/28/2020,2 Yr,0.16
10/29/2020,2 Yr,0.16
10/30/2020,2 Yr,0.14
11/2/2020,2 Yr,0.16
11/3/2020,2 Yr,0.17
11/4/2020,2 Yr,0.14
11/5/2020,2 Yr,0.14
11/6/2020,2 Yr,0.16
11/9/2020,2 Yr,0.17
11/10/2020,2 Yr,0.19
11/12/2020,2 Yr,0.17
1/2/2020,3 Yr,1.59
1/3/2020,3 Yr,1.54
1/6/2020,3 Yr,1.56
1/7/2020,3 Yr,1.55
1/8/2020,3 Yr,1.61
1/9/2020,3 Yr,1.59
1/10/2020,3 Yr,1.59
1/13/2020,3 Yr,1.6
1/14/2020,3 Yr,1.59
1/15/2020,3 Yr,1.56
1/16/2020,3 Yr,1.58
1/17/2020,3 Yr,1.56
1/21/2020,3 Yr,1.53
1/22/2020,3 Yr,1.52
1/23/2020,3 Yr,1.51
1/24/2020,3 Yr,1.48
1/27/2020,3 Yr,1.41
1/28/2020,3 Yr,1.45
1/29/2020,3 Yr,1.39
1/30/2020,3 Yr,1.37
1/31/2020,3 Yr,1.3
2/3/2020,3 Yr,1.34
2/4/2020,3 Yr,1.4
2/5/2020,3 Yr,1.43
2/6/2020,3 Yr,1.43
2/7/2020,3 Yr,1.39
2/10/2020,3 Yr,1.36
2/11/2020,3 Yr,1.39
2/12/2020,3 Yr,1.42
2/13/2020,3 Yr,1.42
2/14/2020,3 Yr,1.4
2/18/2020,3 Yr,1.37
2/19/2020,3 Yr,1.39
2/20/2020,3 Yr,1.35
2/21/2020,3 Yr,1.3
2/24/2020,3 Yr,1.21
2/25/2020,3 Yr,1.16
2/26/2020,3 Yr,1.14
2/27/2020,3 Yr,1.08
2/28/2020,3 Yr,0.85
3/2/2020,3 Yr,0.85
3/3/2020,3 Yr,0.72
3/4/2020,3 Yr,0.68
3/5/2020,3 Yr,0.61
3/6/2020,3 Yr,0.53
3/9/2020,3 Yr,0.4
3/10/2020,3 Yr,0.58
3/11/2020,3 Yr,0.58
3/12/2020,3 Yr,0.58
3/13/2020,3 Yr,0.58
3/16/2020,3 Yr,0.43
3/17/2020,3 Yr,0.54
3/18/2020,3 Yr,0.66
3/19/2020,3 Yr,0.53
3/20/2020,3 Yr,0.41
3/23/2020,3 Yr,0.31
3/24/2020,3 Yr,0.44
3/25/2020,3 Yr,0.41
3/26/2020,3 Yr,0.36
3/27/2020,3 Yr,0.3
3/30/2020,3 Yr,0.29
3/31/2020,3 Yr,0.29
4/1/2020,3 Yr,0.28
4/2/2020,3 Yr,0.29
4/3/2020,3 Yr,0.3
4/6/2020,3 Yr,0.35
4/7/2020,3 Yr,0.36
4/8/2020,3 Yr,0.34
4/9/2020,3 Yr,0.29
4/13/2020,3 Yr,0.31
4/14/2020,3 Yr,0.29
4/15/2020,3 Yr,0.24
4/16/2020,3 Yr,0.25
4/17/2020,3 Yr,0.26
4/20/2020,3 Yr,0.26
4/21/2020,3 Yr,0.24
4/22/2020,3 Yr,0.26
4/23/2020,3 Yr,0.26
4/24/2020,3 Yr,0.26
4/27/2020,3 Yr,0.29
4/28/2020,3 Yr,0.26
4/29/2020,3 Yr,0.24
4/30/2020,3 Yr,0.24
5/1/2020,3 Yr,0.25
5/4/2020,3 Yr,0.24
5/5/2020,3 Yr,0.24
5/6/2020,3 Yr,0.24
5/7/2020,3 Yr,0.19
5/8/2020,3 Yr,0.21
5/11/2020,3 Yr,0.24
5/12/2020,3 Yr,0.22
5/13/2020,3 Yr,0.2
5/14/2020,3 Yr,0.2
5/15/2020,3 Yr,0.19
5/18/2020,3 Yr,0.24
5/19/2020,3 Yr,0.22
5/20/2020,3 Yr,0.21
5/21/2020,3 Yr,0.21
5/22/2020,3 Yr,0.21
5/26/2020,3 Yr,0.22
5/27/2020,3 Yr,0.22
5/28/2020,3 Yr,0.22
5/29/2020,3 Yr,0.19
6/1/2020,3 Yr,0.2
6/2/2020,3 Yr,0.2
6/3/2020,3 Yr,0.26
6/4/2020,3 Yr,0.26
6/5/2020,3 Yr,0.29
6/8/2020,3 Yr,0.29
6/9/2020,3 Yr,0.25
6/10/2020,3 Yr,0.22
6/11/2020,3 Yr,0.22
6/12/2020,3 Yr,0.22
6/15/2020,3 Yr,0.22
6/16/2020,3 Yr,0.23
6/17/2020,3 Yr,0.23
6/18/2020,3 Yr,0.22
6/19/2020,3 Yr,0.22
6/22/2020,3 Yr,0.22
6/23/2020,3 Yr,0.22
6/24/2020,3 Yr,0.21
6/25/2020,3 Yr,0.21
6/26/2020,3 Yr,0.19
6/29/2020,3 Yr,0.18
6/30/2020,3 Yr,0.18
7/1/2020,3 Yr,0.19
7/2/2020,3 Yr,0.19
7/6/2020,3 Yr,0.19
7/7/2020,3 Yr,0.19
7/8/2020,3 Yr,0.19
7/9/2020,3 Yr,0.18
7/10/2020,3 Yr,0.19
7/13/2020,3 Yr,0.19
7/14/2020,3 Yr,0.19
7/15/2020,3 Yr,0.18
7/16/2020,3 Yr,0.17
7/17/2020,3 Yr,0.18
7/20/2020,3 Yr,0.18
7/21/2020,3 Yr,0.17
7/22/2020,3 Yr,0.17
7/23/2020,3 Yr,0.16
7/24/2020,3 Yr,0.17
7/27/2020,3 Yr,0.18
7/28/2020,3 Yr,0.16
7/29/2020,3 Yr,0.15
7/30/2020,3 Yr,0.14
7/31/2020,3 Yr,0.11
8/3/2020,3 Yr,0.13
8/4/2020,3 Yr,0.1
8/5/2020,3 Yr,0.13
8/6/2020,3 Yr,0.13
8/7/2020,3 Yr,0.14
8/10/2020,3 Yr,0.15
8/11/2020,3 Yr,0.18
8/12/2020,3 Yr,0.19
8/13/2020,3 Yr,0.19
8/14/2020,3 Yr,0.18
8/17/2020,3 Yr,0.18
8/18/2020,3 Yr,0.17
8/19/2020,3 Yr,0.17
8/20/2020,3 Yr,0.15
8/21/2020,3 Yr,0.16
8/24/2020,3 Yr,0.18
8/25/2020,3 Yr,0.18
8/26/2020,3 Yr,0.18
8/27/2020,3 Yr,0.19
8/28/2020,3 Yr,0.16
8/31/2020,3 Yr,0.15
9/1/2020,3 Yr,0.14
9/2/2020,3 Yr,0.16
9/3/2020,3 Yr,0.15
9/4/2020,3 Yr,0.18
9/8/2020,3 Yr,0.17
9/9/2020,3 Yr,0.17
9/10/2020,3 Yr,0.17
9/11/2020,3 Yr,0.16
9/14/2020,3 Yr,0.16
9/15/2020,3 Yr,0.16
9/16/2020,3 Yr,0.16
9/17/2020,3 Yr,0.16
9/18/2020,3 Yr,0.16
9/21/2020,3 Yr,0.16
9/22/2020,3 Yr,0.15
9/23/2020,3 Yr,0.15
9/24/2020,3 Yr,0.16
9/25/2020,3 Yr,0.15
9/28/2020,3 Yr,0.16
9/29/2020,3 Yr,0.13
9/30/2020,3 Yr,0.16
10/1/2020,3 Yr,0.16
10/2/2020,3 Yr,0.16
10/5/2020,3 Yr,0.19
10/6/2020,3 Yr,0.17
10/7/2020,3 Yr,0.21
10/8/2020,3 Yr,0.18
10/9/2020,3 Yr,0.2
10/13/2020,3 Yr,0.18
10/14/2020,3 Yr,0.18
10/15/2020,3 Yr,0.18
10/16/2020,3 Yr,0.18
10/19/2020,3 Yr,0.19
10/20/2020,3 Yr,0.19
10/21/2020,3 Yr,0.2
10/22/2020,3 Yr,0.21
10/23/2020,3 Yr,0.21
10/26/2020,3 Yr,0.18
10/27/2020,3 Yr,0.19
10/28/2020,3 Yr,0.19
10/29/2020,3 Yr,0.2
10/30/2020,3 Yr,0.19
11/2/2020,3 Yr,0.2
11/3/2020,3 Yr,0.21
11/4/2020,3 Yr,0.18
11/5/2020,3 Yr,0.18
11/6/2020,3 Yr,0.21
11/9/2020,3 Yr,0.25
11/10/2020,3 Yr,0.26
11/12/2020,3 Yr,0.23
1/2/2020,5 Yr,1.67
1/3/2020,5 Yr,1.59
1/6/2020,5 Yr,1.61
1/7/2020,5 Yr,1.62
1/8/2020,5 Yr,1.67
1/9/2020,5 Yr,1.65
1/10/2020,5 Yr,1.63
1/13/2020,5 Yr,1.65
1/14/2020,5 Yr,1.63
1/15/2020,5 Yr,1.6
1/16/2020,5 Yr,1.63
1/17/2020,5 Yr,1.63
1/21/2020,5 Yr,1.57
1/22/2020,5 Yr,1.57
1/23/2020,5 Yr,1.55
1/24/2020,5 Yr,1.51
1/27/2020,5 Yr,1.44
1/28/2020,5 Yr,1.47
1/29/2020,5 Yr,1.41
1/30/2020,5 Yr,1.39
1/31/2020,5 Yr,1.32
2/3/2020,5 Yr,1.35
2/4/2020,5 Yr,1.42
2/5/2020,5 Yr,1.46
2/6/2020,5 Yr,1.45
2/7/2020,5 Yr,1.41
2/10/2020,5 Yr,1.38
2/11/2020,5 Yr,1.4
2/12/2020,5 Yr,1.45
2/13/2020,5 Yr,1.43
2/14/2020,5 Yr,1.42
2/18/2020,5 Yr,1.39
2/19/2020,5 Yr,1.41
2/20/2020,5 Yr,1.37
2/21/2020,5 Yr,1.3
2/24/2020,5 Yr,1.21
2/25/2020,5 Yr,1.16
2/26/2020,5 Yr,1.14
2/27/2020,5 Yr,1.11
2/28/2020,5 Yr,0.89
3/2/2020,5 Yr,0.88
3/3/2020,5 Yr,0.77
3/4/2020,5 Yr,0.75
3/5/2020,5 Yr,0.67
3/6/2020,5 Yr,0.58
3/9/2020,5 Yr,0.46
3/10/2020,5 Yr,0.63
3/11/2020,5 Yr,0.66
3/12/2020,5 Yr,0.66
3/13/2020,5 Yr,0.7
3/16/2020,5 Yr,0.49
3/17/2020,5 Yr,0.66
3/18/2020,5 Yr,0.79
3/19/2020,5 Yr,0.66
3/20/2020,5 Yr,0.52
3/23/2020,5 Yr,0.38
3/24/2020,5 Yr,0.52
3/25/2020,5 Yr,0.56
3/26/2020,5 Yr,0.51
3/27/2020,5 Yr,0.41
3/30/2020,5 Yr,0.39
3/31/2020,5 Yr,0.37
4/1/2020,5 Yr,0.37
4/2/2020,5 Yr,0.39
4/3/2020,5 Yr,0.39
4/6/2020,5 Yr,0.44
4/7/2020,5 Yr,0.48
4/8/2020,5 Yr,0.47
4/9/2020,5 Yr,0.41
4/13/2020,5 Yr,0.44
4/14/2020,5 Yr,0.42
4/15/2020,5 Yr,0.34
4/16/2020,5 Yr,0.35
4/17/2020,5 Yr,0.36
4/20/2020,5 Yr,0.35
4/21/2020,5 Yr,0.34
4/22/2020,5 Yr,0.37
4/23/2020,5 Yr,0.37
4/24/2020,5 Yr,0.36
4/27/2020,5 Yr,0.41
4/28/2020,5 Yr,0.37
4/29/2020,5 Yr,0.36
4/30/2020,5 Yr,0.36
5/1/2020,5 Yr,0.36
5/4/2020,5 Yr,0.36
5/5/2020,5 Yr,0.36
5/6/2020,5 Yr,0.37
5/7/2020,5 Yr,0.29
5/8/2020,5 Yr,0.33
5/11/2020,5 Yr,0.36
5/12/2020,5 Yr,0.34
5/13/2020,5 Yr,0.31
5/14/2020,5 Yr,0.31
5/15/2020,5 Yr,0.31
5/18/2020,5 Yr,0.38
5/19/2020,5 Yr,0.35
5/20/2020,5 Yr,0.34
5/21/2020,5 Yr,0.35
5/22/2020,5 Yr,0.34
5/26/2020,5 Yr,0.35
5/27/2020,5 Yr,0.34
5/28/2020,5 Yr,0.34
5/29/2020,5 Yr,0.3
6/1/2020,5 Yr,0.31
6/2/2020,5 Yr,0.32
6/3/2020,5 Yr,0.38
6/4/2020,5 Yr,0.4
6/5/2020,5 Yr,0.47
6/8/2020,5 Yr,0.45
6/9/2020,5 Yr,0.4
6/10/2020,5 Yr,0.33
6/11/2020,5 Yr,0.32
6/12/2020,5 Yr,0.33
6/15/2020,5 Yr,0.33
6/16/2020,5 Yr,0.34
6/17/2020,5 Yr,0.34
6/18/2020,5 Yr,0.34
6/19/2020,5 Yr,0.33
6/22/2020,5 Yr,0.34
6/23/2020,5 Yr,0.33
6/24/2020,5 Yr,0.33
6/25/2020,5 Yr,0.32
6/26/2020,5 Yr,0.3
6/29/2020,5 Yr,0.28
6/30/2020,5 Yr,0.29
7/1/2020,5 Yr,0.31
7/2/2020,5 Yr,0.29
7/6/2020,5 Yr,0.31
7/7/2020,5 Yr,0.29
7/8/2020,5 Yr,0.3
7/9/2020,5 Yr,0.28
7/10/2020,5 Yr,0.3
7/13/2020,5 Yr,0.3
7/14/2020,5 Yr,0.28
7/15/2020,5 Yr,0.28
7/16/2020,5 Yr,0.28
7/17/2020,5 Yr,0.29
7/20/2020,5 Yr,0.29
7/21/2020,5 Yr,0.27
7/22/2020,5 Yr,0.27
7/23/2020,5 Yr,0.27
7/24/2020,5 Yr,0.27
7/27/2020,5 Yr,0.3
7/28/2020,5 Yr,0.26
7/29/2020,5 Yr,0.25
7/30/2020,5 Yr,0.23
7/31/2020,5 Yr,0.21
8/3/2020,5 Yr,0.22
8/4/2020,5 Yr,0.19
8/5/2020,5 Yr,0.22
8/6/2020,5 Yr,0.21
8/7/2020,5 Yr,0.23
8/10/2020,5 Yr,0.24
8/11/2020,5 Yr,0.27
8/12/2020,5 Yr,0.3
8/13/2020,5 Yr,0.32
8/14/2020,5 Yr,0.29
8/17/2020,5 Yr,0.29
8/18/2020,5 Yr,0.27
8/19/2020,5 Yr,0.29
8/20/2020,5 Yr,0.26
8/21/2020,5 Yr,0.27
8/24/2020,5 Yr,0.28
8/25/2020,5 Yr,0.3
8/26/2020,5 Yr,0.28
8/27/2020,5 Yr,0.31
8/28/2020,5 Yr,0.28
8/31/2020,5 Yr,0.28
9/1/2020,5 Yr,0.26
9/2/2020,5 Yr,0.26
9/3/2020,5 Yr,0.24
9/4/2020,5 Yr,0.3
9/8/2020,5 Yr,0.28
9/9/2020,5 Yr,0.28
9/10/2020,5 Yr,0.26
9/11/2020,5 Yr,0.26
9/14/2020,5 Yr,0.27
9/15/2020,5 Yr,0.27
9/16/2020,5 Yr,0.28
9/17/2020,5 Yr,0.28
9/18/2020,5 Yr,0.29
9/21/2020,5 Yr,0.27
9/22/2020,5 Yr,0.27
9/23/2020,5 Yr,0.28
9/24/2020,5 Yr,0.27
9/25/2020,5 Yr,0.26
9/28/2020,5 Yr,0.26
9/29/2020,5 Yr,0.24
9/30/2020,5 Yr,0.28
10/1/2020,5 Yr,0.27
10/2/2020,5 Yr,0.28
10/5/2020,5 Yr,0.33
10/6/2020,5 Yr,0.32
10/7/2020,5 Yr,0.35
10/8/2020,5 Yr,0.33
10/9/2020,5 Yr,0.34
10/13/2020,5 Yr,0.31
10/14/2020,5 Yr,0.3
10/15/2020,5 Yr,0.32
10/16/2020,5 Yr,0.32
10/19/2020,5 Yr,0.34
10/20/2020,5 Yr,0.34
10/21/2020,5 Yr,0.36
10/22/2020,5 Yr,0.38
10/23/2020,5 Yr,0.37
10/26/2020,5 Yr,0.35
10/27/2020,5 Yr,0.34
10/28/2020,5 Yr,0.34
10/29/2020,5 Yr,0.38
10/30/2020,5 Yr,0.38
11/2/2020,5 Yr,0.38
11/3/2020,5 Yr,0.39
11/4/2020,5 Yr,0.33
11/5/2020,5 Yr,0.33
11/6/2020,5 Yr,0.36
11/9/2020,5 Yr,0.44
11/10/2020,5 Yr,0.46
11/12/2020,5 Yr,0.4
1/2/2020,7 Yr,1.79
1/3/2020,7 Yr,1.71
1/6/2020,7 Yr,1.72
1/7/2020,7 Yr,1.74
1/8/2020,7 Yr,1.78
1/9/2020,7 Yr,1.77
1/10/2020,7 Yr,1.74
1/13/2020,7 Yr,1.76
1/14/2020,7 Yr,1.74
1/15/2020,7 Yr,1.71
1/16/2020,7 Yr,1.73
1/17/2020,7 Yr,1.74
1/21/2020,7 Yr,1.69
1/22/2020,7 Yr,1.68
1/23/2020,7 Yr,1.65
1/24/2020,7 Yr,1.61
1/27/2020,7 Yr,1.52
1/28/2020,7 Yr,1.56
1/29/2020,7 Yr,1.51
1/30/2020,7 Yr,1.49
1/31/2020,7 Yr,1.42
2/3/2020,7 Yr,1.45
2/4/2020,7 Yr,1.52
2/5/2020,7 Yr,1.57
2/6/2020,7 Yr,1.56
2/7/2020,7 Yr,1.51
2/10/2020,7 Yr,1.47
2/11/2020,7 Yr,1.5
2/12/2020,7 Yr,1.55
2/13/2020,7 Yr,1.53
2/14/2020,7 Yr,1.51
2/18/2020,7 Yr,1.48
2/19/2020,7 Yr,1.5
2/20/2020,7 Yr,1.45
2/21/2020,7 Yr,1.39
2/24/2020,7 Yr,1.3
2/25/2020,7 Yr,1.25
2/26/2020,7 Yr,1.25
2/27/2020,7 Yr,1.22
2/28/2020,7 Yr,1.03
3/2/2020,7 Yr,1.01
3/3/2020,7 Yr,0.91
3/4/2020,7 Yr,0.9
3/5/2020,7 Yr,0.81
3/6/2020,7 Yr,0.69
3/9/2020,7 Yr,0.56
3/10/2020,7 Yr,0.73
3/11/2020,7 Yr,0.78
3/12/2020,7 Yr,0.82
3/13/2020,7 Yr,0.89
3/16/2020,7 Yr,0.67
3/17/2020,7 Yr,0.91
3/18/2020,7 Yr,1.08
3/19/2020,7 Yr,1.0
3/20/2020,7 Yr,0.82
3/23/2020,7 Yr,0.63
3/24/2020,7 Yr,0.75
3/25/2020,7 Yr,0.77
3/26/2020,7 Yr,0.72
3/27/2020,7 Yr,0.6
3/30/2020,7 Yr,0.57
3/31/2020,7 Yr,0.55
4/1/2020,7 Yr,0.51
4/2/2020,7 Yr,0.53
4/3/2020,7 Yr,0.52
4/6/2020,7 Yr,0.58
4/7/2020,7 Yr,0.64
4/8/2020,7 Yr,0.65
4/9/2020,7 Yr,0.6
4/13/2020,7 Yr,0.63
4/14/2020,7 Yr,0.61
4/15/2020,7 Yr,0.49
4/16/2020,7 Yr,0.5
4/17/2020,7 Yr,0.53
4/20/2020,7 Yr,0.51
4/21/2020,7 Yr,0.48
4/22/2020,7 Yr,0.52
4/23/2020,7 Yr,0.51
4/24/2020,7 Yr,0.51
4/27/2020,7 Yr,0.56
4/28/2020,7 Yr,0.52
4/29/2020,7 Yr,0.52
4/30/2020,7 Yr,0.53
5/1/2020,7 Yr,0.53
5/4/2020,7 Yr,0.52
5/5/2020,7 Yr,0.53
5/6/2020,7 Yr,0.57
5/7/2020,7 Yr,0.49
5/8/2020,7 Yr,0.53
5/11/2020,7 Yr,0.56
5/12/2020,7 Yr,0.53
5/13/2020,7 Yr,0.5
5/14/2020,7 Yr,0.48
5/15/2020,7 Yr,0.49
5/18/2020,7 Yr,0.57
5/19/2020,7 Yr,0.54
5/20/2020,7 Yr,0.53
5/21/2020,7 Yr,0.53
5/22/2020,7 Yr,0.51
5/26/2020,7 Yr,0.53
5/27/2020,7 Yr,0.52
5/28/2020,7 Yr,0.54
5/29/2020,7 Yr,0.5
6/1/2020,7 Yr,0.5
6/2/2020,7 Yr,0.52
6/3/2020,7 Yr,0.59
6/4/2020,7 Yr,0.63
6/5/2020,7 Yr,0.71
6/8/2020,7 Yr,0.69
6/9/2020,7 Yr,0.65
6/10/2020,7 Yr,0.56
6/11/2020,7 Yr,0.51
6/12/2020,7 Yr,0.54
6/15/2020,7 Yr,0.54
6/16/2020,7 Yr,0.56
6/17/2020,7 Yr,0.55
6/18/2020,7 Yr,0.54
6/19/2020,7 Yr,0.53
6/22/2020,7 Yr,0.54
6/23/2020,7 Yr,0.54
6/24/2020,7 Yr,0.52
6/25/2020,7 Yr,0.53
6/26/2020,7 Yr,0.49
6/29/2020,7 Yr,0.47
6/30/2020,7 Yr,0.49
7/1/2020,7 Yr,0.52
7/2/2020,7 Yr,0.5
7/6/2020,7 Yr,0.51
7/7/2020,7 Yr,0.48
7/8/2020,7 Yr,0.49
7/9/2020,7 Yr,0.46
7/10/2020,7 Yr,0.49
7/13/2020,7 Yr,0.48
7/14/2020,7 Yr,0.47
7/15/2020,7 Yr,0.47
7/16/2020,7 Yr,0.46
7/17/2020,7 Yr,0.47
7/20/2020,7 Yr,0.47
7/21/2020,7 Yr,0.45
7/22/2020,7 Yr,0.45
7/23/2020,7 Yr,0.44
7/24/2020,7 Yr,0.44
7/27/2020,7 Yr,0.46
7/28/2020,7 Yr,0.44
7/29/2020,7 Yr,0.43
7/30/2020,7 Yr,0.4
7/31/2020,7 Yr,0.39
8/3/2020,7 Yr,0.4
8/4/2020,7 Yr,0.36
8/5/2020,7 Yr,0.39
8/6/2020,7 Yr,0.39
8/7/2020,7 Yr,0.41
8/10/2020,7 Yr,0.42
8/11/2020,7 Yr,0.46
8/12/2020,7 Yr,0.5
8/13/2020,7 Yr,0.52
8/14/2020,7 Yr,0.51
8/17/2020,7 Yr,0.49
8/18/2020,7 Yr,0.47
8/19/2020,7 Yr,0.48
8/20/2020,7 Yr,0.46
8/21/2020,7 Yr,0.46
8/24/2020,7 Yr,0.47
8/25/2020,7 Yr,0.49
8/26/2020,7 Yr,0.5
8/27/2020,7 Yr,0.53
8/28/2020,7 Yr,0.51
8/31/2020,7 Yr,0.5
9/1/2020,7 Yr,0.46
9/2/2020,7 Yr,0.45
9/3/2020,7 Yr,0.43
9/4/2020,7 Yr,0.5
9/8/2020,7 Yr,0.47
9/9/2020,7 Yr,0.48
9/10/2020,7 Yr,0.46
9/11/2020,7 Yr,0.45
9/14/2020,7 Yr,0.46
9/15/2020,7 Yr,0.46
9/16/2020,7 Yr,0.47
9/17/2020,7 Yr,0.47
9/18/2020,7 Yr,0.48
9/21/2020,7 Yr,0.46
9/22/2020,7 Yr,0.46
9/23/2020,7 Yr,0.46
9/24/2020,7 Yr,0.46
9/25/2020,7 Yr,0.45
9/28/2020,7 Yr,0.46
9/29/2020,7 Yr,0.44
9/30/2020,7 Yr,0.47
10/1/2020,7 Yr,0.46
10/2/2020,7 Yr,0.48
10/5/2020,7 Yr,0.55
10/6/2020,7 Yr,0.53
10/7/2020,7 Yr,0.56
10/8/2020,7 Yr,0.54
10/9/2020,7 Yr,0.55
10/13/2020,7 Yr,0.52
10/14/2020,7 Yr,0.51
10/15/2020,7 Yr,0.52
10/16/2020,7 Yr,0.53
10/19/2020,7 Yr,0.54
10/20/2020,7 Yr,0.57
10/21/2020,7 Yr,0.58
10/22/2020,7 Yr,0.62
10/23/2020,7 Yr,0.61
10/26/2020,7 Yr,0.58
10/27/2020,7 Yr,0.56
10/28/2020,7 Yr,0.56
10/29/2020,7 Yr,0.61
10/30/2020,7 Yr,0.64
11/2/2020,7 Yr,0.63
11/3/2020,7 Yr,0.65
11/4/2020,7 Yr,0.55
11/5/2020,7 Yr,0.56
11/6/2020,7 Yr,0.59
11/9/2020,7 Yr,0.7
11/10/2020,7 Yr,0.72
11/12/2020,7 Yr,0.64
1/2/2020,10 Yr,1.88
1/3/2020,10 Yr,1.8
1/6/2020,10 Yr,1.81
1/7/2020,10 Yr,1.83
1/8/2020,10 Yr,1.87
1/9/2020,10 Yr,1.85
1/10/2020,10 Yr,1.83
1/13/2020,10 Yr,1.85
1/14/2020,10 Yr,1.82
1/15/2020,10 Yr,1.79
1/16/2020,10 Yr,1.81
1/17/2020,10 Yr,1.84
1/21/2020,10 Yr,1.78
1/22/2020,10 Yr,1.77
1/23/2020,10 Yr,1.74
1/24/2020,10 Yr,1.7
1/27/2020,10 Yr,1.61
1/28/2020,10 Yr,1.65
1/29/2020,10 Yr,1.6
1/30/2020,10 Yr,1.57
1/31/2020,10 Yr,1.51
2/3/2020,10 Yr,1.54
2/4/2020,10 Yr,1.61
2/5/2020,10 Yr,1.66
2/6/2020,10 Yr,1.65
2/7/2020,10 Yr,1.59
2/10/2020,10 Yr,1.56
2/11/2020,10 Yr,1.59
2/12/2020,10 Yr,1.62
2/13/2020,10 Yr,1.61
2/14/2020,10 Yr,1.59
2/18/2020,10 Yr,1.55
2/19/2020,10 Yr,1.56
2/20/2020,10 Yr,1.52
2/21/2020,10 Yr,1.46
2/24/2020,10 Yr,1.38
2/25/2020,10 Yr,1.33
2/26/2020,10 Yr,1.33
2/27/2020,10 Yr,1.3
2/28/2020,10 Yr,1.13
3/2/2020,10 Yr,1.1
3/3/2020,10 Yr,1.02
3/4/2020,10 Yr,1.02
3/5/2020,10 Yr,0.92
3/6/2020,10 Yr,0.74
3/9/2020,10 Yr,0.54
3/10/2020,10 Yr,0.76
3/11/2020,10 Yr,0.82
3/12/2020,10 Yr,0.88
3/13/2020,10 Yr,0.94
3/16/2020,10 Yr,0.73
3/17/2020,10 Yr,1.02
3/18/2020,10 Yr,1.18
3/19/2020,10 Yr,1.12
3/20/2020,10 Yr,0.92
3/23/2020,10 Yr,0.76
3/24/2020,10 Yr,0.84
3/25/2020,10 Yr,0.88
3/26/2020,10 Yr,0.83
3/27/2020,10 Yr,0.72
3/30/2020,10 Yr,0.7
3/31/2020,10 Yr,0.7
4/1/2020,10 Yr,0.62
4/2/2020,10 Yr,0.63
4/3/2020,10 Yr,0.62
4/6/2020,10 Yr,0.67
4/7/2020,10 Yr,0.75
4/8/2020,10 Yr,0.77
4/9/2020,10 Yr,0.73
4/13/2020,10 Yr,0.76
4/14/2020,10 Yr,0.76
4/15/2020,10 Yr,0.63
4/16/2020,10 Yr,0.61
4/17/2020,10 Yr,0.65
4/20/2020,10 Yr,0.63
4/21/2020,10 Yr,0.58
4/22/2020,10 Yr,0.63
4/23/2020,10 Yr,0.61
4/24/2020,10 Yr,0.6
4/27/2020,10 Yr,0.67
4/28/2020,10 Yr,0.62
4/29/2020,10 Yr,0.63
4/30/2020,10 Yr,0.64
5/1/2020,10 Yr,0.64
5/4/2020,10 Yr,0.64
5/5/2020,10 Yr,0.66
5/6/2020,10 Yr,0.72
5/7/2020,10 Yr,0.63
5/8/2020,10 Yr,0.69
5/11/2020,10 Yr,0.73
5/12/2020,10 Yr,0.69
5/13/2020,10 Yr,0.64
5/14/2020,10 Yr,0.63
5/15/2020,10 Yr,0.64
5/18/2020,10 Yr,0.73
5/19/2020,10 Yr,0.7
5/20/2020,10 Yr,0.68
5/21/2020,10 Yr,0.68
5/22/2020,10 Yr,0.66
5/26/2020,10 Yr,0.69
5/27/2020,10 Yr,0.68
5/28/2020,10 Yr,0.7
5/29/2020,10 Yr,0.65
6/1/2020,10 Yr,0.66
6/2/2020,10 Yr,0.68
6/3/2020,10 Yr,0.77
6/4/2020,10 Yr,0.82
6/5/2020,10 Yr,0.91
6/8/2020,10 Yr,0.88
6/9/2020,10 Yr,0.84
6/10/2020,10 Yr,0.75
6/11/2020,10 Yr,0.66
6/12/2020,10 Yr,0.71
6/15/2020,10 Yr,0.71
6/16/2020,10 Yr,0.75
6/17/2020,10 Yr,0.74
6/18/2020,10 Yr,0.71
6/19/2020,10 Yr,0.7
6/22/2020,10 Yr,0.71
6/23/2020,10 Yr,0.72
6/24/2020,10 Yr,0.69
6/25/2020,10 Yr,0.68
6/26/2020,10 Yr,0.64
6/29/2020,10 Yr,0.64
6/30/2020,10 Yr,0.66
7/1/2020,10 Yr,0.69
7/2/2020,10 Yr,0.68
7/6/2020,10 Yr,0.69
7/7/2020,10 Yr,0.65
7/8/2020,10 Yr,0.67
7/9/2020,10 Yr,0.62
7/10/2020,10 Yr,0.65
7/13/2020,10 Yr,0.64
7/14/2020,10 Yr,0.63
7/15/2020,10 Yr,0.64
7/16/2020,10 Yr,0.62
7/17/2020,10 Yr,0.64
7/20/2020,10 Yr,0.62
7/21/2020,10 Yr,0.61
7/22/2020,10 Yr,0.6
7/23/2020,10 Yr,0.59
7/24/2020,10 Yr,0.59
7/27/2020,10 Yr,0.62
7/28/2020,10 Yr,0.59
7/29/2020,10 Yr,0.58
7/30/2020,10 Yr,0.55
7/31/2020,10 Yr,0.55
8/3/2020,10 Yr,0.56
8/4/2020,10 Yr,0.52
8/5/2020,10 Yr,0.55
8/6/2020,10 Yr,0.55
8/7/2020,10 Yr,0.57
8/10/2020,10 Yr,0.59
8/11/2020,10 Yr,0.64
8/12/2020,10 Yr,0.69
8/13/2020,10 Yr,0.71
8/14/2020,10 Yr,0.71
8/17/2020,10 Yr,0.69
8/18/2020,10 Yr,0.67
8/19/2020,10 Yr,0.68
8/20/2020,10 Yr,0.65
8/21/2020,10 Yr,0.64
8/24/2020,10 Yr,0.65
8/25/2020,10 Yr,0.69
8/26/2020,10 Yr,0.69
8/27/2020,10 Yr,0.74
8/28/2020,10 Yr,0.74
8/31/2020,10 Yr,0.72
9/1/2020,10 Yr,0.68
9/2/2020,10 Yr,0.66
9/3/2020,10 Yr,0.63
9/4/2020,10 Yr,0.72
9/8/2020,10 Yr,0.69
9/9/2020,10 Yr,0.71
9/10/2020,10 Yr,0.68
9/11/2020,10 Yr,0.67
9/14/2020,10 Yr,0.68
9/15/2020,10 Yr,0.68
9/16/2020,10 Yr,0.69
9/17/2020,10 Yr,0.69
9/18/2020,10 Yr,0.7
9/21/2020,10 Yr,0.68
9/22/2020,10 Yr,0.68
9/23/2020,10 Yr,0.68
9/24/2020,10 Yr,0.67
9/25/2020,10 Yr,0.66
9/28/2020,10 Yr,0.67
9/29/2020,10 Yr,0.66
9/30/2020,10 Yr,0.69
10/1/2020,10 Yr,0.68
10/2/2020,10 Yr,0.7
10/5/2020,10 Yr,0.78
10/6/2020,10 Yr,0.76
10/7/2020,10 Yr,0.81
10/8/2020,10 Yr,0.78
10/9/2020,10 Yr,0.79
10/13/2020,10 Yr,0.74
10/14/2020,10 Yr,0.73
10/15/2020,10 Yr,0.74
10/16/2020,10 Yr,0.76
10/19/2020,10 Yr,0.78
10/20/2020,10 Yr,0.81
10/21/2020,10 Yr,0.83
10/22/2020,10 Yr,0.87
10/23/2020,10 Yr,0.85
10/26/2020,10 Yr,0.81
10/27/2020,10 Yr,0.79
10/28/2020,10 Yr,0.79
10/29/2020,10 Yr,0.85
10/30/2020,10 Yr,0.88
11/2/2020,10 Yr,0.87
11/3/2020,10 Yr,0.9
11/4/2020,10 Yr,0.78
11/5/2020,10 Yr,0.79
11/6/2020,10 Yr,0.83
11/9/2020,10 Yr,0.96
11/10/2020,10 Yr,0.98
11/12/2020,10 Yr,0.88
1/2/2020,20 Yr,2.19
1/3/2020,20 Yr,2.11
1/6/2020,20 Yr,2.13
1/7/2020,20 Yr,2.16
1/8/2020,20 Yr,2.21
1/9/2020,20 Yr,2.17
1/10/2020,20 Yr,2.14
1/13/2020,20 Yr,2.16
1/14/2020,20 Yr,2.12
1/15/2020,20 Yr,2.09
1/16/2020,20 Yr,2.11
1/17/2020,20 Yr,2.16
1/21/2020,20 Yr,2.1
1/22/2020,20 Yr,2.07
1/23/2020,20 Yr,2.03
1/24/2020,20 Yr,2.0
1/27/2020,20 Yr,1.91
1/28/2020,20 Yr,1.95
1/29/2020,20 Yr,1.89
1/30/2020,20 Yr,1.88
1/31/2020,20 Yr,1.83
2/3/2020,20 Yr,1.84
2/4/2020,20 Yr,1.91
2/5/2020,20 Yr,1.97
2/6/2020,20 Yr,1.94
2/7/2020,20 Yr,1.89
2/10/2020,20 Yr,1.87
2/11/2020,20 Yr,1.89
2/12/2020,20 Yr,1.93
2/13/2020,20 Yr,1.91
2/14/2020,20 Yr,1.89
2/18/2020,20 Yr,1.85
2/19/2020,20 Yr,1.86
2/20/2020,20 Yr,1.81
2/21/2020,20 Yr,1.75
2/24/2020,20 Yr,1.68
2/25/2020,20 Yr,1.63
2/26/2020,20 Yr,1.64
2/27/2020,20 Yr,1.61
2/28/2020,20 Yr,1.46
3/2/2020,20 Yr,1.46
3/3/2020,20 Yr,1.44
3/4/2020,20 Yr,1.45
3/5/2020,20 Yr,1.34
3/6/2020,20 Yr,1.09
3/9/2020,20 Yr,0.87
3/10/2020,20 Yr,1.16
3/11/2020,20 Yr,1.13
3/12/2020,20 Yr,1.27
3/13/2020,20 Yr,1.31
3/16/2020,20 Yr,1.1
3/17/2020,20 Yr,1.45
3/18/2020,20 Yr,1.6
3/19/2020,20 Yr,1.56
3/20/2020,20 Yr,1.35
3/23/2020,20 Yr,1.12
3/24/2020,20 Yr,1.19
3/25/2020,20 Yr,1.23
3/26/2020,20 Yr,1.2
3/27/2020,20 Yr,1.09
3/30/2020,20 Yr,1.1
3/31/2020,20 Yr,1.15
4/1/2020,20 Yr,1.04
4/2/2020,20 Yr,1.04
4/3/2020,20 Yr,1.05
4/6/2020,20 Yr,1.08
4/7/2020,20 Yr,1.13
4/8/2020,20 Yr,1.18
4/9/2020,20 Yr,1.15
4/13/2020,20 Yr,1.19
4/14/2020,20 Yr,1.19
4/15/2020,20 Yr,1.06
4/16/2020,20 Yr,1.01
4/17/2020,20 Yr,1.08
4/20/2020,20 Yr,1.04
4/21/2020,20 Yr,0.98
4/22/2020,20 Yr,1.03
4/23/2020,20 Yr,0.99
4/24/2020,20 Yr,0.98
4/27/2020,20 Yr,1.06
4/28/2020,20 Yr,1.0
4/29/2020,20 Yr,1.02
4/30/2020,20 Yr,1.05
5/1/2020,20 Yr,1.04
5/4/2020,20 Yr,1.05
5/5/2020,20 Yr,1.07
5/6/2020,20 Yr,1.16
5/7/2020,20 Yr,1.05
5/8/2020,20 Yr,1.12
5/11/2020,20 Yr,1.16
5/12/2020,20 Yr,1.11
5/13/2020,20 Yr,1.07
5/14/2020,20 Yr,1.03
5/15/2020,20 Yr,1.05
5/18/2020,20 Yr,1.17
5/19/2020,20 Yr,1.15
5/20/2020,20 Yr,1.19
5/21/2020,20 Yr,1.16
5/22/2020,20 Yr,1.12
5/26/2020,20 Yr,1.19
5/27/2020,20 Yr,1.19
5/28/2020,20 Yr,1.23
5/29/2020,20 Yr,1.18
6/1/2020,20 Yr,1.22
6/2/2020,20 Yr,1.24
6/3/2020,20 Yr,1.32
6/4/2020,20 Yr,1.38
6/5/2020,20 Yr,1.46
6/8/2020,20 Yr,1.43
6/9/2020,20 Yr,1.37
6/10/2020,20 Yr,1.31
6/11/2020,20 Yr,1.19
6/12/2020,20 Yr,1.24
6/15/2020,20 Yr,1.24
6/16/2020,20 Yr,1.31
6/17/2020,20 Yr,1.3
6/18/2020,20 Yr,1.24
6/19/2020,20 Yr,1.23
6/22/2020,20 Yr,1.23
6/23/2020,20 Yr,1.25
6/24/2020,20 Yr,1.21
6/25/2020,20 Yr,1.2
6/26/2020,20 Yr,1.15
6/29/2020,20 Yr,1.16
6/30/2020,20 Yr,1.18
7/1/2020,20 Yr,1.2
7/2/2020,20 Yr,1.2
7/6/2020,20 Yr,1.21
7/7/2020,20 Yr,1.15
7/8/2020,20 Yr,1.16
7/9/2020,20 Yr,1.09
7/10/2020,20 Yr,1.12
7/13/2020,20 Yr,1.11
7/14/2020,20 Yr,1.09
7/15/2020,20 Yr,1.11
7/16/2020,20 Yr,1.09
7/17/2020,20 Yr,1.11
7/20/2020,20 Yr,1.1
7/21/2020,20 Yr,1.09
7/22/2020,20 Yr,1.08
7/23/2020,20 Yr,1.03
7/24/2020,20 Yr,1.03
7/27/2020,20 Yr,1.05
7/28/2020,20 Yr,1.01
7/29/2020,20 Yr,1.03
7/30/2020,20 Yr,0.98
7/31/2020,20 Yr,0.98
8/3/2020,20 Yr,1.01
8/4/2020,20 Yr,0.96
8/5/2020,20 Yr,1.0
8/6/2020,20 Yr,0.98
8/7/2020,20 Yr,1.01
8/10/2020,20 Yr,1.04
8/11/2020,20 Yr,1.1
8/12/2020,20 Yr,1.15
8/13/2020,20 Yr,1.2
8/14/2020,20 Yr,1.21
8/17/2020,20 Yr,1.19
8/18/2020,20 Yr,1.16
8/19/2020,20 Yr,1.2
8/20/2020,20 Yr,1.15
8/21/2020,20 Yr,1.13
8/24/2020,20 Yr,1.14
8/25/2020,20 Yr,1.18
8/26/2020,20 Yr,1.2
8/27/2020,20 Yr,1.28
8/28/2020,20 Yr,1.29
8/31/2020,20 Yr,1.26
9/1/2020,20 Yr,1.2
9/2/2020,20 Yr,1.16
9/3/2020,20 Yr,1.13
9/4/2020,20 Yr,1.25
9/8/2020,20 Yr,1.22
9/9/2020,20 Yr,1.25
9/10/2020,20 Yr,1.22
9/11/2020,20 Yr,1.21
9/14/2020,20 Yr,1.21
9/15/2020,20 Yr,1.21
9/16/2020,20 Yr,1.23
9/17/2020,20 Yr,1.22
9/18/2020,20 Yr,1.24
9/21/2020,20 Yr,1.22
9/22/2020,20 Yr,1.21
9/23/2020,20 Yr,1.21
9/24/2020,20 Yr,1.19
9/25/2020,20 Yr,1.19
9/28/2020,20 Yr,1.2
9/29/2020,20 Yr,1.19
9/30/2020,20 Yr,1.23
10/1/2020,20 Yr,1.23
10/2/2020,20 Yr,1.25
10/5/2020,20 Yr,1.34
10/6/2020,20 Yr,1.33
10/7/2020,20 Yr,1.37
10/8/2020,20 Yr,1.34
10/9/2020,20 Yr,1.34
10/13/2020,20 Yr,1.29
10/14/2020,20 Yr,1.28
10/15/2020,20 Yr,1.29
10/16/2020,20 Yr,1.3
10/19/2020,20 Yr,1.32
10/20/2020,20 Yr,1.37
10/21/2020,20 Yr,1.4
10/22/2020,20 Yr,1.43
10/23/2020,20 Yr,1.41
10/26/2020,20 Yr,1.37
10/27/2020,20 Yr,1.34
10/28/2020,20 Yr,1.34
10/29/2020,20 Yr,1.39
10/30/2020,20 Yr,1.43
11/2/2020,20 Yr,1.41
11/3/2020,20 Yr,1.44
11/4/2020,20 Yr,1.33
11/5/2020,20 Yr,1.32
11/6/2020,20 Yr,1.37
11/9/2020,20 Yr,1.51
11/10/2020,20 Yr,1.53
11/12/2020,20 Yr,1.42
1/2/2020,30 Yr,2.33
1/3/2020,30 Yr,2.26
1/6/2020,30 Yr,2.28
1/7/2020,30 Yr,2.31
1/8/2020,30 Yr,2.35
1/9/2020,30 Yr,2.38
1/10/2020,30 Yr,2.28
1/13/2020,30 Yr,2.3
1/14/2020,30 Yr,2.27
1/15/2020,30 Yr,2.23
1/16/2020,30 Yr,2.26
1/17/2020,30 Yr,2.29
1/21/2020,30 Yr,2.23
1/22/2020,30 Yr,2.22
1/23/2020,30 Yr,2.18
1/24/2020,30 Yr,2.14
1/27/2020,30 Yr,2.05
1/28/2020,30 Yr,2.1
1/29/2020,30 Yr,2.05
1/30/2020,30 Yr,2.04
1/31/2020,30 Yr,1.99
2/3/2020,30 Yr,2.01
2/4/2020,30 Yr,2.08
2/5/2020,30 Yr,2.14
2/6/2020,30 Yr,2.11
2/7/2020,30 Yr,2.05
2/10/2020,30 Yr,2.03
2/11/2020,30 Yr,2.05
2/12/2020,30 Yr,2.09
2/13/2020,30 Yr,2.07
2/14/2020,30 Yr,2.04
2/18/2020,30 Yr,2.0
2/19/2020,30 Yr,2.01
2/20/2020,30 Yr,1.97
2/21/2020,30 Yr,1.9
2/24/2020,30 Yr,1.84
2/25/2020,30 Yr,1.8
2/26/2020,30 Yr,1.81
2/27/2020,30 Yr,1.79
2/28/2020,30 Yr,1.65
3/2/2020,30 Yr,1.66
3/3/2020,30 Yr,1.64
3/4/2020,30 Yr,1.67
3/5/2020,30 Yr,1.56
3/6/2020,30 Yr,1.25
3/9/2020,30 Yr,0.99
3/10/2020,30 Yr,1.28
3/11/2020,30 Yr,1.3
3/12/2020,30 Yr,1.49
3/13/2020,30 Yr,1.56
3/16/2020,30 Yr,1.34
3/17/2020,30 Yr,1.63
3/18/2020,30 Yr,1.77
3/19/2020,30 Yr,1.78
3/20/2020,30 Yr,1.55
3/23/2020,30 Yr,1.33
3/24/2020,30 Yr,1.39
3/25/2020,30 Yr,1.45
3/26/2020,30 Yr,1.42
3/27/2020,30 Yr,1.29
3/30/2020,30 Yr,1.31
3/31/2020,30 Yr,1.35
4/1/2020,30 Yr,1.27
4/2/2020,30 Yr,1.26
4/3/2020,30 Yr,1.24
4/6/2020,30 Yr,1.27
4/7/2020,30 Yr,1.32
4/8/2020,30 Yr,1.37
4/9/2020,30 Yr,1.35
4/13/2020,30 Yr,1.39
4/14/2020,30 Yr,1.41
4/15/2020,30 Yr,1.27
4/16/2020,30 Yr,1.21
4/17/2020,30 Yr,1.27
4/20/2020,30 Yr,1.23
4/21/2020,30 Yr,1.17
4/22/2020,30 Yr,1.22
4/23/2020,30 Yr,1.18
4/24/2020,30 Yr,1.17
4/27/2020,30 Yr,1.25
4/28/2020,30 Yr,1.2
4/29/2020,30 Yr,1.24
4/30/2020,30 Yr,1.28
5/1/2020,30 Yr,1.27
5/4/2020,30 Yr,1.29
5/5/2020,30 Yr,1.32
5/6/2020,30 Yr,1.41
5/7/2020,30 Yr,1.31
5/8/2020,30 Yr,1.39
5/11/2020,30 Yr,1.43
5/12/2020,30 Yr,1.38
5/13/2020,30 Yr,1.35
5/14/2020,30 Yr,1.3
5/15/2020,30 Yr,1.32
5/18/2020,30 Yr,1.44
5/19/2020,30 Yr,1.43
5/20/2020,30 Yr,1.4
5/21/2020,30 Yr,1.4
5/22/2020,30 Yr,1.37
5/26/2020,30 Yr,1.43
5/27/2020,30 Yr,1.44
5/28/2020,30 Yr,1.47
5/29/2020,30 Yr,1.41
6/1/2020,30 Yr,1.46
6/2/2020,30 Yr,1.48
6/3/2020,30 Yr,1.56
6/4/2020,30 Yr,1.61
6/5/2020,30 Yr,1.68
6/8/2020,30 Yr,1.65
6/9/2020,30 Yr,1.59
6/10/2020,30 Yr,1.53
6/11/2020,30 Yr,1.41
6/12/2020,30 Yr,1.45
6/15/2020,30 Yr,1.45
6/16/2020,30 Yr,1.54
6/17/2020,30 Yr,1.52
6/18/2020,30 Yr,1.47
6/19/2020,30 Yr,1.47
6/22/2020,30 Yr,1.46
6/23/2020,30 Yr,1.49
6/24/2020,30 Yr,1.44
6/25/2020,30 Yr,1.43
6/26/2020,30 Yr,1.37
6/29/2020,30 Yr,1.39
6/30/2020,30 Yr,1.41
7/1/2020,30 Yr,1.43
7/2/2020,30 Yr,1.43
7/6/2020,30 Yr,1.45
7/7/2020,30 Yr,1.38
7/8/2020,30 Yr,1.39
7/9/2020,30 Yr,1.32
7/10/2020,30 Yr,1.33
7/13/2020,30 Yr,1.33
7/14/2020,30 Yr,1.3
7/15/2020,30 Yr,1.33
7/16/2020,30 Yr,1.31
7/17/2020,30 Yr,1.33
7/20/2020,30 Yr,1.32
7/21/2020,30 Yr,1.31
7/22/2020,30 Yr,1.29
7/23/2020,30 Yr,1.24
7/24/2020,30 Yr,1.23
7/27/2020,30 Yr,1.25
7/28/2020,30 Yr,1.22
7/29/2020,30 Yr,1.24
7/30/2020,30 Yr,1.2
7/31/2020,30 Yr,1.2
8/3/2020,30 Yr,1.23
8/4/2020,30 Yr,1.19
8/5/2020,30 Yr,1.22
8/6/2020,30 Yr,1.2
8/7/2020,30 Yr,1.23
8/10/2020,30 Yr,1.25
8/11/2020,30 Yr,1.32
8/12/2020,30 Yr,1.37
8/13/2020,30 Yr,1.42
8/14/2020,30 Yr,1.45
8/17/2020,30 Yr,1.43
8/18/2020,30 Yr,1.4
8/19/2020,30 Yr,1.42
8/20/2020,30 Yr,1.38
8/21/2020,30 Yr,1.35
8/24/2020,30 Yr,1.35
8/25/2020,30 Yr,1.39
8/26/2020,30 Yr,1.41
8/27/2020,30 Yr,1.5
8/28/2020,30 Yr,1.52
8/31/2020,30 Yr,1.49
9/1/2020,30 Yr,1.43
9/2/2020,30 Yr,1.38
9/3/2020,30 Yr,1.34
9/4/2020,30 Yr,1.46
9/8/2020,30 Yr,1.43
9/9/2020,30 Yr,1.45
9/10/2020,30 Yr,1.43
9/11/2020,30 Yr,1.42
9/14/2020,30 Yr,1.42
9/15/2020,30 Yr,1.43
9/16/2020,30 Yr,1.45
9/17/2020,30 Yr,1.43
9/18/2020,30 Yr,1.45
9/21/2020,30 Yr,1.43
9/22/2020,30 Yr,1.42
9/23/2020,30 Yr,1.42
9/24/2020,30 Yr,1.4
9/25/2020,30 Yr,1.4
9/28/2020,30 Yr,1.42
9/29/2020,30 Yr,1.41
9/30/2020,30 Yr,1.46
10/1/2020,30 Yr,1.45
10/2/2020,30 Yr,1.48
10/5/2020,30 Yr,1.57
10/6/2020,30 Yr,1.56
10/7/2020,30 Yr,1.6
10/8/2020,30 Yr,1.57
10/9/2020,30 Yr,1.58
10/13/2020,30 Yr,1.52
10/14/2020,30 Yr,1.5
10/15/2020,30 Yr,1.52
10/16/2020,30 Yr,1.52
10/19/2020,30 Yr,1.55
10/20/2020,30 Yr,1.6
10/21/2020,30 Yr,1.62
10/22/2020,30 Yr,1.67
10/23/2020,30 Yr,1.64
10/26/2020,30 Yr,1.59
10/27/2020,30 Yr,1.57
10/28/2020,30 Yr,1.56
10/29/2020,30 Yr,1.62
10/30/2020,30 Yr,1.65
11/2/2020,30 Yr,1.63
11/3/2020,30 Yr,1.66
11/4/2020,30 Yr,1.55
11/5/2020,30 Yr,1.54
11/6/2020,30 Yr,1.6
11/9/2020,30 Yr,1.73
11/10/2020,30 Yr,1.75
11/12/2020,30 Yr,1.64
