﻿date,rub,cny,eur,krw,brent
4/26/2013,3.133813851,15.99283521,127.7465508,0.088235554,10114.838
4/29/2013,3.156565657,15.99283521,128.0737705,0.088535926,10148.98465
4/30/2013,3.129890454,15.99283521,128.2873637,0.088438833,9973.39725
5/1/2013,3.106554831,15.99283521,128.3532281,0.088435705,9734.1305
5/2/2013,3.143665514,15.78905818,127.9918085,0.088854927,10075.70025
5/3/2013,3.186743149,15.94743725,129.8869983,0.090236827,10318.45665
5/6/2013,3.200512082,16.12201138,129.9038711,0.090727636,10476.9237
5/7/2013,3.186743149,16.1121405,129.5001295,0.090814149,10337.166
5/8/2013,3.178639542,16.09735681,130.2083333,0.091122815,10330.1817
5/9/2013,3.223726628,16.41066036,131.2163758,0.092131084,10510.20435
5/10/2013,3.240965808,16.54670307,132.0306311,0.091863638,10558.81465
5/13/2013,3.249390739,16.54369189,132.1353066,0.09146453,10469.6465
5/14/2013,3.264240248,16.51554939,132.2576379,0.092215193,10502.649
5/15/2013,3.250446936,16.63672057,131.7523057,0.091705259,10599.7248
5/16/2013,3.25732899,16.67750705,131.7175975,0.091483775,10614.069
5/17/2013,3.281378179,16.80926527,132.5029813,0.092294345,10799.8944
5/20/2013,3.274394237,16.65944757,131.7523057,0.091482938,10717.896
5/21/2013,3.281378179,16.74396799,132.2926313,0.092213068,10650.25545
5/22/2013,3.283533082,16.82397079,132.6435867,0.092594736,10583.703
5/23/2013,3.2404407,16.63035705,131.9783555,0.090383633,10451.441
5/24/2013,3.234152652,16.58677371,130.9757695,0.089778696,10396.4056
5/27/2013,3.219575016,16.48641519,130.5312622,0.089929675,10358.9759
5/28/2013,3.246753247,16.69031127,131.6135825,0.09073628,10670.54625
5/29/2013,3.198976328,16.60440017,130.9071868,0.089341154,10361.30665
5/30/2013,3.175611305,16.41766541,131.4578678,0.089222382,10294.10965
5/31/2013,3.14861461,16.39478646,130.6165099,0.088825724,10087.68915
6/3/2013,3.125976868,16.23429332,130.1405518,0.088867561,10158.0318
6/4/2013,3.131360576,16.32653061,130.8386759,0.089040852,10326.581
6/5/2013,3.078817734,16.16684181,129.7185108,0.088530047,10207.6576
6/6/2013,3.017501509,15.8042798,128.4356537,0.086641223,10046.0256
6/7/2013,3.028467595,15.90583744,128.9823294,0.087279075,10199.3052
6/10/2013,3.058103976,15.90583744,130.9414692,0.087551108,10267.1415
6/11/2013,2.963841138,15.90583744,127.8608874,0.084752227,9886.734
6/12/2013,2.980181791,15.90583744,128.0737705,0.085113264,9938.1447
6/13/2013,2.98284862,15.33013445,127.5672917,0.084383913,9942.84375
6/14/2013,2.964719834,15.48419064,125.5808113,0.083431017,9966.42405
6/17/2013,2.976190476,15.48610896,126.3423879,0.083787883,9967.9697
6/18/2013,2.978406552,15.55476053,127.6813075,0.084014198,10106.8866
6/19/2013,2.979293907,15.48730815,128.2544568,0.08530458,10237.927
6/20/2013,2.942907593,15.8715043,128.6173633,0.084883519,9937.66275
6/21/2013,2.986857826,15.96092765,128.4686536,0.084643545,9879.089
6/24/2013,2.98284862,16.00640256,128.2051282,0.084103936,9886.3668
6/25/2013,2.980181791,15.81903029,127.9918085,0.08478025,9904.2406
6/26/2013,2.966918855,15.85539876,127.1779219,0.08455444,9936.7567
6/27/2013,2.996703626,15.97775896,128.2380097,0.085664478,10112.8611
6/28/2013,3.019323671,16.11889295,128.9823294,0.086777684,10127.6316
7/1/2013,3.020691738,16.25197055,130.2083333,0.08776241,10265.495
7/2/2013,3.032140691,16.24827362,130.5994515,0.088660735,10465.52
7/3/2013,3.015681544,16.29779328,129.9714063,0.087537313,10567.0104
7/4/2013,3.012048193,16.26836291,129.1989664,0.087770883,10558.7493
7/5/2013,3.03674461,16.32626406,129.8532658,0.08858926,10901.264
7/8/2013,3.04136253,16.4628023,129.9376299,0.087918658,10846.66995
7/9/2013,3.065603924,16.52592091,129.2824822,0.08856886,10905.52055
7/10/2013,3.024345985,16.32040213,129.3326436,0.087780899,10814.64915
7/11/2013,3.041825095,16.13033309,129.6008294,0.088001056,10660.9608
7/12/2013,3.040437823,16.1545669,129.6680498,0.088246844,10796.67225
7/15/2013,3.06372549,16.27021574,130.4461258,0.089000832,10894.27285
7/16/2013,3.057169061,16.15039245,130.4291118,0.088881778,10840.993
7/17/2013,3.080714726,16.25091411,130.701869,0.089128943,10815.92685
7/18/2013,3.091190108,16.3086909,131.6482359,0.089273758,10915.654
7/19/2013,3.108486167,16.33159674,132.2751323,0.089795625,10877.2455
7/22/2013,3.081189339,16.28319737,131.4060447,0.08907337,10778.76975
7/23/2013,3.078817734,16.21744348,131.4751512,0.088985389,10780.2006
7/24/2013,3.087372646,16.31294759,132.3451562,0.089833942,10746.33345
7/25/2013,3.039513678,16.28478838,131.8391562,0.088934344,10689.10675
7/26/2013,2.997152705,16.08699849,130.4971943,0.088280733,10532.13175
7/29/2013,2.980625931,15.94972646,129.9207483,0.088036694,10525.26475
7/30/2013,2.973977695,15.98669907,130.0221038,0.087805178,10480.92185
7/31/2013,2.97000297,15.92838598,130.1913813,0.087100806,10541.1375
8/1/2013,3.006614552,16.23772022,131.4751512,0.088602604,10904.1593
8/2/2013,3.013863773,16.14517744,131.4578678,0.088023907,10782.23675
8/5/2013,2.986857826,16.06348288,130.3441084,0.088239447,10686.297
8/6/2013,2.963401985,15.96576939,130.0728408,0.087729687,10574.0541
8/7/2013,2.92226768,15.85690727,128.48516,0.08637033,10350.2324
8/8/2013,2.943340692,15.80028441,129.4498382,0.086919109,10319.6898
8/9/2013,2.927400468,15.71486941,128.3861856,0.086567345,10412.9284
8/12/2013,2.934702861,15.79828747,128.882588,0.086971269,10559.73785
8/13/2013,2.96956199,16.04209446,130.2422506,0.087775505,10784.8731
8/14/2013,2.966038855,16.06193482,130.0897619,0.087738154,10814.477
8/15/2013,2.95945546,16.01896646,129.9714063,0.087054174,10818.7807
8/16/2013,2.962962963,15.93295413,130.0052002,0.087589451,10767.312
8/19/2013,2.957704821,15.94464021,130.1066875,0.087218557,10722.3935
8/20/2013,2.952465309,15.85741017,130.5142261,0.086795384,10715.392
8/21/2013,2.946810078,15.93117731,130.4631442,0.087303458,10725.69175
8/22/2013,2.986857826,16.08648092,131.8565401,0.088044057,10850.427
8/23/2013,2.989089822,16.1694559,132.1353066,0.088645802,10964.6448
8/26/2013,2.977519726,16.09761594,131.7002502,0.088508499,10908.0123
8/27/2013,2.926115582,15.84886522,129.9545159,0.086825152,11096.3508
8/28/2013,2.941176471,15.92508838,130.2592158,0.087581396,11385.8004
8/29/2013,2.956830278,16.06916167,130.2252898,0.088381774,11325.986
8/30/2013,2.951593861,16.05729242,129.8026999,0.088435314,11191.79165
9/2/2013,2.974419988,16.22560075,131.0444241,0.090405287,11356.97055
9/3/2013,2.972651605,16.26677511,131.147541,0.090634304,11519.4144
9/4/2013,2.993115834,16.27206899,131.7696666,0.091157703,11463.4216
9/5/2013,2.994011976,16.34280671,131.3715187,0.091214244,11540.4075
9/6/2013,2.978850164,16.19302081,130.6335728,0.090723109,11509.2338
9/9/2013,3.003003003,16.24985781,131.9957761,0.091605711,11324.8062
9/10/2013,3.046922608,16.40043297,133.2267519,0.092426994,11170.6125
9/11/2013,3.046922608,16.3741158,132.9433661,0.091948104,11136.0625
9/12/2013,3.048780488,16.26995103,132.3977228,0.091901628,11212.3165
9/13/2013,3.061849357,16.27975125,132.1003963,0.09148252,11206.3847
9/16/2013,3.0651341,16.18699213,132.1178491,0.091588931,10905.7356
9/17/2013,3.077396523,16.1924964,132.4152542,0.091557065,10723.7928
9/18/2013,3.080714726,16.15300123,132.4327904,0.090530099,10832.164
9/19/2013,3.141690229,16.08260023,134.5532831,0.092815177,10816.182
9/20/2013,3.117206983,16.08260023,134.3183345,0.092259859,10847.1843
9/23/2013,3.107520199,16.14856681,133.3688984,0.092004784,10691.0752
9/24/2013,3.097893432,16.1584824,133.0317946,0.091863638,10726.5704
9/25/2013,3.067484663,16.08699849,133.1557923,0.09141311,10663.0208
9/26/2013,3.06372549,16.17233237,133.5291761,0.092028069,10810.6979
9/27/2013,3.040437823,16.11343861,132.8727079,0.091419377,10673.9838
9/30/2013,3.033980583,15.99257944,132.8727079,0.09141687,10645.1851
10/1/2013,3.039513678,15.99257944,132.5556734,0.091285853,10577.5803
10/2/2013,3.021148036,15.99257944,132.1877065,0.090607204,10630.19245
10/3/2013,3.024803388,15.99257944,132.4503311,0.090732163,10601.885
10/4/2013,3.029385035,15.99257944,132.1527686,0.090970703,10669.6135
10/7/2013,3.002101471,15.99257944,131.3542624,0.090256373,10607.1528
10/8/2013,2.989983555,15.82629063,131.4924392,0.090112821,10672.3008
10/9/2013,3.012048193,15.90431961,131.6482359,0.090475221,10616.4457
10/10/2013,3.050640635,15.98669907,132.7140013,0.091593125,10973.729
10/11/2013,3.059039462,16.0709694,133.4935256,0.092005631,10969.426
10/14/2013,3.054367746,16.0908813,133.6898396,0.09197982,10945.768
10/15/2013,3.039051816,16.08389359,132.7492367,0.092192664,10794.2234
10/16/2013,3.080714726,16.19066123,133.671969,0.092544178,10949.0879
10/17/2013,3.07408546,16.0709694,133.9046599,0.092121748,10682.9601
10/18/2013,3.067014262,16.03180711,133.74348,0.092159103,10744.9859
10/21/2013,3.070781514,16.11629519,134.354427,0.092435965,10765.5516
10/22/2013,3.096934035,16.10798795,135.2447931,0.092768681,10792.4558
10/23/2013,3.067014262,15.98516577,134.1561578,0.092006477,10497.564
10/24/2013,3.06936771,16.01486179,134.2462075,0.091528992,10407.9872
10/25/2013,3.062318175,15.95990871,134.4809037,0.091689704,10417.1206
10/28/2013,3.060912152,16.04956104,134.643867,0.092003515,10706.7048
10/29/2013,3.057169061,16.01434886,134.9527665,0.092397958,10703.14685
10/30/2013,3.079765938,16.12435099,135.3179973,0.092984764,10822.3086
10/31/2013,3.066544005,16.12825186,133.6183859,0.092675829,10704.9582
11/1/2013,3.0422878,16.08803372,133.1026221,0.092984764,10452.2579
11/4/2013,3.045066991,16.17468662,133.2622601,0.092793215,10474.80915
11/5/2013,3.027550711,16.15587185,132.7316167,0.092799673,10375.53165
11/6/2013,3.047851265,16.16475114,133.3155579,0.093056583,10382.9784
11/7/2013,3.021148036,16.20771812,131.6309069,0.092239861,10148.3914
11/8/2013,3.03674461,16.11785375,132.4854266,0.093240963,10414.764
11/11/2013,3.021148036,16.27736632,132.9256945,0.092452202,10550.092
11/12/2013,3.031221582,16.37277535,133.8688086,0.092834564,10542.37935
11/13/2013,3.031221582,16.33079662,133.8508901,0.092664665,10631.1244
11/14/2013,3.064664419,16.38001638,134.6257404,0.093593961,10856.1708
11/15/2013,3.077870114,16.47120833,135.2082207,0.094264922,10870.0725
11/18/2013,3.070310101,16.39075561,135.0438893,0.094760682,10847
11/19/2013,3.060912152,16.38082133,135.5932203,0.094900971,10708.038
11/20/2013,3.039513678,16.39962609,134.4266703,0.09465081,10809.2418
11/21/2013,3.066544005,16.53302472,136.369835,0.095238095,11135.1424
11/22/2013,3.095975232,16.58072325,137.3060552,0.095413019,11246.58875
11/25/2013,3.089280198,16.69727834,137.4381528,0.095913141,11286.48
11/26/2013,3.07503075,16.63810459,137.4759417,0.095519195,11232.144
11/27/2013,3.078817734,16.76895731,138.7347392,0.096286703,11371.98615
11/28/2013,3.086419753,16.77514594,139.2175971,0.096400873,11343.1952
11/29/2013,3.091190108,16.78979181,139.2369813,0.096809638,11237.19205
12/2/2013,3.098853424,16.86710409,139.4116827,0.097265384,11474.33475
12/3/2013,3.084515731,16.92706129,139.3145723,0.096600624,11545.2393
12/4/2013,3.091190108,16.86084743,139.1401141,0.096402267,11451.4774
12/5/2013,3.086419753,16.73108133,139.1207568,0.096139518,11296.0993
12/6/2013,3.139717425,16.80248677,141.0437236,0.097360555,11485.7851
12/9/2013,3.160556258,17.00795973,141.8842225,0.098081525,11297.25225
12/10/2013,3.144159723,16.98888927,141.5227852,0.097756489,11248.6392
12/11/2013,3.125976868,16.89132124,141.2229911,0.097364821,11237.668
12/12/2013,3.150598614,16.93222032,142.2070535,0.098316816,11234.3046
12/13/2013,3.137254902,17.06251706,141.8640942,0.097992141,11233.4326
12/16/2013,3.126954346,16.96784593,141.7635384,0.097830128,11381.17175
12/17/2013,3.112840467,16.95633743,141.3627368,0.097697275,11133.5348
12/18/2013,3.169572108,16.95748758,142.7144284,0.099101644,11432.2164
12/19/2013,3.160056881,17.12504709,142.4298533,0.098369041,11497.18105
12/20/2013,3.155071778,17.20015824,142.2879909,0.098017594,11632.46275
12/23/2013,3.182686187,17.12915382,142.5923285,0.098170591,11614.5116
12/24/2013,3.2,17.1706245,142.8163382,0.098439246,11678.4435
12/26/2013,3.207184092,17.24762414,143.4926101,0.098942796,11736.0639
12/27/2013,3.225286244,17.25863795,144.5295563,0.099718296,11797.9706
12/30/2013,3.203588019,17.37408135,145.158949,0.09960457,11694.28755
12/31/2013,3.201024328,17.34545202,144.7596989,0.099756096,11668.902
1/2/2014,3.165057762,17.41038007,143.2254368,0.099724262,11291.5717
1/3/2014,3.157562362,17.22504522,142.4907381,0.099341367,11207.95095
1/6/2014,3.138731952,17.29954156,142.0252805,0.097816731,11123.4006
1/7/2014,3.156565657,17.24048756,142.4501425,0.097821515,11230.957
1/8/2014,3.161555485,17.33192367,142.3487544,0.098390334,11235.21325
1/9/2014,3.155071778,17.3196162,142.6533524,0.098616898,11152.8637
1/10/2014,3.153579313,17.33552917,142.3690205,0.098090665,11170.0875
1/13/2014,3.095017023,17.09606278,140.8252359,0.097445467,10995.25
1/14/2014,3.127932437,17.25089705,142.551675,0.09837146,11087.43385
1/15/2014,3.130380341,17.26340503,142.2475107,0.098302802,11200.97715
1/16/2014,3.123048095,17.29355815,142.1464108,0.098129167,11175.9124
1/17/2014,3.102218086,17.24821912,141.2628902,0.098243408,11107.4612
1/20/2014,3.084515731,17.2134816,141.1831145,0.09793504,11079.543
1/21/2014,3.070310101,17.30433127,141.4827391,0.097925449,11134.0736
1/22/2014,3.079291763,17.25149225,141.5828968,0.097901961,11315.83905
1/23/2014,3.023888721,17.06950703,141.4227125,0.09619038,11109.2487
1/24/2014,2.963841138,16.90702825,139.9188471,0.094687106,11035.5846
1/27/2014,2.957704821,16.94197374,140.2131239,0.094620807,10941.0595
1/28/2014,2.95945546,17.00477834,140.7459536,0.095374344,11059.47065
1/29/2014,2.915026964,17.04477663,139.7819402,0.095603208,11033.055
1/30/2014,2.940744008,16.87906152,139.256371,0.095071946,11089.16375
1/31/2014,2.904443799,16.87906152,137.6083666,0.094362323,10856.524
2/3/2014,2.847785847,16.87906152,136.5933616,0.093099901,10708.9796
2/4/2014,2.902336381,16.87906152,137.4192662,0.093773004,10752.537
2/5/2014,2.907822041,16.87906152,137.2872048,0.094100377,10778
2/6/2014,2.939879465,16.87906152,138.7539892,0.094624836,10944.63495
2/7/2014,2.942474621,16.83218313,139.5478649,0.095200015,11213.3938
2/10/2014,2.942907593,16.85772084,139.5478649,0.095316164,11107.96065
2/11/2014,2.954209749,16.88219604,139.9776036,0.095840062,11154.3718
2/12/2014,2.944207272,16.91160305,139.3922498,0.096495291,11154.78265
2/13/2014,2.912055911,16.84948356,139.7819402,0.095821695,11108.9441
2/14/2014,2.898970865,16.78669151,139.3922498,0.095721718,11104.344
2/17/2014,2.893099957,16.80728764,139.7233478,0.096110412,11129.2633
2/18/2014,2.886836028,16.87279599,140.8450704,0.096077169,11307.7902
2/19/2014,2.86000286,16.81180861,140.5283867,0.096016745,11303.84275
2/20/2014,2.86000286,16.81237391,140.291807,0.095378438,11279.8295
2/21/2014,2.889338342,16.81576646,140.8649106,0.095549769,11262.37125
2/24/2014,2.885170225,16.78021277,140.7855836,0.095411654,11340.0468
2/25/2014,2.860411899,16.70201927,140.5283867,0.095190953,11195.75485
2/26/2014,2.840909091,16.70201927,140.1345291,0.096039338,11212.11
2/27/2014,2.835270768,16.6858554,140.016802,0.095466761,11128.0848
2/28/2014,2.823263693,16.55492095,140.5086413,0.095460382,11103.87135
3/3/2014,2.777006387,16.48396934,139.3339836,0.094797513,11281.24
3/4/2014,2.831657936,16.63782777,140.469167,0.095393905,11171.553
3/5/2014,2.838087129,16.71122995,140.5086413,0.095491375,11025.4644
3/6/2014,2.853067047,16.79373929,142.8571429,0.096819949,11141.867
3/7/2014,2.839295855,16.80220445,143.328078,0.096963115,11257.52
3/10/2014,2.837684449,16.81407001,143.307538,0.096753438,11160.8812
3/11/2014,2.826056239,16.81774609,142.7755568,0.096679541,11182.821
3/12/2014,2.816901408,16.74817445,142.8775539,0.095979422,11100.6753
3/13/2014,2.783189535,16.69226147,141.2429379,0.095177816,10936.5976
3/14/2014,2.772387025,16.54040822,141.023833,0.094615436,11004.11235
3/17/2014,2.804262479,16.46334436,141.6831964,0.09531253,10812.0448
3/18/2014,2.798768542,16.38001638,141.3627368,0.094857761,10833.31155
3/19/2014,2.82845425,16.39505525,141.5828968,0.095589044,10833.21825
3/20/2014,2.813731007,16.44547503,141.1034288,0.09505839,10900.48
3/21/2014,2.821272394,16.40554507,141.0636197,0.094689796,10934.1738
3/24/2014,2.833663927,16.57879903,141.5027593,0.09486451,10920.78845
3/25/2014,2.88184438,16.47392178,141.4027149,0.094724777,10941.33235
3/26/2014,2.871912694,16.47283629,140.6469761,0.094921239,10921.87635
3/27/2014,2.869028834,16.44493414,140.390285,0.095335246,11017.53025
3/28/2014,2.871912694,16.44195988,141.4027149,0.096102561,11111.21705
3/31/2014,2.945074363,16.56122686,142.1464108,0.096924583,11122.4484
4/1/2014,2.957704821,16.64863065,142.9592566,0.09791682,10946.9849
4/2/2014,2.92997363,16.72716324,143.000143,0.098213014,10885.06125
4/3/2014,2.920560748,16.73612157,142.5923285,0.098227967,11031.63875
4/4/2014,2.923976608,16.72073036,141.5227852,0.097965741,11022.5752
4/7/2014,2.896032436,16.61874927,141.6831964,0.097677235,10910.5711
4/8/2014,2.849814762,16.42737458,140.469167,0.096750162,10962.42105
4/9/2014,2.86615076,16.46605523,141.3028119,0.097921614,11012.3403
4/10/2014,2.855103498,16.36687998,141.0039481,0.097615736,10909.8765
4/11/2014,2.8510335,16.38350509,141.0835214,0.098121946,10906.33795
4/14/2014,2.831657936,16.34227256,140.7459536,0.097957105,11108.23415
4/15/2014,2.810567735,16.35376464,140.8054069,0.097887107,11083.8682
4/16/2014,2.837281884,16.42629521,141.2429379,0.09843537,11204.956
4/17/2014,2.889338342,16.40312315,141.4427157,0.098594049,11214.7767
4/21/2014,2.876042565,16.47419318,141.5428167,0.098766895,11283.069
4/22/2014,2.876042565,16.45305122,141.6631251,0.098872361,11213.2874
4/23/2014,2.871912694,16.4343939,141.6831964,0.09863392,11188.1394
4/24/2014,2.860411899,16.38887523,141.5428167,0.098408247,11288.9656
4/25/2014,2.838489923,16.35216012,141.3227812,0.098127242,11195.7886
4/28/2014,2.859593938,16.34440939,141.9647927,0.099019705,11082.3
4/29/2014,2.881014117,16.40043297,141.7635384,0.099618461,11185.1623
4/30/2014,2.869440459,16.33106332,141.8037436,0.098945244,11051.2382
5/1/2014,2.872737719,16.34788295,141.9446416,0.099022646,11028.1584
5/2/2014,2.853067047,16.32866334,141.7434444,0.099196508,11096.26915
5/5/2014,2.859593938,16.35590448,141.723356,0.099153231,11002.5208
5/6/2014,2.871912694,16.36446946,141.6229996,0.098711324,10886.3961
5/7/2014,2.917152859,16.28160667,141.7836382,0.099667609,11020.06895
5/8/2014,2.895193978,16.35162535,140.7063459,0.099403579,10983.3464
5/9/2014,2.891844997,16.3345312,140.1541696,0.099458449,10990.21485
5/12/2014,2.917152859,16.34601239,140.4889014,0.099675059,11071.37125
5/13/2014,2.933411558,16.42764444,140.1345291,0.100010001,11170.8824
5/14/2014,2.938583603,16.36393389,139.7428731,0.099124729,11227.2591
5/15/2014,2.92226768,16.34975394,139.275766,0.099092805,11217.943
5/16/2014,2.923121894,16.28850195,139.0240512,0.099158147,11141.82
5/19/2014,2.935133549,16.24009354,139.1594768,0.099276276,11102.1487
5/20/2014,2.935995302,16.2408848,138.8503194,0.098805442,11114.33925
5/21/2014,2.953337271,16.18804028,138.7539892,0.098700607,11207.00625
5/22/2014,2.96647879,16.3102869,138.9274799,0.099277754,11227.4746
5/23/2014,2.989536622,16.34815021,139.0240512,0.099497537,11271.7638
5/26/2014,2.980625931,16.3369329,139.1207568,0.099536657,11247.6756
5/27/2014,2.962962963,16.32040213,139.0627173,0.09959961,11220.9398
5/28/2014,2.947244327,16.28187176,138.4083045,0.09962789,11183.59945
5/29/2014,2.936857562,16.31294759,138.4657989,0.099710839,11194.39615
5/30/2014,2.916302129,16.27577676,138.7347392,0.099710839,11136.29685
6/2/2014,2.920560748,16.27577676,139.1982183,0.09993654,11142.55955
6/3/2014,2.921413964,16.36687998,139.6843135,0.100156745,11154.5941
6/4/2014,2.938583603,16.42224886,139.7233478,0.100385984,11137.558
6/5/2014,2.952465309,16.39209901,139.8797035,0.100337636,11139.55205
6/6/2014,2.976190476,16.37170315,139.8210291,0.100480296,11130.89585
6/9/2014,2.985074627,16.43871647,139.3728223,0.100841014,11277.2747
6/10/2014,2.979737783,16.44520458,138.6770212,0.100624374,11209.9196
6/11/2014,2.970885324,16.39747479,138.1406272,0.100492413,11223.696
6/12/2014,2.95945546,16.36098886,137.8739832,0.09995552,11496.9595
6/13/2014,2.968239834,16.4343939,138.2361073,0.100260678,11575.7587
6/16/2014,2.942041777,16.36768365,138.2552191,0.099799403,11502.3743
6/17/2014,2.93255132,16.4095832,138.3700014,0.099946529,11588.35025
6/18/2014,2.964719834,16.36446946,138.5809313,0.099620942,11645.9505
6/19/2014,2.965599051,16.3711671,138.7154945,0.100042018,11728.6411
6/20/2014,2.962962963,16.39881929,138.8117712,0.09995502,11719.23075
6/23/2014,2.990430622,16.37384769,138.7154945,0.100049024,11634.534
6/24/2014,3.015681544,16.37009511,138.7347392,0.100074055,11672.0585
6/25/2014,3.018412315,16.33773363,138.8503194,0.099882139,11613.75
6/26/2014,3.017501509,16.34681401,138.4849744,0.100064041,11517.41935
6/27/2014,3.003905077,16.32626406,138.3700014,0.099963014,11485.7875
6/30/2014,2.983293556,16.33880139,138.7347392,0.100123151,11384.877
7/1/2014,2.955082742,16.37813846,138.8888889,0.100432361,11400.24225
7/2/2014,2.968239834,16.39263643,139.0433815,0.100822205,11323.1196
7/3/2014,2.981514609,16.45034463,139.0820584,0.101253519,11343.09
7/4/2014,2.968239834,16.4657841,138.8310426,0.101164402,11298.5568
7/7/2014,2.955956252,16.42090052,138.5617293,0.10068719,11227.3928
7/8/2014,2.96735905,16.38055301,138.2743363,0.10038548,11066.1252
7/9/2014,2.996703626,16.39935715,138.6770212,0.100405135,11005.0378
7/10/2014,2.975304969,16.34521085,137.9120121,0.099990001,11012.07445
7/11/2014,2.965599051,16.34173843,137.9690949,0.099484669,10813.1908
7/14/2014,2.957704821,16.36205966,138.3125864,0.099617469,10863.2841
7/15/2014,2.955956252,16.38511576,138.0071764,0.099011371,10780.6437
7/16/2014,2.940311673,16.38699528,137.532664,0.098512947,10762.828
7/17/2014,2.868617326,16.30656339,136.8550705,0.098304252,10915.77075
7/18/2014,2.880184332,16.32866334,137.0426203,0.098431494,10867.1654
7/21/2014,2.882675123,16.33133002,137.136588,0.098729353,10918.752
7/22/2014,2.901073397,16.35269492,136.6306873,0.09902902,10890.23845
7/23/2014,2.909514111,16.3733115,136.6493577,0.099086914,10963.42455
7/24/2014,2.90275762,16.43358367,137.0801919,0.098902186,10901.33205
7/25/2014,2.898550725,16.45088588,136.7801942,0.099254598,11038.4376
7/28/2014,2.864508737,16.46388647,136.9112815,0.099254598,10957.0802
7/29/2014,2.853881279,16.52428243,136.9487812,0.099634342,11001.4436
7/30/2014,2.89017341,16.66139056,137.7220768,0.100312473,10948.69545
7/31/2014,2.877697842,16.65584037,137.6273053,0.099995,10898.3259
8/1/2014,2.869440459,16.60660611,137.8359752,0.098896317,10759.7292
8/4/2014,2.861230329,16.60577881,137.7031121,0.099283668,10814.53895
8/5/2014,2.841716397,16.62455114,137.2306848,0.099781479,10732.46295
8/6/2014,2.821670429,16.56589083,136.6493577,0.098752265,10679.6849
8/7/2014,2.811357886,16.57302905,136.4442625,0.098452329,10765.9512
8/8/2014,2.822466836,16.57577616,136.8738024,0.098461538,10718.3412
8/11/2014,2.846569883,16.60660611,136.7989056,0.099180275,10697.7726
8/12/2014,2.825656965,16.60522733,136.7240908,0.099556971,10534.8252
8/13/2014,2.844950213,16.64308896,136.8925394,0.09942285,10681.4004
8/14/2014,2.843332386,16.65223473,136.9112815,0.100318008,10450.41445
8/15/2014,2.83446712,16.64973943,137.1553971,0.100235051,10597.3308
8/18/2014,2.843332386,16.69421212,137.0614035,0.100796291,10421.112
8/19/2014,2.844950213,16.75771693,137.0614035,0.101090258,10451.0318
8/20/2014,2.857142857,16.89388948,137.5894331,0.101437367,10612.0614
8/21/2014,2.884338044,16.87934643,137.9120121,0.101435824,10656.58605
8/22/2014,2.876869965,16.89360408,137.6651982,0.102106977,10632.53405
8/25/2014,2.881014117,16.9073141,137.2683596,0.102009589,10681.24575
8/26/2014,2.877697842,16.87792199,137.0426203,0.102365671,10667.175
8/27/2014,2.871912694,16.90931534,137.0238421,0.102395544,10669.0128
8/28/2014,2.820874471,16.88390626,136.7240908,0.102172181,10626.6389
8/29/2014,2.808988764,16.95087636,136.6680333,0.102627784,10739.49925
9/1/2014,2.795638803,16.9903325,137.0050692,0.103020563,10727.67835
9/2/2014,2.806623632,17.09489376,137.988133,0.10315606,10543.2255
9/3/2014,2.844950213,17.0628082,137.8359752,0.102754858,10770.80985
9/4/2014,2.846164793,17.14795253,136.2769147,0.103297248,10719.6441
9/5/2014,2.844950213,17.11332443,136.1099769,0.102571993,10596.182
9/8/2014,2.861230329,17.11332443,136.7427868,0.103519669,10624.206
9/9/2014,2.862868594,17.30552912,137.3815084,0.102630944,10530.2962
9/10/2014,2.864508737,17.42889013,138.0071764,0.10329138,10475.0838
9/11/2014,2.853067047,17.44196187,138.4466288,0.103391232,10505.3488
9/12/2014,2.840909091,17.49597593,139.1594768,0.103675289,10423.30185
9/15/2014,2.794857462,17.47671228,138.6962552,0.103201837,10358.46375
9/16/2014,2.796420582,17.42312048,138.8310426,0.103382681,10610.73125
9/17/2014,2.814522938,17.65443215,139.4505648,0.104735073,10727.3583
9/18/2014,2.827254736,17.69692251,140.4889014,0.104133583,10620.967
9/19/2014,2.837684449,17.75851965,139.8992725,0.104429372,10728.93755
9/22/2014,2.815315315,17.72012829,139.8601399,0.104558215,10554.69965
9/23/2014,2.820874471,17.74370985,139.8992725,0.104691213,10546.48075
9/24/2014,2.856326764,17.69942831,139.3339836,0.104829495,10569.97375
9/25/2014,2.826455625,17.72578215,138.6770212,0.104206287,10549.235
9/26/2014,2.790957298,17.83930355,138.6193513,0.104644105,10600.645
9/29/2014,2.774694784,17.80183003,138.8888889,0.103934978,10641.942
9/30/2014,2.769315979,17.8628845,138.5233412,0.103943081,10381.03885
10/1/2014,2.745744097,17.90285909,137.4759417,0.102445896,10253.5532
10/2/2014,2.74122807,17.66129175,137.3626374,0.102157568,10129.0635
10/3/2014,2.744237102,17.88205,137.4003847,0.103424916,10132.8687
10/6/2014,2.738975623,17.88205,137.6841526,0.101786868,10095.552
10/7/2014,2.705627706,17.88205,136.8738024,0.101000409,9951.10385
10/8/2014,2.704164413,17.60625374,137.6273053,0.100506553,9876.8073
10/9/2014,2.686727566,17.58922133,136.8550705,0.1013916,9710.992
10/10/2014,2.668801708,17.5620379,135.9619307,0.100242085,9712.9107
10/13/2014,2.642706131,17.44439599,136.2769147,0.100145211,9499.22985
10/14/2014,2.616431188,17.47610143,135.5197181,0.100466668,9103.9572
10/15/2014,2.622606871,17.51068152,135.9804188,0.099831285,8874.3965
10/16/2014,2.601456816,17.29355815,136.2026696,0.100214961,8982.11745
10/17/2014,2.623983207,17.39765828,136.4070386,0.100506048,9208.35
10/20/2014,2.60552371,17.4645034,136.8925394,0.101261208,9133.957
10/21/2014,2.613695766,17.48251748,136.0544218,0.101388516,9225.1089
10/22/2014,2.589331952,17.51620249,135.5197181,0.101682851,9076.25295
10/23/2014,2.596728123,17.69316513,136.9112815,0.1021774,9400.64995
10/24/2014,2.581977795,17.68565517,137.0426203,0.102279294,9315.8208
10/27/2014,2.552322614,17.62611485,136.9112815,0.102563577,9253.76145
10/28/2014,2.547770701,17.69253906,137.7220768,0.103199174,9304.57465
10/29/2014,2.522068096,17.81610219,137.5515818,0.103292447,9486.4968
10/30/2014,2.626740215,17.85778064,137.7410468,0.103550219,9418.2704
10/31/2014,2.61164795,18.38167714,140.6865504,0.104624398,9644.2245
11/3/2014,2.61164795,18.4318207,142.3690205,0.105294746,9669.159
11/4/2014,2.61164795,18.58770609,142.5110446,0.105347991,9408.352
11/5/2014,2.554278416,18.75117195,143.1434297,0.105123731,9509.80275
11/6/2014,2.460629921,18.85049671,142.5719989,0.105599966,9546.3006
11/7/2014,2.455795678,18.71187456,142.6533524,0.105387959,9551.4906
11/10/2014,2.50438267,18.77017794,142.6737052,0.105347991,9457.5724
11/11/2014,2.497502498,18.90823832,144.4251878,0.105750165,9455.7526
11/12/2014,2.568053416,18.84658877,143.6575205,0.105412955,9282.6843
11/13/2014,2.478929103,18.90109059,144.4251878,0.105550366,9019.6296
11/14/2014,2.464268112,18.9706524,145.6239988,0.10562841,9233.7948
11/17/2014,2.475860361,19.044717,145.22219,0.105941181,9251.5115
11/18/2014,2.491901321,19.09380788,146.5201465,0.106150915,9170.7889
11/19/2014,2.517623364,19.27227875,148.1042654,0.105925471,9214.238
11/20/2014,2.56147541,19.305392,148.2359917,0.106296471,9377.99595
11/21/2014,2.575991757,19.22115865,145.9640928,0.106015309,9467.2116
11/24/2014,2.628120894,19.26151357,147.1670346,0.106170074,9424.152
11/25/2014,2.547770701,19.2274414,147.1670346,0.106268232,9240.98175
11/26/2014,2.483238143,19.18134039,147.2320377,0.106662116,9153.5075
11/27/2014,2.420135528,19.18134039,146.7351431,0.10696846,8543.0289
11/28/2014,2.401536984,19.31471395,147.7323091,0.106578562,8322.596
12/1/2014,2.31320842,19.2537256,147.6450613,0.106653584,8588.3733
12/2/2014,2.212634141,19.38548028,147.6232654,0.106888425,8409.4261
12/3/2014,2.239641657,19.48026649,147.4708745,0.10733299,8376.0664
12/4/2014,2.202643172,19.46509908,148.2799526,0.107682616,8341.8274
12/5/2014,2.308402585,19.75425704,149.1869312,0.108260844,8386.82475
12/8/2014,2.245677072,19.5522534,148.6546752,0.108532853,7988.80205
12/9/2014,2.214348981,19.35396466,148.1262035,0.108327691,8000.4138
12/10/2014,2.147305132,19.08142042,146.6490688,0.106928999,7568.4356
12/11/2014,2.102607233,19.17324948,147.275405,0.107603245,7556.9056
12/12/2014,2.065688907,19.17802965,148.03849,0.107574886,7347.78
12/15/2014,1.853224611,19.03094432,146.5416178,0.107331262,7194.3945
12/16/2014,1.667778519,18.80830575,145.6452083,0.107686675,6968.3026
12/17/2014,1.912777353,19.14718441,146.4557704,0.10814786,7259.3129
12/18/2014,1.918649271,19.12009331,146.0067163,0.108057292,7043.35045
12/19/2014,2.051702913,19.22152811,146.1347362,0.10863012,7335.2169
12/22/2014,2.117298327,19.29496209,146.8428781,0.108649594,7216.8066
12/23/2014,2.179361447,19.38698358,146.9075951,0.109061958,7445.05765
12/24/2014,2.260908885,19.38172304,146.9507715,0.109117891,7259.2212
12/26/2014,2.229654404,19.38848712,146.6060695,0.109478663,7158.07725
12/29/2014,2.04248366,19.38172304,146.6490688,0.109674377,6984.669
12/30/2014,2.161227577,19.26708027,145.2643812,0.10892297,6917.892
12/31/2014,2.033760423,19.27042183,144.8225923,0.109419965,6862.11435
1/2/2015,2.033760423,19.27042183,144.6340758,0.108865459,6798.8921
1/5/2015,2.033760423,19.23557813,142.7755568,0.107785916,6353.81485
1/6/2015,2.033760423,19.05887286,140.7657658,0.107738884,6050.4955
1/7/2015,2.033760423,19.19238446,141.1831145,0.108538154,6099.89325
1/8/2015,2.033760423,19.25483778,141.1034288,0.109227543,6097.8736
1/9/2015,2.033760423,19.28305598,140.3508772,0.109161368,5939.5383
1/12/2015,1.877934272,19.07960009,140.0560224,0.109308134,5613.3405
1/13/2015,1.809299801,19.02768528,138.8310426,0.109317694,5494.3587
1/14/2015,1.823819077,18.94118761,138.3317195,0.108357624,5713.04115
1/15/2015,1.782848993,18.77475921,135.098622,0.107970373,5537.58555
1/16/2015,1.807664497,18.76172608,136.1099769,0.109019749,5901.9988
1/19/2015,1.81192245,18.905736,136.4442625,0.108921783,5742.1188
1/20/2015,1.824318161,19.1211901,137.2306848,0.109198321,5701.6919
1/21/2015,1.80848178,18.99299159,136.9487812,0.108985292,5783.33365
1/22/2015,1.846551565,18.99659961,134.6801347,0.109183417,5749.1348
1/23/2015,1.840434343,18.92398236,131.9957761,0.109302758,5746.24225
1/26/2015,1.733252448,18.94082885,133.1380642,0.109609461,5705.0336
1/27/2015,1.744135345,18.88110568,134.1561578,0.109349969,5846.352
1/28/2015,1.733252448,18.82069524,132.6963907,0.108254398,5697.6485
1/29/2015,1.71718039,18.93760061,133.9046599,0.10754018,5811.5877
1/30/2015,1.699668565,18.79275351,132.5908247,0.106545063,6223.94045
2/2/2015,1.721911322,18.78957554,133.3688984,0.106957591,6438.32625
2/3/2015,1.803263908,18.78710453,134.9892009,0.107562736,6808.4787
2/4/2015,1.725476663,18.76982563,133.0671989,0.107780688,6351.614
2/5/2015,1.766004415,18.79805252,134.8981519,0.108173597,6648.95495
2/6/2015,1.777935817,19.03420447,134.6257404,0.108359385,6877.044
2/9/2015,1.80131496,18.98830321,134.354427,0.108324758,6921.4576
2/10/2015,1.824984031,19.13729093,135.2082207,0.108641922,6739.4349
2/11/2015,1.847916474,19.29980314,136.5374113,0.108698606,6584.6169
2/12/2015,1.824651035,19.06541343,135.8142062,0.108123888,6794.94025
2/13/2015,1.870732392,19.03420447,135.2082207,0.108167747,7305.8076
2/16/2015,1.891610707,18.97677243,134.4989913,0.107541914,7274.672
2/17/2015,1.908579063,18.95626789,136.0914535,0.107558687,7457.01515
2/18/2015,1.929570671,18.95626789,135.3912808,0.107151276,7190.3587
2/19/2015,1.921414161,18.95626789,135.1899419,0.106982765,7161.67845
2/20/2015,1.927710843,18.95626789,135.4646437,0.107179987,7167.9866
2/23/2015,1.927710843,18.95626789,134.643867,0.107194923,6998.2035
2/24/2015,1.896273822,18.95626789,134.9345567,0.107593405,6979.3668
2/25/2015,1.940805434,18.98505876,135.0438893,0.107984947,7325.3418
2/26/2015,1.954461057,18.96993266,133.7255951,0.108303054,7171.171
2/27/2015,1.943445729,19.0316687,133.8329764,0.108546401,7480.8132
3/2/2015,1.920676078,19.15195158,134.354427,0.108907548,7152.5402
3/3/2015,1.934423058,19.08360527,133.8150676,0.109160176,7305.9246
3/4/2015,1.932927419,19.08651919,132.5908247,0.108650184,7246.624
3/5/2015,1.976089319,19.17104406,132.5381047,0.108994795,7266.672
3/6/2015,1.99940018,19.27190734,131.0444241,0.108785518,7217.7732
3/9/2015,1.99940018,19.33824525,131.4751512,0.108659039,7091.20215
3/10/2015,1.943823501,19.34834765,129.5840352,0.107445431,6830.80265
3/11/2015,1.974528581,19.37533907,128.0901755,0.107280022,6988.233
3/12/2015,1.981964126,19.33488012,129.0156109,0.107760943,6923.804
3/13/2015,1.954461057,19.39412746,127.4047649,0.106662685,6636.66465
3/16/2015,1.957138663,19.37571448,128.2380097,0.107194923,6484.1424
3/17/2015,1.977261493,19.42162404,128.6173633,0.107469103,6494.24115
3/18/2015,2.03562341,19.28268415,130.5142261,0.108040948,6715.07055
3/19/2015,2.013490386,19.49241745,128.7664177,0.107662328,6575.144
3/20/2015,2.029426687,19.34497901,129.9038711,0.107798697,6640.3362
3/23/2015,2.037282265,19.26522434,131.061599,0.108188226,6695.5812
3/24/2015,2.064196512,19.29943067,130.8386759,0.108504001,6599.14695
3/25/2015,2.09292591,19.23594814,131.1131506,0.108449284,6749.36
3/26/2015,2.079650619,19.19164779,129.7353399,0.107866138,7055.448
3/27/2015,2.059520132,19.16736947,129.7185108,0.107938324,6720.40535
3/30/2015,2.100619683,19.34123745,130.0897619,0.108421064,6759.02175
3/31/2015,2.064409579,19.37984496,128.915818,0.108328278,6620.63985
4/1/2015,2.060368806,19.32143133,128.915818,0.109045308,6838.5815
4/2/2015,2.090738031,19.31956492,130.2931596,0.109700846,6578.33925
4/6/2015,2.112378538,19.21968095,130.5823975,0.110055798,6947.3742
4/7/2015,2.167316862,19.41106819,130.0897619,0.109783343,7108.2525
4/8/2015,2.167316862,19.3678339,129.516902,0.109924537,6673.777
4/9/2015,2.28597554,19.43181377,128.5347044,0.10995294,6821.7763
4/10/2015,2.338087444,19.36295866,127.4859765,0.109899168,6957.42075
4/13/2015,2.30813618,19.42124684,126.9518852,0.109051254,6959.42055
4/14/2015,2.34494079,19.29384526,127.1940982,0.109320681,6975.66555
4/15/2015,2.397219226,19.26299771,127.3236567,0.109078018,7187.128
4/16/2015,2.389771777,19.25038982,128.0737705,0.10974238,7614.2598
4/17/2015,2.291213197,19.17839745,128.5181853,0.10972191,7545.15675
4/20/2015,2.256572267,19.21857283,127.9918085,0.110038844,7563.24
4/21/2015,2.234137623,19.29943067,128.4686536,0.110491744,7428.8032
4/22/2015,2.297530155,19.35995973,128.6339079,0.110615186,7522.26795
4/23/2015,2.325040688,19.29570671,129.4665976,0.110627423,7755.08725
4/24/2015,2.335902826,19.20971243,129.3828438,0.110540599,7767.3408
4/27/2015,2.326663564,19.132165,129.617628,0.111355475,7717.3632
4/28/2015,2.298850575,19.15231839,130.5142261,0.111675694,7682.7872
4/29/2015,2.324230099,19.20122888,132.5029813,0.111218622,7837.5936
4/30/2015,2.319916483,19.24224057,133.9764202,0.110795958,7971.1947
5/1/2015,2.319916483,19.31471395,134.6076188,0.111134573,7986.8305
5/4/2015,2.319916483,19.3457275,133.9046599,0.111047567,7982.97075
5/5/2015,2.369106847,19.31657942,134.0662287,0.110862287,8092.272
5/6/2015,2.390343014,19.26819399,135.6300014,0.110579714,8096.14305
5/7/2015,2.360160491,19.29123985,134.8981519,0.109446311,7847.4319
5/8/2015,2.349348056,19.2945898,134.2281879,0.110115787,7834.04895
5/11/2015,2.349348056,19.32964781,133.9584729,0.109448108,7794.71735
5/12/2015,2.378686965,19.29645138,134.4086022,0.10964191,8014.1739
5/13/2015,2.421600678,19.20823649,135.3363107,0.109023909,7961.0796
5/14/2015,2.382938163,19.22670204,135.9619307,0.10946548,7935.19735
5/15/2015,2.410509823,19.25780423,136.6120219,0.110074576,7969.7649
5/18/2015,2.438429651,19.28751905,135.7773252,0.110037027,7951.7373
5/19/2015,2.437835202,19.33450629,134.5713901,0.11018616,7726.8939
5/20/2015,2.423361202,19.55760693,134.6257404,0.110697226,7891.71565
5/21/2015,2.426595487,19.53201297,134.4989913,0.110708256,8054.0016
5/22/2015,2.431610942,19.61399655,133.9046599,0.110829727,7945.39665
5/25/2015,2.432794064,19.61130396,133.4400854,0.110814989,7964.6112
5/26/2015,2.418087293,19.84402596,133.8508901,0.111114198,7844.2506
5/27/2015,2.3846429,19.83300609,134.8617667,0.111467187,7674.6499
5/28/2015,2.357656489,19.98840672,135.7036233,0.111803673,7757.1039
5/29/2015,2.37388724,20.02884153,136.4070386,0.11153992,8138.9462
6/1/2015,2.332089552,20.01641346,136.3512408,0.111785551,8095.7264
6/2/2015,2.329916123,20.01961923,138.4466288,0.112059257,8128.29135
6/3/2015,2.294630564,20.04329351,140.0952648,0.112193152,7927.15
6/4/2015,2.225189141,20.05213555,139.7819402,0.11168193,7714.98125
6/5/2015,2.228412256,20.1134398,139.6063102,0.111712497,7953.31875
6/8/2015,2.230400357,20.21263694,140.5678943,0.111259457,7803.96465
6/9/2015,2.233139795,20.04972331,140.291807,0.110874579,8067.1792
6/10/2015,2.276607854,19.80315662,138.9467834,0.110432564,8059.7475
6/11/2015,2.254029077,19.88625065,138.9467834,0.110845083,8035.8762
6/12/2015,2.254029077,19.87715916,139.0433815,0.110941002,7880.59995
6/15/2015,2.264492754,19.89060169,139.256371,0.110529603,7727.3262
6/16/2015,2.281802624,19.87004987,138.7539892,0.110266956,7858.032
6/17/2015,2.300172513,19.88190151,139.9384271,0.110684974,7883.79345
6/18/2015,2.299643555,19.8019802,139.6843135,0.111222333,7901.7309
6/19/2015,2.271436684,19.76558022,139.275766,0.111198835,7730.9785
6/22/2015,2.286498228,19.76558022,139.9188471,0.112018461,7814.5725
6/23/2015,2.303086135,19.92865541,138.4657989,0.112001523,7988.89975
6/24/2015,2.281802624,19.9588847,138.7925052,0.111558585,7863.2365
6/25/2015,2.259121202,19.93183313,138.5041551,0.11117102,7812.784
6/26/2015,2.260653329,19.87004987,138.2934587,0.11029432,7835.0673
6/29/2015,2.2077492,19.78826556,137.6841526,0.109394828,7598.7054
6/30/2015,2.194907814,19.69550745,136.425648,0.109372095,7789.775
7/1/2015,2.210677573,19.77926342,136.1470388,0.109468476,7638.08175
7/2/2015,2.217049108,19.91198901,136.4070386,0.109537423,7638.64455
7/3/2015,2.199978,19.83300609,136.4815068,0.109402607,7408.2008
7/6/2015,2.1549402,19.73904976,135.5197181,0.108850054,6930.3905
7/7/2015,2.16192844,19.73009234,134.9345567,0.1079797,6966.68325
7/8/2015,2.101502574,19.58940605,133.7255951,0.106298166,6886.22025
7/9/2015,2.124269782,19.54384662,133.9405304,0.107174244,7112.03045
7/10/2015,2.184121437,19.67574374,137.0426203,0.108517542,7209.40115
7/13/2015,2.18459858,19.88032047,135.8326542,0.108605934,7141.004
7/14/2015,2.187944426,19.85939548,135.8511072,0.107924345,7218.9638
7/15/2015,2.177463255,19.90961037,135.5197181,0.107868465,7061.649
7/16/2015,2.179836512,19.9537074,135.0256549,0.108263188,7140.15405
7/17/2015,2.178886589,19.9676524,134.354427,0.107874283,7084.6825
7/20/2015,2.179598954,20.01360925,134.5351809,0.107430425,7039.61225
7/21/2015,2.182214948,19.94654326,135.501355,0.107839384,7066.6856
7/22/2015,2.170845544,19.96645635,135.5380862,0.107139222,6958.15545
7/23/2015,2.155636991,19.95251302,136.0729351,0.106627428,6848.78205
7/24/2015,2.11371803,19.93779408,135.998912,0.105797155,6763.0484
7/27/2015,2.0733983,19.87083954,136.7240908,0.105557608,6589.91015
7/28/2015,2.046035806,19.89772569,136.6493577,0.106475295,6585.748
7/29/2015,2.082465639,19.96207206,136.1470388,0.106653015,6615.6503
7/30/2015,2.087900616,19.9920032,135.7220413,0.105820106,6618.16995
7/31/2015,2.038943827,19.95490192,136.1841209,0.106233799,6470.9074
8/3/2015,1.984323842,19.97283694,135.8142062,0.105918739,6142.2132
8/4/2015,1.971803214,20.02924269,135.3546291,0.1063694,6218.00615
8/5/2015,1.986294567,20.10899073,136.2026696,0.106396561,6193.791
8/6/2015,1.946093218,20.08717835,136.2769147,0.107194349,6177.1248
8/7/2015,1.940052381,20.00480115,136.2583458,0.106658703,6038.57725
8/10/2015,1.97745699,20.07266304,137.3249107,0.107514165,6282.5983
8/11/2015,1.949507749,19.77496094,138.1406272,0.106111491,6153.8934
8/12/2015,1.926411096,19.48254364,138.5809313,0.105838586,6168.2686
8/13/2015,1.923631817,19.4446605,138.7154945,0.105578226,6124.1985
8/14/2015,1.914058762,19.4507119,138.064338,0.105411844,6095.16445
8/17/2015,1.902768528,19.462826,137.7979881,0.10511931,6062.7686
8/18/2015,1.890537858,19.45336057,137.0989855,0.10488832,6072.20805
8/19/2015,1.859946062,19.36183395,137.6651982,0.104555482,5838.8796
8/20/2015,1.817686086,19.41785277,138.7154945,0.104145512,5753.1411
8/21/2015,1.768190257,19.09964284,138.9660923,0.102040816,5547.2565
8/24/2015,1.768190257,18.80087988,137.6273053,0.099434219,5055.3498
8/25/2015,1.723989311,18.66437717,136.8925394,0.099802391,5136.8048
8/26/2015,1.71895144,18.70837387,135.6852103,0.101347927,5173.1331
8/27/2015,1.71895144,18.8960904,136.1099769,0.103084813,5756.4246
8/28/2015,1.71895144,19.04798187,136.0729351,0.103159784,6091.83575
8/31/2015,1.814552713,19.00923849,135.9434475,0.102487894,6564.33375
9/1/2015,1.824484583,18.82601002,135.0621286,0.10116082,5916.225
9/2/2015,1.775568182,18.93078904,135.0803728,0.101619304,6076.4125
9/3/2015,1.806684734,18.89252045,133.5648457,0.10081509,6085.401
9/4/2015,1.737619461,18.72343612,132.6435867,0.099060903,5903.83805
9/7/2015,1.728907331,18.75257848,133.1912627,0.099114904,5681.06825
9/8/2015,1.761338617,18.85582834,134.1741581,0.100258667,5932.7436
9/9/2015,1.760253477,18.92004389,135.0256549,0.101140358,5733.8658
9/10/2015,1.783166904,18.94298163,136.0359135,0.101962784,5896.86735
9/11/2015,1.777777778,18.91038369,136.7240908,0.101953947,5804.7212
9/14/2015,1.776356692,18.88146218,136.1099769,0.101650292,5575.29695
9/15/2015,1.802288907,18.75363352,135.6852103,0.102142959,5616.1172
9/16/2015,1.804077215,18.91682273,136.1099769,0.103027993,5998.10875
9/17/2015,1.804077215,18.8451681,137.2306848,0.10284204,5889.8454
9/18/2015,1.813072251,18.74765654,135.6483993,0.102293942,5696.16265
9/21/2015,1.822489521,18.8661447,134.8799568,0.102295511,5897.306
9/22/2015,1.802451334,18.79345988,133.6183859,0.101348441,5896.962
9/23/2015,1.821991437,18.83913265,134.5713901,0.100674519,5744.325
9/24/2015,1.799046505,18.81219783,134.8435814,0.10081509,5784.49445
9/25/2015,1.843487879,18.90323434,134.9892009,0.10106676,5860.188
9/28/2015,1.817190623,18.88609794,134.8617667,0.10026872,5677.2495
9/29/2015,1.831166453,18.82778228,134.6801347,0.100111123,5774.81905
9/30/2015,1.83368479,18.89859017,133.9764202,0.101127061,5797.87005
10/1/2015,1.836378661,18.89859017,134.2822613,0.101751137,5719.70015
10/2/2015,1.79147259,18.89859017,134.4086022,0.102212387,5771.02765
10/5/2015,1.860984461,18.89859017,134.7345729,0.103754889,5932.655
10/6/2015,1.885725061,18.89859017,135.5380862,0.103522884,6243.38
10/7/2015,1.915525333,18.89859017,134.8435814,0.103567378,6160.36995
10/8/2015,1.93068829,18.87540346,135.2630867,0.104022011,6362.55175
10/9/2015,1.963286542,18.95195679,136.6120219,0.104764698,6332.47875
10/12/2015,1.95809673,18.98289641,136.2954886,0.104910878,5984.9451
10/13/2015,1.914608463,18.86507697,136.2769147,0.104099978,5896.2438
10/14/2015,1.896273822,18.84090738,136.3326517,0.104510681,5840.4945
10/15/2015,1.900959985,18.73080093,135.3363107,0.105864916,5791.1319
10/16/2015,1.938360147,18.74730507,135.5197181,0.105569309,6027.1947
10/19/2015,1.920860546,18.76454252,135.2996888,0.105547024,5808.65195
10/20/2015,1.93068829,18.83203706,135.9804188,0.10591313,5837.4064
10/21/2015,1.917729408,18.88930865,135.998912,0.105212767,5739.6075
10/22/2015,1.920676078,18.82282079,134.0482574,0.106771445,5802.7752
10/23/2015,1.946093218,19.12301838,133.8150676,0.106922139,5829.10535
10/26/2015,1.92289203,19.01972345,133.8867318,0.107198945,5756.8563
10/27/2015,1.860119048,18.95339361,133.1026221,0.106034419,5638.7326
10/28/2015,1.894118761,18.91646489,132.2401481,0.105704334,5939.70975
10/29/2015,1.888217523,18.98974554,132.9610424,0.106050724,5911.144
10/30/2015,1.875468867,19.07668829,132.7492367,0.105703776,5978.175
11/2/2015,1.881113619,19.01682989,133.0317946,0.106076035,5891.63645
11/3/2015,1.908579063,19.05233677,132.7668614,0.107145536,6118.6251
11/4/2015,1.908579063,19.11936218,132.0829481,0.107073833,5905.1419
11/5/2015,1.926967916,19.18612459,132.5205407,0.106994212,5841.565
11/6/2015,1.911132346,19.18354819,132.2926313,0.106837607,5840.2472
11/9/2015,1.909490166,19.36295866,132.4152542,0.106308902,5813.3361
11/10/2015,1.915525333,19.38322576,132.0829481,0.106278961,5841.9988
11/11/2015,1.900959985,19.31881846,131.9783555,0.106338294,5627.52945
11/12/2015,1.867064974,19.30427397,132.6259947,0.105764146,5402.1966
11/13/2015,1.841112032,19.24372174,132.2051824,0.10479489,5348.54845
11/16/2015,1.862370798,19.28082522,131.6309069,0.10531027,5488.678
11/17/2015,1.887861053,19.3498452,131.4060447,0.105533657,5378.7165
11/18/2015,1.903674091,19.30352869,131.7870322,0.106006318,5457.2489
11/19/2015,1.898614012,19.30129319,131.8739285,0.106316248,5428.1757
11/20/2015,1.893760061,19.2533549,130.8386759,0.10645036,5489.1606
11/23/2015,1.874589933,19.26967916,130.6506402,0.106004632,5507.14135
11/24/2015,1.862370798,19.18538841,130.3780965,0.106857015,5651.3142
11/25/2015,1.859946062,19.18428423,130.3950971,0.107251833,5665.9824
11/26/2015,1.858045336,19.14058762,130.0897619,0.106729851,5574.3052
11/27/2015,1.854083619,19.13509376,130.1236174,0.106191495,5510.8267
11/30/2015,1.864801865,19.23742834,130.0390117,0.106065347,5491.491
12/1/2015,1.84808723,19.20381004,130.6165099,0.106317379,5460.3428
12/2/2015,1.8387423,19.26077159,130.8215594,0.105970371,5236.68005
12/3/2015,1.810446275,19.30278346,134.1021859,0.106250166,5375.4416
12/4/2015,1.811266075,19.17324948,134.0842049,0.10585315,5296.525
12/7/2015,1.811266075,19.24964869,133.671969,0.10487952,5025.06375
12/8/2015,1.76584849,19.16075877,133.9225927,0.104139005,4948.9605
12/9/2015,1.763979538,18.88467131,133.8867318,0.102740606,4870.75785
12/10/2015,1.758241758,18.7139756,133.0317946,0.103133186,4831.168
12/11/2015,1.741250218,18.71117431,132.8197636,0.101773919,4584.40945
12/14/2015,1.702417433,18.77863742,133.0317946,0.102193585,4589.4576
12/15/2015,1.731152082,18.70522437,132.9610424,0.10358508,4678.596
12/16/2015,1.735659117,18.83274638,133.3688984,0.104277461,4545.17585
12/17/2015,1.735508504,18.86543287,132.6787847,0.103422777,4542.0736
12/18/2015,1.711156742,18.79204721,131.7349493,0.102517313,4470.5936
12/21/2015,1.704448611,18.73431002,132.2576379,0.103183734,4405.07475
12/22/2015,1.699524133,18.68774644,132.6259947,0.103330871,4372.01825
12/23/2015,1.716590851,18.66368048,131.9261214,0.103005176,4517.9448
12/24/2015,1.708525542,18.58977934,132.1003963,0.102933608,4563.28215
12/28/2015,1.687051877,18.58045336,132.0480655,0.103011542,4409.2311
12/29/2015,1.667500417,18.5545969,131.5097317,0.102824592,4552.37235
12/30/2015,1.643385374,18.55631843,131.7523057,0.102347336,4393.9769
12/31/2015,1.643385374,18.53636835,130.667712,0.102316968,4485.5296
1/4/2016,1.643385374,18.27618978,129.3661061,0.100340153,4445.5568
1/5/2016,1.643385374,18.26150475,127.9590531,0.099982503,4336.1652
1/6/2016,1.643385374,18.11134857,127.7302337,0.098686483,4055.39925
1/7/2016,1.643385374,17.90221808,128.6835671,0.098288792,3971.7
1/8/2016,1.643385374,18.00212425,128.3861856,0.097235592,3940.61525
1/11/2016,1.553036186,17.89036783,127.8608874,0.097724963,3715.48575
1/12/2016,1.551229349,17.89933414,127.7302337,0.097200622,3630.5247
1/13/2016,1.552072016,17.89549034,127.9918085,0.097241265,3567.03235
1/14/2016,1.535155051,17.91376314,128.2709082,0.097744545,3663.0915
1/15/2016,1.508409382,17.75851965,127.7955272,0.096364644,3387.8611
1/18/2016,1.479071143,17.83071519,127.8118609,0.096853238,3350.19975
1/19/2016,1.492648705,17.91954126,128.3202874,0.09742553,3383.3264
1/20/2016,1.435132032,17.70977225,127.3560876,0.096700109,3260.1478
1/21/2016,1.398894873,17.8107078,127.9918085,0.097789469,3442.87125
1/22/2016,1.495215311,18.00082804,128.2544568,0.099188637,3822.5013
1/25/2016,1.499025633,17.97979072,128.3367556,0.098603771,3607.9975
1/26/2016,1.491313101,17.99078872,128.7498391,0.098835715,3765.915
1/27/2016,1.514692517,18.04174861,129.2657704,0.098176856,3928.1425
1/28/2016,1.549666822,18.07174483,129.9714063,0.098386462,4026.97925
1/29/2016,1.597571691,18.41145929,131.1819494,0.100201907,4205.4507
2/1/2016,1.57803377,18.37357145,131.7349493,0.100587431,4142.5264
2/2/2016,1.523693433,18.23087581,130.9929264,0.098941817,3925.2548
2/3/2016,1.513431706,17.91665174,130.9071868,0.098151802,4131.7416
2/4/2016,1.544282295,17.77430191,130.8729224,0.09797006,4023.7219
2/5/2016,1.518602885,17.78884639,130.4461258,0.096904389,3981.614
2/8/2016,1.495550737,17.78884639,129.7185108,0.096213517,3808.9836
2/9/2016,1.462095182,17.78884639,130.0052002,0.096042105,3490.2868
2/10/2016,1.450957632,17.78884639,127.9590531,0.095324341,3495.5598
2/11/2016,1.407063459,17.78884639,127.3074475,0.093636904,3379.4955
2/12/2016,1.427042455,17.78884639,127.4859765,0.09380687,3777.186
2/15/2016,1.478961769,17.64197378,127.8118609,0.094320047,3825.65925
2/16/2016,1.461347362,17.50271292,127.1294177,0.09358783,3670.9335
2/17/2016,1.500712839,17.52326213,126.9680041,0.093204463,3936.6225
2/18/2016,1.503872472,17.37528886,125.7861635,0.092148064,3882.0386
2/19/2016,1.453171547,17.27115717,125.3446979,0.091233384,3715.9357
2/22/2016,1.453171547,17.33462765,124.5485116,0.092250071,3917.36825
2/23/2016,1.453171547,17.17534308,123.5483074,0.090999263,3730.06605
2/24/2016,1.437711164,17.17681817,123.5483074,0.091006716,3860.28585
2/25/2016,1.476450613,17.29325909,124.5640259,0.091479591,3987.59355
2/26/2016,1.508523156,17.41705129,124.6416552,0.091703998,4001.4
2/29/2016,1.495327103,17.22890321,122.5189904,0.091008373,4053.4593
3/1/2016,1.531745424,17.36261828,123.8850347,0.09274029,4196.7081
3/2/2016,1.546910047,17.38948979,123.3045623,0.092617033,4190.8164
3/3/2016,1.544282295,17.38767562,124.579544,0.093793673,4214.30295
3/4/2016,1.558360605,17.50271292,125.1721117,0.094918536,4404.7872
3/7/2016,1.558360605,17.43679163,124.9687578,0.094562201,4633.9106
3/8/2016,1.558360605,17.31271966,123.9310943,0.093084735,4465.18475
3/9/2016,1.597316508,17.40431975,124.7972045,0.093789714,4654.8738
3/10/2016,1.603720632,17.47030049,126.486213,0.093840321,4533.45975
3/11/2016,1.633319722,17.4693849,126.9035533,0.095811596,4596.98785
3/14/2016,1.606941989,17.50332563,126.4062698,0.095728132,4499.50225
3/15/2016,1.587931719,17.34063952,125.738715,0.094719842,4384.7869
3/16/2016,1.610824742,17.43709568,126.3743207,0.09550095,4540.7547
3/17/2016,1.629327902,17.22504522,126.0716087,0.096441781,4626.9329
3/18/2016,1.653575858,17.2294969,125.738715,0.095825827,4596.684
3/21/2016,1.642440667,17.22474852,125.8336479,0.09640552,4650.1953
3/22/2016,1.645142716,17.31182051,126.0398286,0.097103405,4696.15125
3/23/2016,1.648804617,17.27235042,125.6755058,0.096145988,4548.0186
3/24/2016,1.619695497,17.27235042,126.1511291,0.096620225,4565.8782
3/28/2016,1.654533422,17.40250248,127.0163851,0.097303241,4568.83285
3/29/2016,1.639209901,17.42403122,127.2426517,0.097508654,4410.8823
3/30/2016,1.66930974,17.39644765,127.4534795,0.098286377,4413.8055
3/31/2016,1.67799312,17.4456133,128.1065847,0.098321166,4457.97
4/1/2016,1.650437366,17.31601732,127.1617497,0.097278157,4318.08555
4/4/2016,1.641631782,17.31601732,126.8230818,0.096631428,4195.83925
4/5/2016,1.594006535,17.06368166,125.6281407,0.095076013,4178.00775
4/6/2016,1.602178963,16.9413997,125.1407834,0.094991569,4374.2328
4/7/2016,1.576913979,16.7003457,123.1072264,0.093224882,4266.91745
4/8/2016,1.619433198,16.74368763,123.1982259,0.093826674,4531.8267
4/11/2016,1.616553508,16.71122995,123.1375446,0.094469295,4623.28435
4/12/2016,1.651254954,16.79740648,123.5788433,0.094891065,4850.87605
4/13/2016,1.663616703,16.84891577,123.2741617,0.095393905,4830.8621
4/14/2016,1.650437366,16.85459541,123.2741617,0.094821782,4796.096
4/15/2016,1.641901322,16.80672269,122.7144435,0.094826278,4687.7715
4/18/2016,1.642845408,16.8038985,123.1223836,0.095103592,4669.68075
4/19/2016,1.665140288,16.91474966,124.0233164,0.096723024,4808.076
4/20/2016,1.661957786,16.91017316,124.0848741,0.096886551,5030.901
4/21/2016,1.659475606,16.89246258,123.5483074,0.095896125,4874.03115
4/22/2016,1.691618033,17.14383679,125.5808113,0.097209126,5042.8469
4/25/2016,1.6753225,17.10776179,125.2975818,0.096598291,4946.3984
4/26/2016,1.683926918,17.12974066,125.7703434,0.096972518,5091.5481
4/27/2016,1.685772084,17.11332443,126.1988894,0.097009677,5258.9187
4/28/2016,1.677008217,16.75715531,122.7445686,0.095038063,5204.6561
4/29/2016,1.668613382,16.50056102,121.8472036,0.092909172,5119.34745
5/2/2016,1.668613382,16.45657111,122.7144435,0.093576007,4877.2286
5/3/2016,1.668613382,16.35884768,122.5640397,0.092547176,4794.02685
5/4/2016,1.615247941,16.42872398,122.92563,0.091693487,4775.0093
5/5/2016,1.63132137,16.47500741,122.324159,0.091836219,4827.54755
5/6/2016,1.622191581,16.42764444,122.1747098,0.091614523,4860.26125
5/9/2016,1.622191581,16.62095903,123.3045623,0.092145092,4726.21975
5/10/2016,1.644331168,16.73108133,124.2544732,0.093313613,4973.7428
5/11/2016,1.666805567,16.71095069,123.8390093,0.093007682,5161.03
5/12/2016,1.663755095,16.70955452,124.0233164,0.093156274,5241.922
5/13/2016,1.672940192,16.72408603,122.8048631,0.092297327,5195.05545
5/16/2016,1.676305423,16.69588446,123.4110823,0.092535187,5338.95425
5/17/2016,1.684919966,16.71653767,123.4720336,0.092703751,5378.1728
5/18/2016,1.677711601,16.75884029,123.5941169,0.092636338,5391.84135
5/19/2016,1.636125654,16.78810059,123.1982259,0.092603739,5367.39165
5/20/2016,1.653849334,16.87564338,123.6246755,0.092859564,5366.508
5/23/2016,1.632519794,16.69198284,122.5490196,0.092318202,5281.51225
5/24/2016,1.649348507,16.76755143,122.5490196,0.092565166,5346.6139
5/25/2016,1.674340728,16.78781876,122.9407426,0.093260963,5481.0993
5/26/2016,1.666805567,16.77148847,122.8652169,0.093017631,5443.24635
5/27/2016,1.660440017,16.74032409,122.5189904,0.092927303,5436.7902
5/30/2016,1.686056314,16.86824216,123.8696891,0.09273642,5529.8288
5/31/2016,1.6772895,16.84550983,123.2437762,0.093053119,5501.1799
6/1/2016,1.63599182,16.6314634,122.5640397,0.091871655,5446.0802
6/2/2016,1.611603546,16.50519088,121.3886866,0.091728813,5447.6046
6/3/2016,1.624167614,16.29619973,121.0800339,0.091552036,5287.901
6/6/2016,1.641497045,16.33986928,122.1150324,0.092480845,5437.158
6/7/2016,1.649892757,16.33399758,121.9363492,0.092848355,5522.5984
6/8/2016,1.670564651,16.25329129,121.8917601,0.092687855,5617.78235
6/9/2016,1.654259719,16.23482044,121.1827436,0.092375339,5563.58525
6/10/2016,1.636125654,16.28691021,120.3659124,0.091320865,5407.0219
6/13/2016,1.636125654,16.14674159,119.9616123,0.090618699,5349.43575
6/14/2016,1.607458608,16.06451509,118.9343482,0.090207116,5287.71045
6/15/2016,1.618253904,16.07484448,119.3602292,0.09067704,5191.55455
6/16/2016,1.585665583,15.81252668,117.0275015,0.088897186,4919.32155
6/17/2016,1.608104848,15.81677844,117.4122344,0.088960848,5119.82625
6/20/2016,1.618515821,15.86596433,117.5917215,0.089606939,5264.30775
6/21/2016,1.638001638,15.87074862,117.7440245,0.090802604,5302.1919
6/22/2016,1.615508885,15.90887397,117.9384361,0.090843849,5207.7214
6/23/2016,1.666805567,16.07768739,120.8897485,0.092975687,5404.35105
6/24/2016,1.581777918,15.45380086,113.6492783,0.08723073,4948.9543
6/27/2016,1.553156791,15.28070658,112.4353497,0.086405032,4810.5558
6/28/2016,1.587679606,15.43114623,113.7138958,0.088049484,4992.0808
6/29/2016,1.604235181,15.47436671,114.3902997,0.089078527,5203.97325
6/30/2016,1.599744041,15.46718636,114.7052076,0.089634649,5131.4472
7/1/2016,1.604106513,15.40879534,114.1682841,0.089151986,5162.13375
7/4/2016,1.60307791,15.38485207,114.416476,0.089020639,5138.5065
7/5/2016,1.57480315,15.22046849,112.6760563,0.087765876,4878.731
7/6/2016,1.565312671,15.10596837,112.4606388,0.087390816,4944.66
7/7/2016,1.56924284,15.07704369,111.49515,0.087014784,4676.424
7/8/2016,1.566293367,15.03352476,111.1481605,0.087445838,4701.4842
7/11/2016,1.600256041,15.32449621,113.6751165,0.089319608,4754.73125
7/12/2016,1.635858008,15.64749327,115.7809425,0.091544912,5074.56665
7/13/2016,1.629726206,15.57486839,115.8882837,0.091193033,4833.9387
7/14/2016,1.674761347,15.78133384,117.1371676,0.093016334,4990.19265
7/15/2016,1.676445935,15.79703963,115.7005669,0.092082727,4991.67045
7/18/2016,1.68520391,15.73588884,117.5640724,0.093513003,4985.2736
7/19/2016,1.6753225,15.8644541,116.9727454,0.092986926,4951.7925
7/20/2016,1.677008217,15.97878018,117.688596,0.093457507,5039.87865
7/21/2016,1.677008217,15.90103198,116.6588894,0.092982603,4888.653
7/22/2016,1.63291966,15.88663299,116.4144354,0.093347584,4846.56675
7/25/2016,1.624167614,15.88890478,116.2925922,0.092595165,4730.7052
7/26/2016,1.58202816,15.68406029,114.9821778,0.091980243,4695.86985
7/27/2016,1.595405233,15.84334104,116.5501166,0.093140223,4581.738
7/28/2016,1.570968502,15.74480815,116.5772907,0.093601846,4494.8155
7/29/2016,1.536334306,15.42353014,114.064104,0.091773851,4333.6799
8/1/2016,1.540357363,15.39622177,114.298777,0.092377046,4314.9253
8/2/2016,1.532097441,15.23368472,113.2759402,0.090753572,4217.411
8/3/2016,1.516645181,15.26904049,112.8668172,0.090631429,4363.2285
8/4/2016,1.530807501,15.22904483,112.6379815,0.090861595,4482.81235
8/5/2016,1.557632399,15.28841597,112.8540797,0.091287519,4507.1287
8/8/2016,1.587301587,15.39527365,113.6363636,0.092497098,4649.97855
8/9/2016,1.583656663,15.3165158,113.3016089,0.092376193,4583.2371
8/10/2016,1.571709234,15.26228232,113.1990038,0.092375766,4461.60425
8/11/2016,1.569489131,15.28491074,113.5460429,0.092868188,4694.0082
8/12/2016,1.5625,15.23786304,113.058225,0.09180376,4758.29585
8/15/2016,1.578282828,15.23090045,113.237459,0.092224974,4895.67925
8/16/2016,1.570845115,15.14004542,113.13497,0.091531086,4938.01515
8/17/2016,1.559454191,15.11053355,113.1861913,0.090490367,4998.4595
8/18/2016,1.571338781,15.09821388,113.4044001,0.090138001,5083.14765
8/19/2016,1.568873549,15.0613751,113.507378,0.089837574,5099.1936
8/22/2016,1.553277415,15.07431638,113.5589371,0.089287309,4932.4686
8/23/2016,1.553760099,15.08591428,113.3144476,0.089457841,5008.2402
8/24/2016,1.545833977,15.09958174,113.13497,0.089572025,4926.82725
8/25/2016,1.554001554,15.09593466,113.4172621,0.090091308,4993.07675
8/26/2016,1.547987616,15.1183007,114.0380887,0.090724755,5083.6032
8/29/2016,1.570351759,15.28677999,114.0380887,0.090988913,5020.3329
8/30/2016,1.574183392,15.40570936,114.7315282,0.091913877,4980.41705
8/31/2016,1.58290463,15.48874742,115.406809,0.092650499,4865.112
9/1/2016,1.565435191,15.56081165,115.593573,0.092340367,4692.48525
9/2/2016,1.584660486,15.60451907,116.0092807,0.093143259,4869.8517
9/5/2016,1.586546089,15.4825125,115.2870648,0.093643919,4926.60905
9/6/2016,1.584032948,15.340482,114.8237456,0.093195342,4821.2289
9/7/2016,1.579404564,15.26391306,114.3641354,0.093274881,4881.2453
9/8/2016,1.592229918,15.29051988,115.406809,0.093284452,5123.72505
9/9/2016,1.590963328,15.36971858,115.3535587,0.092623896,4930.38695
9/12/2016,1.577162684,15.26927364,114.416476,0.0919536,4921.6336
9/13/2016,1.566538733,15.29355988,115.0615579,0.090904959,4830.3405
9/14/2016,1.571215335,15.33601202,115.2206475,0.090917356,4696.18625
9/15/2016,1.5795293,15.33601202,114.7842057,0.09075975,4756.60605
9/16/2016,1.567643831,15.33601202,114.1291942,0.090843436,4682.04215
9/19/2016,1.576416805,15.26740866,113.8952164,0.091058095,4683.91325
9/20/2016,1.571091909,15.24390244,113.4429949,0.091040272,4666.4548
9/21/2016,1.571215335,15.08136396,112.2334456,0.090878523,4697.75145
9/22/2016,1.582654111,15.12241596,112.9177958,0.091313777,4800.7375
9/23/2016,1.575423395,15.14187941,113.3658315,0.091479591,4634.66055
9/26/2016,1.570721747,15.0466446,112.9177958,0.090480133,4750.86225
9/27/2016,1.576416805,15.06704837,112.6506703,0.091568803,4617.45665
9/28/2016,1.596041816,15.06614036,112.9050469,0.092133631,4901.37885
9/29/2016,1.605007624,15.22232201,113.3786848,0.0916183,4974.471
9/30/2016,1.611733419,15.17197433,113.9211666,0.091972206,4971.9857
10/3/2016,1.630922287,15.19826132,113.9471285,0.092058568,5172.71405
10/4/2016,1.638672675,15.378464,115.2870648,0.092152734,5234.26865
10/5/2016,1.660991612,15.46144688,115.9823707,0.092828532,5367.7693
10/6/2016,1.673780233,15.58312036,115.9017153,0.093189697,5458.15195
10/7/2016,1.653849334,15.44163064,115.2737752,0.092237734,5344.37595
10/10/2016,1.671122995,15.46886118,115.3934918,0.093452704,5505.5697
10/11/2016,1.650982334,15.43638665,114.4295686,0.092014097,5425.22115
10/12/2016,1.650028876,15.53277415,114.7183664,0.092589163,5398.86105
10/13/2016,1.645819618,15.39622177,114.6526026,0.091790278,5395.25085
10/14/2016,1.655218075,15.48179341,114.3118427,0.091687602,5412.93025
10/17/2016,1.645548791,15.42876539,114.2726546,0.091411856,5352.6704
10/18/2016,1.660302175,15.4000154,114.0510949,0.092313515,5367.7432
10/19/2016,1.660577881,15.32754974,113.5202634,0.092332267,5448.44815
10/20/2016,1.664308896,15.41402059,113.6234519,0.091903318,5341.2079
10/21/2016,1.664585934,15.35320037,113.0071194,0.091386795,5376.5763
10/24/2016,1.675213045,15.38035621,113.3658315,0.091744803,5361.3601
10/25/2016,1.674237008,15.39503664,113.481616,0.092219871,5293.8417
10/26/2016,1.664724488,15.41710991,113.9731023,0.091744803,5221.6605
10/27/2016,1.672240803,15.46981838,114.7315282,0.091762903,5313.9863
10/28/2016,1.662510391,15.54943944,115.0350857,0.09126086,5204.88555
10/31/2016,1.655355074,15.50772285,115.1012891,0.09172713,5062.806
11/1/2016,1.645955065,15.45666723,115.1410478,0.090897522,5014.0217
11/2/2016,1.626412946,15.28280837,114.6394589,0.090218102,4840.8723
11/3/2016,1.620351616,15.25366851,114.3641354,0.089984298,4773.35475
11/4/2016,1.598593238,15.27767168,114.902907,0.090358316,4701.1212
11/7/2016,1.640419948,15.4301938,115.3269519,0.091501354,4821.05975
11/8/2016,1.646497077,15.43209877,115.942029,0.093149766,4841.5664
11/9/2016,1.654396559,15.36900993,115.2737752,0.09125628,4898.6294
11/10/2016,1.627736632,15.62768601,116.3602513,0.091585575,4896.858
11/11/2016,1.622323167,15.64112992,115.8077591,0.091525641,4773.93
11/14/2016,1.642440667,15.82328555,116.4144354,0.092757065,4817.32275
11/15/2016,1.69865806,15.8636991,117.0548987,0.093501636,5125.76625
11/16/2016,1.684636119,15.88259585,116.6180758,0.093171463,5086.16725
11/17/2016,1.696784593,15.91647036,117.000117,0.093316661,5119.24635
11/18/2016,1.712182176,16.03874962,117.4674028,0.093939935,5199.117
11/21/2016,1.731751667,16.06503125,117.7995052,0.093908177,5419.587
11/22/2016,1.744287459,16.14778452,118.1055864,0.094985705,5458.46
11/23/2016,1.747640685,16.25276297,118.7366421,0.095181893,5507.60925
11/24/2016,1.759014952,16.34975394,119.6172249,0.095876817,5553.66
11/25/2016,1.742160279,16.34173843,119.7174668,0.096175116,5341.8992
11/28/2016,1.727563272,16.24273138,118.807176,0.095516457,5399.7444
11/29/2016,1.726221302,16.3281301,119.6601651,0.096235739,5212.4163
11/30/2016,1.783643985,16.49375711,121.1974306,0.09718598,5777.04855
12/1/2016,1.782531194,16.6311868,121.6397032,0.097697752,6154.2843
12/2/2016,1.776672293,16.48016612,121.2121212,0.0973004,6185.5668
12/5/2016,1.784280489,16.67027856,122.5340032,0.097540516,6254.6443
12/6/2016,1.784917448,16.52564781,122.2045705,0.097321233,6148.82895
12/7/2016,1.798884691,16.53603201,122.324159,0.098219284,6029.545
12/8/2016,1.800828381,16.57302905,121.0507203,0.098070464,6145.34615
12/9/2016,1.84501845,16.67639456,121.8769043,0.098388882,6269.682
12/12/2016,1.887861053,16.69616322,122.324159,0.098756166,6405.74225
12/13/2016,1.900057002,16.70174032,122.3990208,0.098930561,6418.1082
12/14/2016,1.884126236,16.64558226,123.3197682,0.099210286,6308.7255
12/15/2016,1.913326318,17.04158146,123.061777,0.099861193,6383.8135
12/16/2016,1.899154876,16.97014951,123.3045623,0.09943768,6514.2279
12/19/2016,1.891252955,16.79007371,121.7878456,0.098544498,6430.3082
12/20/2016,1.91828122,16.97418227,122.4289912,0.09885379,6524.658
12/21/2016,1.921968095,16.91703884,122.5340032,0.098434401,6401.773
12/22/2016,1.927710843,16.88960951,122.6692836,0.097522918,6470.577
12/23/2016,1.921414161,16.87649779,122.6993865,0.097762701,6473.026
12/27/2016,1.938360147,16.90445601,122.7897839,0.097232283,6586.36825
12/28/2016,1.937796725,16.90474178,122.1001221,0.096750162,6592.0761
12/29/2016,1.93068829,16.77430177,122.2643355,0.096605757,6542.8363
12/30/2016,1.914608463,16.81067814,122.92563,0.09682698,6641.9739
1/3/2017,1.914608463,17.00535669,122.5340032,0.097574779,6531.86985
1/4/2017,1.914608463,16.90817172,123.00123,0.098034891,6620.7819
1/5/2017,1.914608463,16.772895,122.3540927,0.097577159,6562.54595
1/6/2017,1.914608463,16.82991686,123.1527094,0.097275318,6676.4175
1/9/2017,1.929756851,16.77852349,122.6843332,0.096418069,6374.4135
1/10/2017,1.924742566,16.7196121,122.1896383,0.096330761,6209.9028
1/11/2017,1.930874686,16.82935039,122.1299463,0.097156237,6359.091
1/12/2017,1.931247586,16.54478674,121.7285453,0.097545273,6425.18715
1/13/2017,1.936858416,16.67361401,121.9066195,0.097472537,6350.6885
1/16/2017,1.907486886,16.51718613,121.0800339,0.096503672,6379.212
1/17/2017,1.895734597,16.51936896,120.6709304,0.097028973,6247.86345
1/18/2017,1.925483778,16.53657891,121.8917601,0.097307501,6182.7368
1/19/2017,1.918649271,16.77880501,122.488976,0.097746933,6221.3592
1/20/2017,1.912594434,16.70732115,122.6843332,0.097520065,6360.54125
1/23/2017,1.892863903,16.53931395,121.3150552,0.096884673,6224.421
1/24/2017,1.921229587,16.51418569,122.1001221,0.097232756,6308.7948
1/25/2017,1.902768528,16.48886177,121.7581882,0.09743265,6239.7378
1/26/2017,1.896813354,16.60136795,122.3540927,0.097689163,6441.4484
1/27/2017,1.923261852,16.60136795,123.1223836,0.097622883,6389.2416
1/30/2017,1.898253607,16.60136795,121.6693028,0.097184091,6283.79325
1/31/2017,1.876348626,16.60136795,121.8026797,0.097950868,6282.6815
2/1/2017,1.883593897,16.60136795,121.9660934,0.098165291,6432.316
2/2/2017,1.898073455,16.60136795,121.3592233,0.098597451,6380.2508
2/3/2017,1.914791766,16.36902326,121.5362178,0.098992749,6402.77105
2/6/2017,1.896633476,16.38672675,120.1201201,0.098436339,6226.4314
2/7/2017,1.889466226,16.31560914,120.0624325,0.098290724,6186.79425
2/8/2017,1.889466226,16.32200042,119.7748233,0.097759356,6169.8572
2/9/2017,1.921229587,16.45548791,120.6854936,0.098395175,6300.37565
2/10/2017,1.945146859,16.49049323,120.4674136,0.098740077,6419.2905
2/13/2017,1.961745954,16.56753757,120.5400193,0.098933497,6323.08455
2/14/2017,2.002803925,16.60853679,120.860527,0.100325556,6395.1322
2/15/2017,1.996805112,16.66111296,121.0214208,0.100561131,6364.69875
2/16/2017,1.965022598,16.54944146,120.860527,0.099155198,6301.52775
2/17/2017,1.931807206,16.44872111,119.8035222,0.098085855,6299.55375
2/20/2017,1.952934284,16.44331168,120.0336094,0.098744952,6353.958
2/21/2017,1.978239367,16.49702229,119.7891711,0.09947131,6441.3921
2/22/2017,1.950078003,16.45007403,119.5886152,0.099513875,6326.3928
2/23/2017,1.950078003,16.42737458,119.1469081,0.099369501,6370.6251
2/24/2017,1.950078003,16.33986928,118.4974523,0.099239331,6281.5181
2/27/2017,1.938735944,16.32333257,119.3175039,0.0993389,6303.59065
2/28/2017,1.93162063,16.28240198,119.2890373,0.09912129,6269.4402
3/1/2017,1.951981261,16.55821039,119.9472232,0.099738187,6410.1046
3/2/2017,1.945525292,16.61460756,120.1923077,0.099420379,6301.4274
3/3/2017,1.960592099,16.59585767,121.1093618,0.098944265,6373.4385
3/6/2017,1.954461057,16.50846059,120.5109665,0.098588703,6378.69885
3/7/2017,1.95867202,16.53138483,120.4383958,0.099059431,6374.0412
3/8/2017,1.942124684,16.58732397,120.5400193,0.098992259,6073.1285
3/9/2017,1.939299913,16.62593313,121.5805471,0.099082496,5998.97955
3/10/2017,1.946661476,16.63367654,122.4589762,0.09988613,5894.7075
3/13/2017,1.952171791,16.57577616,122.3840411,0.100070049,5899.088
3/14/2017,1.937608991,16.57934876,121.6693028,0.099780981,5842.8154
3/15/2017,1.940428835,16.59585767,121.7137293,0.100459098,5874.2178
3/16/2017,1.960207782,16.40097094,121.9958521,0.100383969,5862.9181
3/17/2017,1.969473166,16.31534295,121.0214208,0.09983278,5834.1284
3/20/2017,1.963093836,16.30736114,120.875136,0.100990209,5810.0891
3/21/2017,1.935171746,16.25672622,120.7729469,0.099485659,5693.506
3/22/2017,1.924927815,16.14595947,120.0192031,0.099496052,5628.8892
3/23/2017,1.931807206,16.15534984,119.6172249,0.098812276,5609.3792
3/24/2017,1.955034213,16.12643122,120.2356619,0.09962789,5656.326
3/27/2017,1.945336057,16.08311755,120.2356619,0.099580269,5615.995
3/28/2017,1.948368242,16.04544069,120.1923077,0.09956391,5705.58615
3/29/2017,1.961361185,16.10046691,119.5600191,0.099908085,5820.9789
3/30/2017,1.995211492,16.16031028,119.474313,0.100058534,5927.0184
3/31/2017,1.979022363,16.18830233,118.666192,0.099668602,5884.99785
4/3/2017,1.977652526,16.16867158,118.3011948,0.099255091,5890.7424
4/4/2017,1.974528581,16.05806597,118.2033097,0.098431494,5999.05665
4/5/2017,1.965022598,16.12019215,118.049817,0.098119058,6017.9238
4/6/2017,1.965215682,16.09062239,117.9523473,0.097954226,6082.63535
4/7/2017,1.943256899,16.05213734,117.6193837,0.097610019,6135.5068
4/10/2017,1.937608991,16.10150388,117.5502527,0.097015794,6210.1413
4/11/2017,1.926225561,15.91596371,116.2115049,0.095680961,6163.9326
4/12/2017,1.926040062,15.89597673,116.2925922,0.096065171,6090.4158
4/13/2017,1.938360147,15.85615298,115.7943492,0.096007066,6097.31955
4/17/2017,1.947798987,15.76789656,115.9151501,0.09611965,6028.9808
4/18/2017,1.927153594,15.80228185,116.3467132,0.094889714,5951.44825
4/19/2017,1.924927815,15.83531275,116.6044776,0.095187329,5762.22445
4/20/2017,1.945525292,15.8715043,117.1646163,0.096053636,5792.8668
4/21/2017,1.931993818,15.84108226,117.0275015,0.09614645,5668.0566
4/24/2017,1.966761727,15.94769157,119.2748092,0.096762332,5663.874
4/25/2017,1.979218209,16.11291934,121.3739531,0.09846784,5788.0495
4/26/2017,1.944957697,16.201416,121.0800339,0.098016153,5754.8701
4/27/2017,1.950458358,16.11655493,120.9774982,0.098320683,5723.4716
4/28/2017,1.957138663,16.16213857,121.5509906,0.098029124,5770.22285
5/1/2017,1.957138663,16.19406973,121.8917601,0.098312467,5761.9968
5/2/2017,1.963479285,16.24932972,122.3990208,0.099171915,5650.7631
5/3/2017,1.965408805,16.28584923,122.7295042,0.099435208,5726.82645
5/4/2017,1.926411096,16.34681401,123.5330451,0.099031963,5440.8148
5/5/2017,1.945525292,16.31800529,123.9618198,0.099254598,5534.7975
5/8/2017,1.945525292,16.32972991,123.7164419,0.099899102,5588.0017
5/9/2017,1.945525292,16.51691332,123.9464551,0.100061037,5554.48905
5/10/2017,1.988862371,16.53439153,124.1927471,0.100953506,5739.3927
5/11/2017,1.995211492,16.47826517,123.6705417,0.101265823,5780.92605
5/12/2017,1.983930166,16.42117017,123.9003841,0.100893411,5762.4598
5/15/2017,2.018367141,16.4861434,124.8751249,0.101765116,5896.3387
5/16/2017,1.998600979,16.42386716,125.3604112,0.101356659,5842.648
5/17/2017,1.940617116,16.20062858,123.6552492,0.098681614,5785.9122
5/18/2017,1.936858416,16.12071189,123.7776953,0.098734227,5854.60245
5/19/2017,1.953125,16.17992072,124.7038284,0.099564901,5965.45275
5/22/2017,1.965215682,16.13579888,125.0625313,0.099724262,5995.46165
5/23/2017,1.983733386,16.14726304,125.015627,0.099323606,6053.15775
5/24/2017,1.974528581,16.260427,125.0938204,0.099621439,6016.54
5/25/2017,1.964829551,16.28134158,125.3604112,0.099820822,5755.0291
5/26/2017,1.95599022,16.2263906,124.5174947,0.099518331,5806.64175
5/29/2017,1.969667126,16.2263906,124.2081729,0.099158147,5817.7854
5/30/2017,1.958863859,16.2263906,123.9771882,0.098573154,5746.464
5/31/2017,1.956564273,16.23402977,124.5485116,0.098937412,5573.09025
6/1/2017,1.974918535,16.33559854,124.859533,0.099236376,5637.90365
6/2/2017,1.949887881,16.20561687,124.5640259,0.098726429,5515.22925
6/5/2017,1.950648591,16.23060443,124.300808,0.098769822,5464.70355
6/6/2017,1.934423058,16.0805313,123.3806292,0.097851188,5483.3786
6/7/2017,1.923816853,16.09528408,123.6093943,0.097675804,5277.7089
6/8/2017,1.932927419,16.20010368,123.3654083,0.098047386,5264.8393
6/9/2017,1.932927419,16.27233378,123.5330451,0.098058443,5313.11175
6/12/2017,1.932927419,16.15587185,123.1527094,0.097203929,5308.76115
6/13/2017,1.93068829,16.17939716,123.3806292,0.097593824,5362.6104
6/14/2017,1.91040214,16.06348288,122.9105211,0.097840657,5150.025
6/15/2017,1.91736171,16.2572548,123.6093943,0.098086336,5205.0702
6/16/2017,1.919201612,16.2601626,124.1310824,0.097844486,5251.67505
6/19/2017,1.907486886,16.31454442,124.331717,0.098106544,5231.63775
6/20/2017,1.869333583,16.34093732,124.100273,0.097601921,5128.6989
6/21/2017,1.847575058,16.32626406,124.3781095,0.097413667,4992.0516
6/22/2017,1.855976244,16.30337317,124.1464929,0.097718278,5034.3426
6/23/2017,1.871958068,16.27021574,124.5640259,0.098061808,5068.1466
6/26/2017,1.901863827,16.29513753,125.0468926,0.098670903,5125.85635
6/27/2017,1.890537858,16.47962295,127.388535,0.09850858,5241.36075
6/28/2017,1.895554924,16.49294102,127.7791975,0.09860134,5312.913
6/29/2017,1.888217523,16.55875876,128.3367556,0.097782297,5319.5756
6/30/2017,1.908214865,16.56506759,128.4026708,0.098110875,5385.2496
7/3/2017,1.908761214,16.67889786,128.8327751,0.098562952,5632.9668
7/4/2017,1.905850962,16.64281197,128.5181853,0.098441184,5619.8208
7/5/2017,1.888217523,16.64613643,128.5677552,0.098206745,5412.93435
7/6/2017,1.882352941,16.65278934,129.3326436,0.097839221,5447.0142
7/7/2017,1.886080724,16.76670802,129.8532658,0.098718145,5320.03545
7/10/2017,1.892863903,16.76249225,129.9883011,0.099205857,5346.1952
7/11/2017,1.875820672,16.7740204,130.667712,0.099149299,5414.4288
7/12/2017,1.887148519,16.68001068,129.1322314,0.099405555,5402.0197
7/13/2017,1.895016108,16.71569938,129.1155584,0.09955598,5485.0176
7/14/2017,1.898433792,16.60908849,129.0655653,0.099668602,5503.8423
7/17/2017,1.897713256,16.65556296,129.2824822,0.099818829,5453.7867
7/18/2017,1.893939394,16.59035105,129.5001295,0.099596634,5473.743
7/19/2017,1.898073455,16.57247974,128.9324394,0.099568867,5565.1575
7/20/2017,1.898974554,16.50110557,130.1405518,0.099804383,5517.163
7/21/2017,1.874062969,16.43817602,129.6008294,0.099321633,5340.6675
7/24/2017,1.851337591,16.44601595,129.3493727,0.099610027,5399.703
7/25/2017,1.868460389,16.53165813,130.3101381,0.099900599,5616.878
7/26/2017,1.877053027,16.58814943,130.4461258,0.099923558,5666.3349
7/27/2017,1.868809568,16.54889371,129.9038711,0.099588203,5728.2625
7/28/2017,1.857872736,16.43736542,130.055924,0.098395659,5812.1258
7/31/2017,1.845188671,16.42440667,130.565348,0.098494511,5804.92575
8/1/2017,1.828989483,16.4036613,130.2422506,0.098400984,5714.4408
8/2/2017,1.827986473,16.42278826,131.2852829,0.098608146,5798.0846
8/3/2017,1.823486506,16.39263643,130.6165099,0.097475387,5723.44045
8/4/2017,1.845188671,16.47283629,130.2931596,0.098057962,5802.1077
8/7/2017,1.844678104,16.48532806,130.6165099,0.098251613,5799.71565
8/8/2017,1.84280844,16.51827747,129.6512382,0.097694889,5751.8241
8/9/2017,1.830663616,16.45927974,129.4498382,0.096616491,5801.4795
8/10/2017,1.816200509,16.44250058,128.5677552,0.095453092,5668.2585
8/11/2017,1.822323462,16.36018585,129.0489095,0.095536533,5688.5385
8/14/2017,1.830328544,16.41901322,129.1489087,0.096220923,5561.78355
8/15/2017,1.853911754,16.52646714,129.8701299,0.097431226,5622.29
8/16/2017,1.855631843,16.54916758,129.6680498,0.097041213,5539.50265
8/17/2017,1.850309927,16.46361541,128.4521516,0.095903943,5591.3571
8/18/2017,1.85288123,16.36821947,128.4356537,0.095803794,5756.7604
8/21/2017,1.84280844,16.33079662,128.7498391,0.09570019,5629.9068
8/22/2017,1.854943424,16.4133539,128.882588,0.096760928,5683.3959
8/23/2017,1.846210653,16.38457883,128.7332647,0.096698706,5731.96995
8/24/2017,1.852366398,16.40500681,129.2657704,0.097103405,5701.2422
8/25/2017,1.863759202,16.42548578,130.3950971,0.097499147,5731.29555
8/28/2017,1.869158879,16.51254954,130.8729224,0.097682006,5669.24195
8/29/2017,1.865149678,16.49484536,131.4060447,0.097602397,5707.26
8/30/2017,1.88661447,16.71905303,131.0100878,0.098067098,5606.5521
8/31/2017,1.895016108,16.71765552,130.9757695,0.097768435,5760.4905
9/1/2017,1.896094046,16.79994624,130.7531381,0.098302319,5816.47875
9/4/2017,1.897173212,16.77486454,130.5483029,0.096824167,5743.7916
9/5/2017,1.891610707,16.64613643,129.6344309,0.096082246,5808.5447
9/6/2017,1.901502187,16.67000067,130.1744337,0.096425042,5920.537
9/7/2017,1.906395958,16.68223675,130.3950971,0.09615662,5909.71295
9/8/2017,1.878463417,16.59365459,129.7858533,0.095271667,5799.9041
9/11/2017,1.912045889,16.69086843,130.7702367,0.096789493,5890.3652
9/12/2017,1.910767173,16.83445002,131.8391562,0.097612877,5979.19725
9/13/2017,1.906941266,16.91446356,131.3197636,0.097595253,6094.3526
9/14/2017,1.916994153,16.87735228,131.3887794,0.09718173,6114.73545
9/15/2017,1.926596667,16.94455741,132.3801959,0.097814817,6165.1989
9/18/2017,1.920860546,16.96727014,133.3688984,0.098746902,6189.9036
9/19/2017,1.920307249,16.94599312,133.8508901,0.098653381,6153.3483
9/20/2017,1.926967916,16.96151432,133.457894,0.099156673,6317.14525
9/21/2017,1.933488012,17.04681054,134.3183345,0.099292541,6346.6821
9/22/2017,1.945903872,16.99813021,133.7971635,0.098827413,6367.4671
9/25/2017,1.948368242,16.9153219,132.3801959,0.098462508,6594.5997
9/26/2017,1.942879347,16.88647225,132.3451562,0.098658248,6559.0134
9/27/2017,1.936108422,16.96928559,132.5205407,0.098480932,6532.857
9/28/2017,1.93986421,16.90188456,132.3977228,0.09798302,6449.72645
9/29/2017,1.951219512,16.91904238,132.8903654,0.098218802,6472.6746
10/2/2017,1.94760931,16.91904238,132.310135,0.098345823,6328.3718
10/3/2017,1.948178453,16.91904238,132.5381047,0.098714734,6319.88
10/4/2017,1.955034213,16.91904238,132.6084074,0.098649002,6291.729
10/5/2017,1.95522534,16.91904238,132.1178491,0.098755678,6430.74
10/6/2017,1.936670863,16.91904238,132.1702353,0.098352594,6265.3149
10/9/2017,1.931993818,17.00102006,132.2751323,0.098503728,6285.8593
10/10/2017,1.940805434,17.06251706,132.7668614,0.099052562,6366.07755
10/11/2017,1.945903872,17.05436933,133.4044824,0.09929747,6405.4653
10/12/2017,1.944957697,17.0505891,132.837407,0.099112939,6316.03125
10/13/2017,1.956372885,17.008249,132.2401481,0.099279233,6394.75035
10/16/2017,1.957330202,16.95202577,132.3451562,0.099434219,6486.8258
10/17/2017,1.95809673,16.95691249,132.0132013,0.099190113,6494.4254
10/18/2017,1.966955153,17.05175207,133.1203408,0.09968897,6567.17025
10/19/2017,1.965022598,17.008249,133.386688,0.099684499,6440.95035
10/20/2017,1.974723539,17.14031058,133.7792642,0.100250627,6555.49125
10/23/2017,1.971608833,17.12974066,133.2622601,0.100308952,6507.76595
10/24/2017,1.976089319,17.16649786,133.9584729,0.100713556,6643.787
10/25/2017,1.969279244,17.13473039,134.354427,0.100854744,6647.2578
10/26/2017,1.970637501,17.14530647,132.7844908,0.10098358,6759.3105
10/27/2017,1.956755699,17.11391019,131.9783555,0.100965737,6871.1214
10/30/2017,1.951790768,17.04855428,131.8565401,0.100619312,6892.9665
10/31/2017,1.94760931,17.08788298,132.3276432,0.1016033,6973.77995
11/1/2017,1.959247649,17.25834009,132.6611833,0.102720026,6906.44575
11/2/2017,1.963093836,17.22326519,132.9964091,0.102562525,6916.4389
11/3/2017,1.932927419,17.22000276,132.4327904,0.102191497,7080.63525
11/6/2017,1.932927419,17.20282126,132.0132013,0.102171659,7307.499
11/7/2017,1.920491646,17.19956657,132.1003963,0.102353622,7261.61535
11/8/2017,1.921783415,17.14354288,132.0306311,0.102188364,7229.92375
11/9/2017,1.912777353,17.11127462,132.0829481,0.101456921,7254.45675
11/10/2017,1.91828122,17.05407848,132.4327904,0.101283259,7211.7432
11/13/2017,1.913875598,17.09547825,132.5556734,0.101461039,7176.555
11/14/2017,1.877053027,17.08321233,133.8508901,0.10170612,7058.03555
11/15/2017,1.874941408,17.04739175,133.1026221,0.102085088,6983.57625
11/16/2017,1.894477598,17.03258333,133.0671989,0.10305082,6937.6684
11/17/2017,1.896993266,16.9707255,132.2051824,0.102424385,7029.9712
11/20/2017,1.896094046,16.94742908,132.1353066,0.102658865,7007.5275
11/21/2017,1.899696049,16.94197374,131.9783555,0.103052943,7035.68365
11/22/2017,1.904580516,16.89103593,131.4751512,0.102402359,7042.1338
11/23/2017,1.902406544,16.90045631,131.8044023,0.102601986,7068.031
11/24/2017,1.910949742,16.88248105,133.0671989,0.102748523,7123.2637
11/27/2017,1.90023753,16.84607739,132.1702353,0.101763563,7092.3048
11/28/2017,1.908579063,16.84636119,132.0132013,0.102850502,7091.56085
11/29/2017,1.908214865,16.94570596,132.6084074,0.103438289,7063.9023
11/30/2017,1.924927815,16.93193363,133.9584729,0.103420103,7153.84995
12/1/2017,1.903492909,17.04622937,133.3155579,0.103472538,7144.7703
12/4/2017,1.912045889,17.05029838,133.386688,0.103484852,7020.31675
12/5/2017,1.917729408,17.02069717,133.1557923,0.103524491,7077.7217
12/6/2017,1.896453632,16.96669438,132.4503311,0.102646746,6874.6999
12/7/2017,1.910584639,17.01924877,133.1380642,0.1034062,7033.887
12/8/2017,1.919570016,17.13443679,133.5113485,0.103843238,7194.949
12/11/2017,1.927525058,17.12475383,133.6541032,0.104294319,7346.1964
12/12/2017,1.915708812,17.16679256,133.3155579,0.103893945,7191.9403
12/13/2017,1.92159877,17.09372489,133.1026221,0.10377104,7027.3098
12/14/2017,1.910584639,17.0604794,132.3626737,0.103178943,7115.4109
12/15/2017,1.913509376,17.03432416,132.3276432,0.103388026,7118.74955
12/18/2017,1.917177914,16.99784127,132.5908247,0.103628017,7136.7955
12/19/2017,1.922707172,17.09664735,133.6541032,0.103980909,7202.382
12/20/2017,1.93143409,17.20785366,134.6076188,0.104936749,7320.7812
12/21/2017,1.938548028,17.23009063,134.5532831,0.10488282,7355.117
12/22/2017,1.941559072,17.23127822,134.3183345,0.105099424,7390.8675
12/26/2017,1.965022598,17.30014013,134.2822613,0.105225498,7589.0097
12/27/2017,1.962515945,17.27921483,134.7527287,0.10542518,7531.3062
12/28/2017,1.960976566,17.2884755,134.8072257,0.105474662,7531.6872
12/29/2017,1.95407914,17.2947545,135.1899419,0.105572095,7535.24595
1/2/2018,1.95407914,17.28100645,135.4096141,0.105618369,7475.47815
1/3/2018,1.95407914,17.29595102,135.171668,0.105658543,7632.3392
1/4/2018,1.95407914,17.37528886,136.0544218,0.106139648,7674.8925
1/5/2018,1.95407914,17.43861607,136.0174102,0.106469627,7646.4696
1/8/2018,1.95407914,17.3882803,135.3363107,0.105808909,7665.5791
1/9/2018,1.980590216,17.24286576,134.4809037,0.10509114,7752.9171
1/10/2018,1.953315753,17.11449598,133.1203408,0.104131414,7711.302
1/11/2018,1.97044335,17.15001115,133.8508901,0.104408655,7705.5213
1/12/2018,1.960207782,17.24911167,135.3179973,0.104754821,7758.3648
1/15/2018,1.961168857,17.18656011,135.5380862,0.103946862,7766.5404
1/16/2018,1.953125,17.19335649,135.4279523,0.103747354,7637.96325
1/17/2018,1.956947162,17.20074995,135.5932203,0.104247024,7720.9533
1/18/2018,1.966761727,17.29086696,135.9804188,0.10377427,7701.0341
1/19/2018,1.950838861,17.2944554,135.3729525,0.103754351,7600.27275
1/22/2018,1.964057743,17.303433,135.998912,0.103721528,7656.8076
1/23/2018,1.956755699,17.22089239,135.6668023,0.102719499,7716.9378
1/24/2018,1.944579485,17.2013417,135.5197181,0.102560947,7703.63925
1/25/2018,1.958480219,17.25030188,135.6300014,0.102635684,7704.3001
1/26/2018,1.933674949,17.22267193,135.0256549,0.102111148,7666.5818
1/29/2018,1.934423058,17.17799842,134.9163519,0.101736645,7568.0143
1/30/2018,1.929384526,17.17917884,134.8981519,0.10135255,7507.6505
1/31/2018,1.943634597,17.32351667,135.6300014,0.102053313,7539.22425
2/1/2018,1.956372885,17.41159264,136.8550705,0.102157568,7620.05825
2/2/2018,1.946850969,17.51742984,137.2118551,0.101017754,7551.0009
2/5/2018,1.90313065,17.48251748,134.9345567,0.0996542,7377.6801
2/6/2018,1.926967916,17.41159264,135.5932203,0.101443542,7325.5159
2/7/2018,1.887504719,17.42494206,134.0842049,0.100275758,7161.88075
2/8/2018,1.861677371,17.32801941,133.1735251,0.099077097,7047.76345
2/9/2018,1.864454181,17.27414061,133.1026221,0.10020994,6831.23805
2/12/2018,1.879875928,17.15001115,133.5470085,0.100364826,6800.71645
2/13/2018,1.871782873,16.96381618,133.1735251,0.09937345,6762.784
2/14/2018,1.886080724,16.8685267,133.2267519,0.099928551,6887.4854
2/15/2018,1.881821603,16.75350567,132.7140013,0.099728241,6827.02125
2/16/2018,1.88483649,16.72520488,131.8913216,0.099620942,6893.4646
2/19/2018,1.886080724,16.72520488,132.2576379,0.099867675,7000.422
2/20/2018,1.898614012,16.72520488,132.4327904,0.099854711,7002.95625
2/21/2018,1.899335233,16.72520488,132.3801959,0.10016126,7050.6405
2/22/2018,1.891789633,16.80531048,131.6309069,0.098781042,7087.46445
2/23/2018,1.897353192,16.84210526,131.3887794,0.09924327,7194.42935
2/26/2018,1.922707172,16.91961491,131.7175975,0.099880643,7218.1125
2/27/2018,1.906577693,16.97735221,131.302521,0.09925115,7151.3979
2/28/2018,1.893222264,16.90159889,130.0728408,0.098298454,7017.0815
3/1/2018,1.869683089,16.84919966,130.3271211,0.0981128,6781.2992
3/2/2018,1.861330852,16.60522733,130.2592158,0.097944632,6807.1275
3/5/2018,1.883061859,16.6605578,131.0100878,0.098550325,6960.6757
3/6/2018,1.871432582,16.82000908,131.6309069,0.099745151,6981.96375
3/7/2018,1.866716446,16.74621117,131.6482359,0.099373944,6824.8655
3/8/2018,1.860638199,16.74088459,130.7531381,0.098877249,6755.70005
3/9/2018,1.885014138,16.89588754,131.4405889,0.100241582,6994.00455
3/12/2018,1.869333583,16.81887751,131.2508203,0.099918067,6911.65425
3/13/2018,1.867936864,16.87820686,132.0480655,0.099894611,6889.008
3/14/2018,1.859773108,16.8149182,131.4924392,0.09987765,6899.42925
3/15/2018,1.851166235,16.78556441,130.8386759,0.099409013,6925.1864
3/16/2018,1.842638659,16.75126053,130.2422506,0.098997649,7019.25315
3/19/2018,1.837559721,16.74677206,130.8557969,0.098831808,7007.57475
3/20/2018,1.850652355,16.79684219,130.4121022,0.099387771,7182.5897
3/21/2018,1.865497621,16.79909957,130.8386759,0.099605066,7367.64085
3/22/2018,1.838573267,16.64973943,129.516902,0.097372406,7254.50025
3/23/2018,1.829993595,16.61709234,129.3828438,0.096635164,7378.933
3/26/2018,1.843487879,16.72324699,131.147541,0.097992621,7391.3492
3/27/2018,1.834862385,16.82255568,130.6506402,0.09798302,7385.73795
3/28/2018,1.85013876,16.86226899,131.5097317,0.100375404,7429.62815
3/29/2018,1.858045336,16.90588494,130.9243257,0.100115132,7478.8361
4/2/2018,1.841112032,16.90531334,130.2592158,0.100169286,7162.7378
4/3/2018,1.850309927,16.91389138,130.8044474,0.101052972,7261.9326
4/4/2018,1.859081614,16.86795763,131.0959622,0.100899519,7263.1756
4/5/2018,1.861330852,16.86795763,131.4405889,0.10105144,7337.2754
4/6/2018,1.840434343,16.86795763,131.3370108,0.099864185,7176.0723
4/9/2018,1.761959299,16.97014951,131.5270288,0.099806874,7329.41725
4/10/2018,1.70039109,17.04158146,132.4503311,0.100679587,7615.8432
4/11/2018,1.710717646,17.02272534,132.0655045,0.100105611,7695.6477
4/12/2018,1.730552912,17.06484642,132.310135,0.100215965,7730.2667
4/13/2018,1.730852445,17.13443679,132.3626737,0.100165273,7791.1001
4/16/2018,1.753002016,17.08905104,132.6084074,0.100048524,7650.1533
4/17/2018,1.739130435,17.053206,132.3626737,0.100274753,7659.4179
4/18/2018,1.762114537,17.09781661,132.6787847,0.100678574,7879.6278
4/19/2018,1.762425097,17.10922529,132.5556734,0.100612225,7922.1275
4/20/2018,1.75346309,17.08613119,132.2926313,0.100518171,7973.6699
4/23/2018,1.752694768,17.18567402,132.7140013,0.100545965,8121.7241
4/24/2018,1.767252806,17.30522964,132.8197636,0.101013672,8150.0997
