date,nok,usd,eur,gbp,brent
4/25/2013,0.059165,0.010075059,0.007742,0.006528,10263.95955
4/26/2013,0.0596635,0.010198878,0.007828,0.006589,10114.838
4/29/2013,0.059459,0.010228609,0.007808,0.006599,10148.98465
4/30/2013,0.059232,0.010264306,0.007795,0.006608,9973.39725
5/1/2013,0.059231,0.010267995,0.007791,0.006601,9734.1305
5/2/2013,0.0592275,0.010207727,0.007813,0.006571,10075.70025
5/3/2013,0.0586055,0.01009744,0.007699,0.0064845,10318.45665
5/6/2013,0.05874,0.010065932,0.007698,0.0064765,10476.9237
5/7/2013,0.059026,0.01009948,0.007722,0.006522,10337.166
5/8/2013,0.05807,0.0101005,0.00768,0.006502,10330.1817
5/9/2013,0.057469,0.009939864,0.007621,0.006434,10510.20435
5/10/2013,0.057004,0.009841067,0.007574,0.006405,10558.81465
5/13/2013,0.0569805,0.009820771,0.007568,0.006419,10469.6465
5/14/2013,0.0570045,0.009768964,0.007561,0.0064225,10502.649
5/15/2013,0.0571955,0.009781386,0.00759,0.00642,10599.7248
5/16/2013,0.057061,0.009779473,0.007592,0.006404,10614.069
5/17/2013,0.0567165,0.009688984,0.007547,0.0063865,10799.8944
5/20/2013,0.057053,0.009778039,0.00759,0.00641,10717.896
5/21/2013,0.0564935,0.009756573,0.007559,0.0064375,10650.25545
5/22/2013,0.0563715,0.00969415,0.007539,0.006442,10583.703
5/23/2013,0.057138,0.009801519,0.007577,0.0064875,10451.441
5/24/2013,0.057582,0.009872643,0.007635,0.006527,10396.4056
5/27/2013,0.057911,0.009906385,0.007661,0.006559,10358.9759
5/28/2013,0.057607,0.00976801,0.007598,0.006494,10670.54625
5/29/2013,0.058315,0.009885819,0.007639,0.006532,10361.30665
5/30/2013,0.0578315,0.009927036,0.007607,0.006517,10294.10965
5/31/2013,0.0584095,0.009951734,0.007656,0.0065475,10087.68915
6/3/2013,0.058316,0.010047222,0.007684,0.006557,10158.0318
6/4/2013,0.0581005,0.009997501,0.007643,0.0065285,10326.581
6/5/2013,0.058651,0.010094382,0.007709,0.0065525,10207.6576
6/6/2013,0.0592655,0.010313531,0.007786,0.00661,10046.0256
6/7/2013,0.0591365,0.010251679,0.007753,0.006589,10199.3052
6/10/2013,0.0583275,0.010124532,0.007637,0.006502,10267.1415
6/11/2013,0.060154,0.010413955,0.007821,0.006654,9886.734
6/12/2013,0.0599535,0.010413412,0.007808,0.006642,9938.1447
6/13/2013,0.0601955,0.010484928,0.007839,0.00667,9942.84375
6/14/2013,0.060761,0.010628687,0.007963,0.006768,9966.42405
6/17/2013,0.060564,0.010580891,0.007915,0.0067305,9967.9697
6/18/2013,0.060174,0.010489877,0.007832,0.0067055,10106.8866
6/19/2013,0.0598395,0.01036538,0.007797,0.0066935,10237.927
6/20/2013,0.0616595,0.010279077,0.007775,0.0066275,9937.66275
6/21/2013,0.0618895,0.010214505,0.007784,0.006625,9879.089
6/24/2013,0.06277,0.010232273,0.0078,0.00663,9886.3668
6/25/2013,0.062272,0.010223903,0.007813,0.00663,9904.2406
6/26/2013,0.0624995,0.010230702,0.007863,0.0066805,9936.7567
6/27/2013,0.061459,0.010167251,0.007798,0.0066635,10112.8611
6/28/2013,0.0612195,0.010087255,0.007753,0.006631,10127.6316
7/1/2013,0.061128,0.010033613,0.00768,0.0065935,10265.495
7/2/2013,0.060762,0.009937394,0.007657,0.0065575,10465.52
7/3/2013,0.06117,0.010008507,0.007694,0.0065505,10567.0104
7/4/2013,0.0610615,0.009995502,0.00774,0.006632,10558.7493
7/5/2013,0.061758,0.009881423,0.007701,0.006637,10901.264
7/8/2013,0.060821,0.009904422,0.007696,0.0066245,10846.66995
7/9/2013,0.0610945,0.009885819,0.007735,0.0066495,10905.52055
7/10/2013,0.0610705,0.010033613,0.007732,0.006684,10814.64915
7/11/2013,0.061242,0.010105093,0.007716,0.006655,10660.9608
7/12/2013,0.061158,0.010078105,0.007712,0.006671,10796.67225
7/15/2013,0.060697,0.010013518,0.007666,0.0066315,10894.27285
7/16/2013,0.060439,0.010091327,0.007667,0.006656,10840.993
7/17/2013,0.060114,0.010041673,0.007651,0.0066005,10815.92685
7/18/2013,0.05959,0.009958176,0.007596,0.006539,10915.654
7/19/2013,0.0593175,0.00993542,0.00756,0.0065075,10877.2455
7/22/2013,0.0595365,0.010033613,0.00761,0.006532,10778.76975
7/23/2013,0.059086,0.010057327,0.007606,0.006544,10780.2006
7/24/2013,0.05912,0.009974565,0.007556,0.006513,10746.33345
7/25/2013,0.0594605,0.010071001,0.007585,0.0065435,10689.10675
7/26/2013,0.0601025,0.010175528,0.007663,0.0066155,10532.13175
7/29/2013,0.060622,0.010208769,0.007697,0.0066555,10525.26475
7/30/2013,0.0605605,0.010200439,0.007691,0.0066945,10480.92185
7/31/2013,0.0602,0.010217114,0.007681,0.006718,10541.1375
8/1/2013,0.059754,0.010045708,0.007606,0.006644,10904.1593
8/2/2013,0.0600215,0.010104582,0.007607,0.006609,10782.23675
8/5/2013,0.0602555,0.010171905,0.007672,0.006623,10686.297
8/6/2013,0.060555,0.010230702,0.007688,0.006666,10574.0541
8/7/2013,0.061238,0.010380443,0.007783,0.006702,10350.2324
8/8/2013,0.0611245,0.01033752,0.007725,0.0066545,10319.6898
8/9/2013,0.060817,0.01039285,0.007789,0.006705,10412.9284
8/12/2013,0.060583,0.010319385,0.007759,0.0066735,10559.73785
8/13/2013,0.059949,0.010182781,0.007678,0.006591,10784.8731
8/14/2013,0.0600475,0.010190044,0.007687,0.006574,10814.477
8/15/2013,0.060679,0.010270104,0.007694,0.006566,10818.7807
8/16/2013,0.0606675,0.010253255,0.007692,0.00656,10767.312
8/19/2013,0.0606625,0.010249577,0.007686,0.00655,10722.3935
8/20/2013,0.0612115,0.010279605,0.007662,0.0065615,10715.392
8/21/2013,0.0622625,0.010238034,0.007665,0.006537,10725.69175
8/22/2013,0.0618435,0.010128634,0.007584,0.006498,10850.427
8/23/2013,0.060956,0.010127095,0.007568,0.006505,10964.6448
8/26/2013,0.061294,0.010151254,0.007593,0.0065175,10908.0123
8/27/2013,0.0620215,0.010306091,0.007695,0.0066295,11096.3508
8/28/2013,0.06195,0.010241704,0.007677,0.006596,11385.8004
8/29/2013,0.0619535,0.010167768,0.007679,0.006558,11325.986
8/30/2013,0.062281,0.01018693,0.007704,0.0065685,11191.79165
9/2/2013,0.061232,0.010066945,0.007631,0.006476,11356.97055
9/3/2013,0.060963,0.010042177,0.007625,0.006454,11519.4144
9/4/2013,0.060741,0.010024058,0.007589,0.0064145,11463.4216
9/5/2013,0.0611635,0.009987516,0.007612,0.0064065,11540.4075
9/6/2013,0.061358,0.01008929,0.007655,0.0064545,11509.2338
9/9/2013,0.0603565,0.010041673,0.007576,0.0063995,11324.8062
9/10/2013,0.058952,0.009959167,0.007506,0.0063295,11170.6125
9/11/2013,0.059187,0.010012516,0.007522,0.00633,11136.0625
9/12/2013,0.0590995,0.010045203,0.007553,0.0063555,11212.3165
9/13/2013,0.059685,0.010063906,0.00757,0.0063395,11206.3847
9/16/2013,0.059672,0.010092854,0.007569,0.0063495,10905.7356
9/17/2013,0.0596005,0.010088781,0.007552,0.0063435,10723.7928
9/18/2013,0.0594225,0.010210333,0.007551,0.0063235,10832.164
9/19/2013,0.0586205,0.010055304,0.007432,0.0062725,10816.182
9/20/2013,0.059756,0.010068972,0.007445,0.0062905,10847.1843
9/23/2013,0.0598765,0.01011685,0.007498,0.006306,10691.0752
9/24/2013,0.0605225,0.010128121,0.007517,0.0063285,10726.5704
9/25/2013,0.0610195,0.010158472,0.00751,0.0063175,10663.0208
9/26/2013,0.060429,0.010102031,0.007489,0.0062975,10810.6979
9/27/2013,0.0609505,0.010177081,0.007526,0.006306,10673.9838
9/30/2013,0.061221,0.010180189,0.007526,0.0062895,10645.1851
10/1/2013,0.061203,0.010204602,0.007544,0.006301,10577.5803
10/2/2013,0.0617415,0.010271686,0.007565,0.0063315,10630.19245
10/3/2013,0.0612205,0.010281191,0.00755,0.006364,10601.885
10/4/2013,0.061256,0.010259041,0.007567,0.0064085,10669.6135
10/7/2013,0.061716,0.010340192,0.007613,0.006424,10607.1528
10/8/2013,0.0616495,0.010322048,0.007605,0.0064175,10672.3008
10/9/2013,0.061572,0.010272741,0.007596,0.006438,10616.4457
10/10/2013,0.0615295,0.010187968,0.007535,0.006381,10973.729
10/11/2013,0.0608675,0.01014456,0.007491,0.006358,10969.426
10/14/2013,0.0606135,0.01014456,0.00748,0.0063465,10945.768
10/15/2013,0.061343,0.01018693,0.007533,0.006368,10794.2234
10/16/2013,0.0606775,0.010125044,0.007481,0.0063475,10949.0879
10/17/2013,0.060581,0.010213461,0.007468,0.0063185,10682.9601
10/18/2013,0.060352,0.010231749,0.007477,0.0063285,10744.9859
10/21/2013,0.0603015,0.010184336,0.007443,0.006307,10765.5516
10/22/2013,0.06012,0.010189525,0.007394,0.006276,10792.4558
10/23/2013,0.0607875,0.010269049,0.007454,0.006353,10497.564
10/24/2013,0.0605775,0.010279605,0.007449,0.006345,10407.9872
10/25/2013,0.060499,0.010264833,0.007436,0.0063495,10417.1206
10/28/2013,0.0604015,0.01023751,0.007427,0.006342,10706.7048
10/29/2013,0.0600665,0.010184855,0.00741,0.006347,10703.14685
10/30/2013,0.059861,0.010151254,0.00739,0.0063295,10822.3086
10/31/2013,0.0604145,0.010167251,0.007484,0.0063375,10704.9582
11/1/2013,0.0605305,0.010132739,0.007513,0.006362,10452.2579
11/4/2013,0.0603355,0.010141474,0.007504,0.006351,10474.80915
11/5/2013,0.060808,0.010151769,0.007534,0.0063265,10375.53165
11/6/2013,0.0603535,0.01013582,0.007501,0.0063025,10382.9784
11/7/2013,0.061632,0.010194719,0.007597,0.006333,10148.3914
11/8/2013,0.0619295,0.010093364,0.007548,0.0063015,10414.764
11/11/2013,0.0619805,0.01008522,0.007523,0.006307,10550.092
11/12/2013,0.0621515,0.010036634,0.00747,0.0063105,10542.37935
11/13/2013,0.062135,0.010076074,0.007471,0.0062745,10631.1244
11/14/2013,0.061538,0.009998,0.007428,0.0062235,10856.1708
11/15/2013,0.060962,0.009981534,0.007396,0.0061915,10870.0725
11/18/2013,0.061244,0.01,0.007405,0.006207,10847
11/19/2013,0.060807,0.009985022,0.007375,0.006194,10708.038
11/20/2013,0.061148,0.009997001,0.007439,0.006207,10809.2418
11/21/2013,0.0602195,0.009885819,0.007333,0.006102,11135.1424
11/22/2013,0.0598855,0.009874105,0.007283,0.0060855,11246.58875
11/25/2013,0.0600395,0.009834776,0.007276,0.0060875,11286.48
11/26/2013,0.060159,0.009871668,0.007274,0.0060875,11232.144
11/27/2013,0.0597755,0.009788088,0.007208,0.0060095,11371.98615
11/28/2013,0.0595055,0.00977326,0.007183,0.0059805,11343.1952
11/29/2013,0.0598295,0.009761335,0.007182,0.005964,11237.19205
12/2/2013,0.059442,0.009712981,0.007173,0.0059385,11474.33475
12/3/2013,0.059482,0.00975467,0.007178,0.005951,11545.2393
12/4/2013,0.060131,0.009769918,0.007187,0.0059625,11451.4774
12/5/2013,0.0604695,0.00982463,0.007188,0.006014,11296.0993
12/6/2013,0.05977,0.009717229,0.00709,0.0059435,11485.7851
12/9/2013,0.0594475,0.009682885,0.007048,0.005893,11297.25225
12/10/2013,0.059427,0.009723843,0.007066,0.0059125,11248.6392
12/11/2013,0.05988,0.009761812,0.007081,0.0059615,11237.668
12/12/2013,0.059929,0.009673051,0.007032,0.005916,11234.3046
12/13/2013,0.059871,0.009688045,0.007049,0.005944,11233.4326
12/16/2013,0.0596845,0.009706382,0.007054,0.0059565,11381.17175
12/17/2013,0.0595305,0.009739944,0.007074,0.0059885,11133.5348
12/18/2013,0.0588865,0.009589567,0.007007,0.0058505,11432.2164
12/19/2013,0.059008,0.009592786,0.007021,0.0058585,11497.18105
12/20/2013,0.0592145,0.009608455,0.007028,0.005882,11632.46275
12/23/2013,0.05912,0.009605225,0.007013,0.0058725,11614.5116
12/24/2013,0.059019,0.009581756,0.007002,0.0058515,11678.4435
12/26/2013,0.0585995,0.00954153,0.006969,0.005814,11736.0639
12/27/2013,0.0584445,0.009508415,0.006919,0.0057695,11797.9706
12/30/2013,0.05771,0.009509771,0.006889,0.005763,11694.28755
12/31/2013,0.0576205,0.009495324,0.006908,0.0057345,11668.902
1/2/2014,0.058863,0.009545173,0.006982,0.005801,11291.5717
1/3/2014,0.058642,0.00953698,0.007018,0.0058095,11207.95095
1/6/2014,0.059202,0.009595087,0.007041,0.005849,11123.4006
1/7/2014,0.058982,0.009558402,0.00702,0.005827,11230.957
1/8/2014,0.059153,0.00953698,0.007025,0.0057985,11235.21325
1/9/2014,0.0589205,0.009539254,0.00701,0.005788,11152.8637
1/10/2014,0.0589925,0.009601536,0.007024,0.005825,11170.0875
1/13/2014,0.059388,0.009708738,0.007101,0.0059265,10995.25
1/14/2014,0.0583765,0.009595548,0.007015,0.0058365,11087.43385
1/15/2014,0.058696,0.009564344,0.00703,0.005842,11200.97715
1/16/2014,0.059217,0.009582215,0.007035,0.0058595,11175.9124
1/17/2014,0.059004,0.009586349,0.007079,0.0058365,11107.4612
1/20/2014,0.059282,0.009598771,0.007083,0.005842,11079.543
1/21/2014,0.05914,0.00958589,0.007068,0.0058185,11134.0736
1/22/2014,0.058985,0.009568005,0.007063,0.0057725,11315.83905
1/23/2014,0.0589695,0.009683823,0.007071,0.0058205,11109.2487
1/24/2014,0.0600555,0.009775649,0.007147,0.0059305,11035.5846
1/27/2014,0.059954,0.009751341,0.007132,0.00588,10941.0595
1/28/2014,0.059494,0.009712038,0.007105,0.005858,11059.47065
1/29/2014,0.0602725,0.009775171,0.007154,0.005902,11033.055
1/30/2014,0.0608555,0.009734729,0.007181,0.005905,11089.16375
1/31/2014,0.0615495,0.009800559,0.007267,0.005963,10856.524
2/3/2014,0.0622465,0.00990197,0.007321,0.006073,10708.9796
2/4/2014,0.061813,0.009837678,0.007277,0.006026,10752.537
2/5/2014,0.061429,0.009858044,0.007284,0.006044,10778
2/6/2014,0.060876,0.00979384,0.007207,0.006001,10944.63495
2/7/2014,0.060348,0.00977135,0.007166,0.0059535,11213.3938
2/10/2014,0.0599365,0.009779473,0.007166,0.0059625,11107.96065
2/11/2014,0.059693,0.009743265,0.007144,0.005923,11154.3718
2/12/2014,0.059644,0.009752767,0.007174,0.0058765,11154.78265
2/13/2014,0.059755,0.009787609,0.007154,0.005875,11108.9441
2/14/2014,0.059705,0.009823183,0.007174,0.0058655,11104.344
2/17/2014,0.0596555,0.009810173,0.007157,0.0058705,11129.2633
2/18/2014,0.058996,0.009768487,0.0071,0.0058545,11307.7902
2/19/2014,0.059392,0.009772783,0.007116,0.0058585,11303.84275
2/20/2014,0.059608,0.009778517,0.007128,0.0058725,11279.8295
2/21/2014,0.059281,0.009753719,0.007099,0.00587,11262.37125
2/24/2014,0.058858,0.009756573,0.007103,0.005856,11340.0468
2/25/2014,0.05906,0.009781386,0.007116,0.005864,11195.75485
2/26/2014,0.059145,0.00976801,0.007136,0.0058585,11212.11
2/27/2014,0.059119,0.009791442,0.007142,0.005867,11128.0848
2/28/2014,0.0589715,0.0098227,0.007117,0.005866,11103.87135
3/3/2014,0.0596065,0.009857072,0.007177,0.005914,11281.24
3/4/2014,0.0588065,0.009783778,0.007119,0.005871,11171.553
3/5/2014,0.0585915,0.009773738,0.007117,0.0058445,11025.4644
3/6/2014,0.0580185,0.009702144,0.007,0.005796,11141.867
3/7/2014,0.0579765,0.009682417,0.006977,0.0057925,11257.52
3/10/2014,0.0576665,0.009683823,0.006978,0.0058175,11160.8812
3/11/2014,0.057849,0.009706853,0.007004,0.0058415,11182.821
3/12/2014,0.057912,0.00973094,0.006999,0.0058555,11100.6753
3/13/2014,0.058636,0.009819324,0.00708,0.005906,10936.5976
3/14/2014,0.0589315,0.009866311,0.007091,0.005927,11004.11235
3/17/2014,0.058481,0.009826078,0.007058,0.0059065,10812.0448
3/18/2014,0.0587015,0.009857558,0.007074,0.0059415,10833.31155
3/19/2014,0.058973,0.009770873,0.007063,0.0059065,10833.21825
3/20/2014,0.059238,0.009765625,0.007087,0.005917,10900.48
3/21/2014,0.059167,0.009778517,0.007089,0.005931,10934.1738
3/24/2014,0.0588435,0.009780429,0.007067,0.0059285,10920.78845
3/25/2014,0.058944,0.009778517,0.007072,0.005917,10941.33235
3/26/2014,0.059309,0.009799598,0.00711,0.0059085,10921.87635
3/27/2014,0.0587265,0.00978713,0.007123,0.0058915,11017.53025
3/28/2014,0.0584175,0.009726207,0.007072,0.005845,11111.21705
3/31/2014,0.0580215,0.009688514,0.007035,0.005814,11122.4484
4/1/2014,0.057729,0.009648319,0.006995,0.0058015,10946.9849
4/2/2014,0.0574825,0.009626955,0.006993,0.00579,10885.06125
4/3/2014,0.057752,0.009622324,0.007013,0.005797,11031.63875
4/4/2014,0.058097,0.009681948,0.007066,0.00584,11022.5752
4/7/2014,0.0581135,0.009698851,0.007058,0.0058395,10910.5711
4/8/2014,0.058691,0.009821736,0.007119,0.0058645,10962.42105
4/9/2014,0.0582085,0.009805364,0.007077,0.0058385,11012.3403
4/10/2014,0.0583925,0.009849791,0.007092,0.0058675,10909.8765
4/11/2014,0.058392,0.009841067,0.007088,0.005881,10906.33795
4/14/2014,0.0585665,0.009818842,0.007105,0.005869,11108.23415
4/15/2014,0.0584145,0.009810654,0.007102,0.005864,11083.8682
4/16/2014,0.0584125,0.009781386,0.00708,0.0058225,11204.956
4/17/2014,0.058457,0.009766579,0.00707,0.005816,11214.7767
4/21/2014,0.0584535,0.009744689,0.007065,0.005803,11283.069
4/22/2014,0.0583755,0.009744689,0.007059,0.0057925,11213.2874
4/23/2014,0.058468,0.009752292,0.007058,0.005811,11188.1394
4/24/2014,0.0586425,0.00977326,0.007065,0.005816,11288.9656
4/25/2014,0.0589205,0.009787609,0.007076,0.005824,11195.7886
4/28/2014,0.058576,0.009756098,0.007044,0.0058045,11082.3
4/29/2014,0.058557,0.009743265,0.007054,0.00579,11185.1623
4/30/2014,0.058178,0.009778995,0.007052,0.0057955,11051.2382
5/1/2014,0.058064,0.00977135,0.007045,0.005784,11028.1584
5/2/2014,0.058101,0.009786172,0.007055,0.005802,11096.26915
5/5/2014,0.0583365,0.009790484,0.007056,0.0058045,11002.5208
5/6/2014,0.0582405,0.009834292,0.007061,0.0057935,10886.3961
5/7/2014,0.057975,0.009812098,0.007053,0.0057875,11020.06895
5/8/2014,0.0580315,0.009836711,0.007107,0.005809,10983.3464
5/9/2014,0.058057,0.009816915,0.007135,0.0058255,10990.21485
5/12/2014,0.0579655,0.009791922,0.007118,0.0058045,11071.37125
5/13/2014,0.05792,0.009778995,0.007136,0.005812,11170.8824
5/14/2014,0.058149,0.009814506,0.007156,0.0058535,11227.2591
5/15/2014,0.0585855,0.009844942,0.00718,0.0058635,11217.943
5/16/2014,0.0584585,0.009850276,0.007193,0.0058575,11141.82
5/19/2014,0.058434,0.009851246,0.007186,0.0058595,11102.1487
5/20/2014,0.0587505,0.009869233,0.007202,0.0058615,11114.33925
5/21/2014,0.0586445,0.009864365,0.007207,0.0058365,11207.00625
5/22/2014,0.0584805,0.009829459,0.007198,0.0058265,11227.4746
5/23/2014,0.0584545,0.009806806,0.007193,0.005825,11271.7638
5/26/2014,0.058431,0.009808249,0.007188,0.0058235,11247.6756
5/27/2014,0.058375,0.009804883,0.007191,0.0058325,11220.9398
5/28/2014,0.0586725,0.009818842,0.007225,0.0058755,11183.59945
5/29/2014,0.058601,0.009823665,0.007222,0.0058765,11194.39615
5/30/2014,0.0586765,0.00982463,0.007208,0.005865,11136.29685
6/2/2014,0.0585585,0.009767056,0.007184,0.0058325,11142.55955
6/3/2014,0.0585635,0.009755622,0.007159,0.0058245,11154.5941
6/4/2014,0.058452,0.009732834,0.007157,0.0058155,11137.558
6/5/2014,0.0584335,0.009766102,0.007149,0.005806,11139.55205
6/6/2014,0.0580135,0.009757525,0.007152,0.005807,11130.89585
6/9/2014,0.058245,0.009753243,0.007175,0.0058045,11277.2747
6/10/2014,0.0583915,0.009769918,0.007211,0.0058305,11209.9196
6/11/2014,0.058793,0.009796238,0.007239,0.0058355,11223.696
6/12/2014,0.058901,0.009830425,0.007253,0.005807,11496.9595
6/13/2014,0.058736,0.009797198,0.007234,0.005775,11575.7587
6/16/2014,0.0588185,0.009818842,0.007233,0.0057815,11502.3743
6/17/2014,0.0587765,0.009790004,0.007227,0.0057705,11588.35025
6/18/2014,0.0589555,0.009811136,0.007216,0.0057735,11645.9505
6/19/2014,0.0600335,0.009810173,0.007209,0.005757,11728.6411
6/20/2014,0.059936,0.009796718,0.007204,0.0057585,11719.23075
6/23/2014,0.0599175,0.00980873,0.007209,0.0057605,11634.534
6/24/2014,0.0599465,0.009806325,0.007208,0.0057735,11672.0585
6/25/2014,0.0601845,0.009815951,0.007202,0.00578,11613.75
6/26/2014,0.06029,0.009829459,0.007221,0.005773,11517.41935
6/27/2014,0.0604655,0.009864365,0.007227,0.0057905,11485.7875
6/30/2014,0.060542,0.009869233,0.007208,0.0057695,11384.877
7/1/2014,0.060721,0.009849791,0.0072,0.005743,11400.24225
7/2/2014,0.060663,0.009824148,0.007192,0.005723,11323.1196
7/3/2014,0.0605565,0.009785693,0.00719,0.0057045,11343.09
7/4/2014,0.060619,0.009792401,0.007203,0.0057065,11298.5568
7/7/2014,0.0604485,0.009818842,0.007217,0.005733,11227.3928
7/8/2014,0.060934,0.009844458,0.007232,0.005746,11066.1252
7/9/2014,0.0605455,0.00983913,0.007211,0.0057345,11005.0378
7/10/2014,0.0608635,0.009868259,0.007251,0.00576,11012.07445
7/11/2014,0.060937,0.009863878,0.007248,0.00576,10813.1908
7/14/2014,0.060912,0.009847851,0.00723,0.0057645,10863.2841
7/15/2014,0.0610585,0.009834292,0.007246,0.005737,10780.6437
7/16/2014,0.060948,0.009834776,0.007271,0.005739,10762.828
7/17/2014,0.061357,0.009883865,0.007307,0.00578,10915.77075
7/18/2014,0.0610835,0.009868259,0.007297,0.0057745,10867.1654
7/21/2014,0.061133,0.009861933,0.007292,0.0057755,10918.752
7/22/2014,0.0610115,0.009855615,0.007319,0.0057755,10890.23845
7/23/2014,0.0610615,0.009853673,0.007318,0.0057815,10963.42455
7/24/2014,0.0608935,0.009821736,0.007295,0.005782,10901.33205
7/25/2014,0.0611155,0.009819324,0.007311,0.005785,11038.4376
7/28/2014,0.061131,0.009817396,0.007304,0.0057805,10957.0802
7/29/2014,0.0612035,0.009791442,0.007302,0.0057785,11001.4436
7/30/2014,0.0608685,0.0097281,0.007261,0.0057515,10948.69545
7/31/2014,0.0611425,0.0097281,0.007266,0.005761,10898.3259
8/1/2014,0.0610495,0.00974374,0.007255,0.0057925,10759.7292
8/4/2014,0.0610435,0.009747064,0.007262,0.00578,10814.53895
8/5/2014,0.0612215,0.009747064,0.007287,0.005772,10732.46295
8/6/2014,0.0613605,0.00979336,0.007318,0.0058105,10679.6849
8/7/2014,0.0611865,0.00979384,0.007329,0.005819,10765.9512
8/8/2014,0.0611035,0.009798158,0.007306,0.0058415,10718.3412
8/11/2014,0.0605075,0.009785215,0.00731,0.005829,10697.7726
8/12/2014,0.0604325,0.009778995,0.007314,0.005816,10534.8252
8/13/2014,0.0601435,0.009762765,0.007305,0.00585,10681.4004
8/14/2014,0.060131,0.009761335,0.007304,0.0058495,10450.41445
8/15/2014,0.059925,0.009769441,0.007291,0.005851,10597.3308
8/18/2014,0.060021,0.009749439,0.007296,0.005828,10421.112
8/19/2014,0.0599035,0.009717701,0.007296,0.005848,10451.0318
8/20/2014,0.059704,0.00963809,0.007268,0.005808,10612.0614
8/21/2014,0.0592035,0.009630664,0.007251,0.0058085,10656.58605
8/22/2014,0.05935,0.009620472,0.007264,0.005806,10632.53405
8/25/2014,0.0593465,0.009610302,0.007285,0.005797,10681.24575
8/26/2014,0.0593785,0.009608917,0.007297,0.0058095,10667.175
8/27/2014,0.0595235,0.009627882,0.007298,0.0058085,10669.0128
8/28/2014,0.0595785,0.009641807,0.007314,0.005813,10626.6389
8/29/2014,0.059529,0.009608455,0.007317,0.005789,10739.49925
9/1/2014,0.059327,0.009581756,0.007299,0.00577,10727.67835
9/2/2014,0.0588865,0.009517012,0.007247,0.005778,10543.2255
9/3/2014,0.0593305,0.00954153,0.007255,0.005796,10770.80985
9/4/2014,0.059471,0.009499383,0.007338,0.0058165,10719.6441
9/5/2014,0.059763,0.009514748,0.007347,0.0058275,10596.182
9/8/2014,0.059733,0.009431293,0.007313,0.005856,10624.206
9/9/2014,0.0597535,0.009416639,0.007279,0.0058465,10530.2962
9/10/2014,0.059371,0.009359352,0.007246,0.005773,10475.0838
9/11/2014,0.0595595,0.009336196,0.007223,0.0057435,10505.3488
9/12/2014,0.0592685,0.009316626,0.007186,0.0057265,10423.30185
9/15/2014,0.0596475,0.009330534,0.00721,0.005748,10358.46375
9/16/2014,0.059767,0.009334889,0.007203,0.005735,10610.73125
9/17/2014,0.059457,0.009225943,0.007171,0.005669,10727.3583
9/18/2014,0.058171,0.009198786,0.007118,0.0056085,10620.967
9/19/2014,0.058266,0.009170526,0.007148,0.0056305,10728.93755
9/22/2014,0.0582805,0.009187377,0.00715,0.0056155,10554.69965
9/23/2014,0.0583655,0.009183158,0.007148,0.0056035,10546.48075
9/24/2014,0.0586245,0.009172208,0.007177,0.0056135,10569.97375
9/25/2014,0.058842,0.00919498,0.007211,0.005635,10549.235
9/26/2014,0.059098,0.009150387,0.007214,0.0056325,10600.645
9/29/2014,0.0588445,0.009133671,0.0072,0.0056235,10641.942
9/30/2014,0.058604,0.009119511,0.007219,0.0056245,10381.03885
10/1/2014,0.0592165,0.009183158,0.007274,0.005674,10253.5532
10/2/2014,0.0594365,0.009222965,0.00728,0.005713,10129.0635
10/3/2014,0.0594375,0.009109957,0.007278,0.005706,10132.8687
10/6/2014,0.0595145,0.009191176,0.007263,0.0057145,10095.552
10/7/2014,0.0598095,0.00925626,0.007306,0.005751,9951.10385
10/8/2014,0.0595975,0.009251978,0.007266,0.0057225,9876.8073
10/9/2014,0.06003,0.009272997,0.007307,0.005753,9710.992
10/10/2014,0.060461,0.009287638,0.007355,0.005777,9712.9107
10/13/2014,0.0605705,0.009357601,0.007338,0.0058175,9499.22985
10/14/2014,0.061459,0.009340993,0.007379,0.0058735,9103.9572
10/15/2014,0.061732,0.009440642,0.007354,0.0058925,8874.3965
10/16/2014,0.0615445,0.009404241,0.007342,0.0058455,8982.11745
10/17/2014,0.0612425,0.009356725,0.007331,0.0058135,9208.35
10/20/2014,0.0612835,0.009349727,0.007305,0.005784,9133.957
10/21/2014,0.0613815,0.009346231,0.00735,0.005801,9225.1089
10/22/2014,0.061703,0.009333147,0.007379,0.0058145,9076.25295
10/23/2014,0.0607555,0.009236595,0.007304,0.005762,9400.64995
10/24/2014,0.0610025,0.009245562,0.007297,0.005746,9315.8208
10/27/2014,0.061195,0.009275147,0.007304,0.0057535,9253.76145
10/28/2014,0.061137,0.00924599,0.007261,0.005732,9304.57465
10/29/2014,0.0616155,0.00918358,0.00727,0.005736,9486.4968
10/30/2014,0.0613715,0.009156671,0.00726,0.0057225,9418.2704
10/31/2014,0.0601275,0.008902738,0.007108,0.005565,9644.2245
11/3/2014,0.059693,0.008768084,0.007024,0.0054895,9669.159
11/4/2014,0.0603815,0.008802817,0.007017,0.0055005,9408.352
11/5/2014,0.059549,0.008722578,0.006986,0.0054595,9509.80275
11/6/2014,0.0596275,0.008679802,0.007014,0.0054825,9546.3006
11/7/2014,0.059437,0.008730574,0.00701,0.0055,9551.4906
11/10/2014,0.0593195,0.008706251,0.007009,0.005496,9457.5724
11/11/2014,0.0586905,0.00863707,0.006924,0.0054255,9455.7526
11/12/2014,0.0589105,0.008659133,0.006961,0.0054865,9282.6843
11/13/2014,0.0586955,0.008638936,0.006924,0.005499,9019.6296
11/14/2014,0.058088,0.008599931,0.006867,0.0054885,9233.7948
11/17/2014,0.0582,0.008572653,0.006886,0.005481,9251.5115
11/18/2014,0.0576,0.008556516,0.006825,0.0054735,9170.7889
11/19/2014,0.0575295,0.008476013,0.006752,0.005405,9214.238
11/20/2014,0.0572355,0.008459163,0.006746,0.00539,9377.99595
11/21/2014,0.0577795,0.008488244,0.006851,0.005422,9467.2116
11/24/2014,0.057328,0.008454872,0.006795,0.0053835,9424.152
11/25/2014,0.0576775,0.008476372,0.006795,0.0053965,9240.98175
11/26/2014,0.0580155,0.008494012,0.006792,0.005379,9153.5075
11/27/2014,0.058853,0.008495816,0.006815,0.005399,8543.0289
11/28/2014,0.0592655,0.00842886,0.006769,0.0053865,8322.596
12/1/2014,0.0586055,0.008446303,0.006773,0.0053695,8588.3733
12/2/2014,0.05897,0.008388206,0.006774,0.0053645,8409.4261
12/3/2014,0.0587155,0.008347594,0.006781,0.0053215,8376.0664
12/4/2014,0.0589265,0.008348291,0.006744,0.0053265,8341.8274
12/5/2014,0.058738,0.008235536,0.006703,0.0052845,8386.82475
12/8/2014,0.059343,0.008285347,0.006727,0.005293,7988.80205
12/9/2014,0.059524,0.008354568,0.006751,0.005331,8000.4138
12/10/2014,0.0608135,0.008487884,0.006819,0.005402,7568.4356
12/11/2014,0.061426,0.00842673,0.00679,0.005357,7556.9056
12/12/2014,0.06202,0.008417508,0.006755,0.0053545,7347.78
12/15/2014,0.063518,0.008487163,0.006824,0.0054275,7194.3945
12/16/2014,0.06379,0.008590327,0.006866,0.005455,6968.3026
12/17/2014,0.0624455,0.008427795,0.006828,0.005411,7259.3129
12/18/2014,0.0622585,0.008415029,0.006849,0.0053705,7043.35045
12/19/2014,0.0616235,0.008367851,0.006843,0.0053535,7335.2169
12/22/2014,0.0618575,0.008329169,0.00681,0.005343,7216.8066
12/23/2014,0.0616895,0.008286034,0.006807,0.005338,7445.05765
12/24/2014,0.061824,0.008298411,0.006805,0.0053335,7259.2212
12/26/2014,0.062019,0.008305303,0.006821,0.0053385,7158.07725
12/29/2014,0.0618235,0.008286721,0.006819,0.005341,6984.669
12/30/2014,0.062203,0.008369602,0.006884,0.0053795,6917.892
12/31/2014,0.0624425,0.008354568,0.006905,0.005364,6862.11435
1/2/2015,0.063012,0.008298411,0.006914,0.0054145,6798.8921
1/5/2015,0.0638475,0.008358758,0.007004,0.0054815,6353.81485
1/6/2015,0.065426,0.008445589,0.007104,0.005574,6050.4955
1/7/2015,0.0646085,0.008385393,0.007083,0.0055495,6099.89325
1/8/2015,0.063701,0.008357012,0.007087,0.0055385,6097.8736
1/9/2015,0.0646355,0.008436683,0.007125,0.005565,5939.5383
1/12/2015,0.0654455,0.008449514,0.00714,0.005569,5613.3405
1/13/2015,0.06579,0.008479607,0.007203,0.005594,5494.3587
1/14/2015,0.064954,0.008522606,0.007229,0.005595,5713.04115
1/15/2015,0.06524,0.008608445,0.007402,0.005667,5537.58555
1/16/2015,0.0642,0.00850051,0.007347,0.0056105,5901.9988
1/19/2015,0.064841,0.008505571,0.007329,0.005628,5742.1188
1/20/2015,0.0645755,0.0084168,0.007287,0.0055575,5701.6919
1/21/2015,0.064334,0.008477809,0.007302,0.0055985,5783.33365
1/22/2015,0.0645835,0.008439531,0.007425,0.0056225,5749.1348
1/23/2015,0.0659825,0.008490766,0.007576,0.0056645,5746.24225
1/26/2015,0.0659,0.008441668,0.007511,0.005598,5705.0336
1/27/2015,0.0655585,0.008483923,0.007454,0.005582,5846.352
1/28/2015,0.0666335,0.008507018,0.007536,0.0056205,5697.6485
1/29/2015,0.0661845,0.0084538,0.007468,0.005611,5811.5877
1/30/2015,0.0657905,0.008513899,0.007542,0.00565,6223.94045
2/2/2015,0.065047,0.008503763,0.007498,0.0056545,6438.32625
2/3/2015,0.0639185,0.008505571,0.007408,0.005608,6808.4787
2/4/2015,0.064824,0.008526967,0.007515,0.0056165,6351.614
2/5/2015,0.0639485,0.008508104,0.007413,0.0055505,6648.95495
2/6/2015,0.0641165,0.008404774,0.007428,0.005513,6877.044
2/9/2015,0.0641945,0.00842886,0.007443,0.00554,6921.4576
2/10/2015,0.063479,0.008373106,0.007396,0.005489,6739.4349
2/11/2015,0.0634755,0.008301166,0.007324,0.0054475,6584.6169
2/12/2015,0.06413,0.008395953,0.007363,0.0054575,6794.94025
2/13/2015,0.063907,0.008420698,0.007396,0.0054685,7305.8076
2/16/2015,0.063886,0.008440243,0.007435,0.0054935,7274.672
2/17/2015,0.0630135,0.008385393,0.007348,0.0054605,7457.01515
2/18/2015,0.0633665,0.008418217,0.007386,0.005454,7190.3587
2/19/2015,0.0637985,0.008407247,0.007397,0.0054545,7161.67845
2/20/2015,0.0632505,0.008401243,0.007382,0.005455,7167.9866
2/23/2015,0.0641125,0.008416446,0.007427,0.005445,6998.2035
2/24/2015,0.063773,0.008404774,0.007411,0.0054385,6979.3668
2/25/2015,0.0634725,0.008413259,0.007405,0.005418,7325.3418
2/26/2015,0.0641325,0.008373807,0.007478,0.0054355,7171.171
2/27/2015,0.0641235,0.008365401,0.007472,0.00542,7480.8132
3/2/2015,0.064082,0.008324315,0.007443,0.005418,7152.5402
3/3/2015,0.064424,0.008352126,0.007473,0.005437,7305.9246
3/4/2015,0.0649815,0.008355615,0.007542,0.005474,7246.624
3/5/2015,0.0642855,0.00832293,0.007545,0.005461,7266.672
3/6/2015,0.0654375,0.008275405,0.007631,0.0055035,7217.7732
3/9/2015,0.0654535,0.00825389,0.007606,0.0054555,7091.20215
3/10/2015,0.066756,0.008255252,0.007717,0.005478,6830.80265
3/11/2015,0.067579,0.008233841,0.007807,0.005515,6988.233
3/12/2015,0.066797,0.008244023,0.007751,0.0055395,6923.804
3/13/2015,0.067647,0.008237572,0.007849,0.0055865,6636.66465
3/16/2015,0.0681475,0.008241645,0.007798,0.005558,6484.1424
3/17/2015,0.068492,0.008239608,0.007775,0.005588,6494.24115
3/18/2015,0.0679915,0.008326048,0.007662,0.0055585,6715.07055
3/19/2015,0.0669565,0.008278146,0.007766,0.005611,6575.144
3/20/2015,0.0669125,0.008330903,0.007698,0.005572,6640.3362
3/23/2015,0.0658875,0.008351777,0.00763,0.0055855,6695.5812
3/24/2015,0.0656175,0.008351079,0.007643,0.0056225,6599.14695
3/25/2015,0.0656065,0.008368201,0.007627,0.0056235,6749.36
3/26/2015,0.0663855,0.008389262,0.007708,0.0056495,7055.448
3/27/2015,0.066944,0.008393839,0.007709,0.005642,6720.40535
3/30/2015,0.0667475,0.008328128,0.007687,0.0056225,6759.02175
3/31/2015,0.067093,0.008323969,0.007757,0.0056175,6620.63985
4/1/2015,0.067076,0.008349685,0.007757,0.0056325,6838.5815
4/2/2015,0.0667455,0.008353172,0.007675,0.0056335,6578.33925
4/6/2015,0.0665905,0.008365751,0.007658,0.005622,6947.3742
4/7/2015,0.067221,0.00831428,0.007687,0.005615,7108.2525
4/8/2015,0.067082,0.008323622,0.007721,0.005599,6673.777
4/9/2015,0.0672485,0.008292562,0.00778,0.005636,6821.7763
4/10/2015,0.0673745,0.008317738,0.007844,0.0056845,6957.42075
4/13/2015,0.067442,0.008323969,0.007877,0.005672,6959.42055
4/14/2015,0.0665655,0.008376262,0.007862,0.0056675,6975.66555
4/15/2015,0.0656165,0.008392782,0.007854,0.005655,7187.128
4/16/2015,0.065061,0.008402655,0.007808,0.005626,7614.2598
4/17/2015,0.065836,0.008409368,0.007781,0.0056205,7545.15675
4/20/2015,0.066112,0.008389262,0.007813,0.005628,7563.24
4/21/2015,0.0658175,0.008356662,0.007784,0.005599,7428.8032
4/22/2015,0.0659505,0.00833924,0.007774,0.005546,7522.26795
4/23/2015,0.0655395,0.008362253,0.007724,0.005553,7755.08725
4/24/2015,0.0652475,0.008404421,0.007729,0.0055335,7767.3408
4/27/2015,0.064907,0.008400538,0.007715,0.005513,7717.3632
4/28/2015,0.0642745,0.008413613,0.007662,0.005485,7682.7872
4/29/2015,0.063193,0.008400538,0.007547,0.0054415,7837.5936
4/30/2015,0.0631065,0.008377665,0.007464,0.0054575,7971.1947
5/1/2015,0.063272,0.008321198,0.007429,0.0054955,7986.8305
5/4/2015,0.0632205,0.008323969,0.007468,0.005505,7982.97075
5/5/2015,0.063169,0.008343763,0.007459,0.005494,8092.272
5/6/2015,0.062236,0.008370652,0.007373,0.0054905,8096.14305
5/7/2015,0.0622135,0.008351777,0.007413,0.0054785,7847.4319
5/8/2015,0.062403,0.008346897,0.00745,0.0054005,7834.04895
5/11/2015,0.063025,0.008327435,0.007465,0.005343,7794.71735
5/12/2015,0.062437,0.008342719,0.00744,0.005324,8014.1739
5/13/2015,0.061999,0.008392078,0.007389,0.00533,7961.0796
5/14/2015,0.061851,0.008391726,0.007355,0.0053195,7935.19735
5/15/2015,0.061276,0.008382932,0.00732,0.0053315,7969.7649
5/18/2015,0.0617225,0.008334028,0.007365,0.0053245,7951.7373
5/19/2015,0.062436,0.008285347,0.007431,0.005342,7726.8939
5/20/2015,0.062405,0.008240287,0.007428,0.0053035,7891.71565
5/21/2015,0.062438,0.008261732,0.007435,0.005275,8054.0016
5/22/2015,0.0628985,0.008227405,0.007468,0.0053115,7945.39665
5/25/2015,0.0628795,0.00822639,0.007494,0.0053175,7964.6112
5/26/2015,0.0629955,0.008123147,0.007471,0.00528,7844.2506
5/27/2015,0.0628295,0.008086362,0.007415,0.0052665,7674.6499
5/28/2015,0.062972,0.008067444,0.007369,0.0052675,7757.1039
5/29/2015,0.0625915,0.008055097,0.007331,0.005268,8138.9462
6/1/2015,0.063769,0.008014105,0.007334,0.005272,8095.7264
6/2/2015,0.0630705,0.008057044,0.007223,0.005251,8128.29135
6/3/2015,0.062441,0.00804829,0.007138,0.0052455,7927.15
6/4/2015,0.062391,0.008040201,0.007154,0.0052325,7714.98125
6/5/2015,0.0632785,0.007960199,0.007163,0.0052125,7953.31875
6/8/2015,0.0627795,0.008033096,0.007114,0.0052335,7803.96465
6/9/2015,0.062573,0.008042464,0.007128,0.0052275,8067.1792
6/10/2015,0.063281,0.00815162,0.007197,0.0052485,8059.7475
6/11/2015,0.0635545,0.008102415,0.007197,0.005221,8035.8762
6/12/2015,0.062774,0.008104713,0.007192,0.005209,7880.59995
6/15/2015,0.0628175,0.008102415,0.007181,0.0051935,7727.3262
6/16/2015,0.0628975,0.008106355,0.007207,0.0051805,7858.032
6/17/2015,0.0620455,0.00810143,0.007146,0.005117,7883.79345
6/18/2015,0.0634035,0.008132395,0.007159,0.005121,7901.7309
6/19/2015,0.063003,0.00815162,0.00718,0.005132,7730.9785
6/22/2015,0.0627655,0.00810537,0.007147,0.005122,7814.5725
6/23/2015,0.0631305,0.008067444,0.007222,0.0051285,7988.89975
6/24/2015,0.0633855,0.008074283,0.007205,0.005141,7863.2365
6/25/2015,0.0631805,0.008089306,0.00722,0.005137,7812.784
6/26/2015,0.063291,0.008073957,0.007231,0.005126,7835.0673
6/29/2015,0.0641225,0.008160601,0.007263,0.005185,7598.7054
6/30/2015,0.064036,0.008163265,0.0073295,0.005196,7789.775
7/1/2015,0.0644215,0.008118531,0.0073445,0.005198,7638.08175
7/2/2015,0.0647095,0.008125787,0.0073305,0.005206,7638.64455
7/3/2015,0.0651535,0.008142328,0.0073265,0.0052295,7408.2008
7/6/2015,0.0658705,0.00815827,0.0073785,0.0052275,6930.3905
7/7/2015,0.0665755,0.008160268,0.0074105,0.0052785,6966.68325
7/8/2015,0.0681315,0.008284661,0.007478,0.0053925,6886.22025
7/9/2015,0.0670855,0.008240966,0.0074655,0.0053585,7112.03045
7/10/2015,0.0653,0.008146308,0.0072965,0.005247,7209.40115
7/13/2015,0.06552,0.008101102,0.007362,0.0052305,7141.004
7/14/2015,0.065653,0.008105041,0.0073605,0.0051835,7218.9638
7/15/2015,0.0658805,0.00807885,0.007379,0.0051665,7061.649
7/16/2015,0.065731,0.008054448,0.007406,0.00516,7140.15405
7/17/2015,0.065902,0.008059641,0.007443,0.0051635,7084.6825
7/20/2015,0.066293,0.008047318,0.0074325,0.00517,7039.61225
7/21/2015,0.0654935,0.008071676,0.00738,0.005188,7066.6856
7/22/2015,0.065813,0.008066793,0.007378,0.0051665,6958.15545
7/23/2015,0.0659895,0.008070048,0.0073485,0.005202,6848.78205
7/24/2015,0.0662535,0.00807624,0.007353,0.005206,6763.0484
7/27/2015,0.066316,0.008113919,0.007314,0.005215,6589.91015
7/28/2015,0.0660885,0.008093234,0.0073175,0.005184,6585.748
7/29/2015,0.0657845,0.008068746,0.0073445,0.0051705,6615.6503
7/30/2015,0.065832,0.008055097,0.007368,0.005163,6618.16995
7/31/2015,0.065949,0.00806842,0.007343,0.0051645,6470.9074
8/3/2015,0.0665465,0.00806224,0.0073625,0.005172,6142.2132
8/4/2015,0.0666945,0.008039555,0.007388,0.005165,6218.00615
8/5/2015,0.066096,0.008006405,0.0073415,0.0051315,6193.791
8/6/2015,0.0663535,0.008016675,0.007338,0.005168,6177.1248
8/7/2015,0.066565,0.008049909,0.007339,0.005195,6038.57725
8/10/2015,0.06579,0.00802375,0.0072815,0.0051465,6282.5983
8/11/2015,0.066145,0.007991689,0.0072385,0.0051315,6153.8934
8/12/2015,0.0656365,0.008050882,0.007216,0.005156,6168.2686
8/13/2015,0.066059,0.00803697,0.0072085,0.0051485,6124.1985
8/14/2015,0.066259,0.008044082,0.0072425,0.0051425,6095.16445
8/17/2015,0.0660225,0.008039231,0.0072565,0.005158,6062.7686
8/18/2015,0.0666125,0.008038262,0.0072935,0.0051325,6072.20805
8/19/2015,0.0670265,0.008076892,0.0072635,0.0051515,5838.8796
8/20/2015,0.066685,0.008103399,0.0072085,0.0051655,5753.1411
8/21/2015,0.0671795,0.008195042,0.0071955,0.0052205,5547.2565
8/24/2015,0.0693445,0.00844452,0.007266,0.005353,5055.3498
8/25/2015,0.0692185,0.008411844,0.007305,0.0053625,5136.8048
8/26/2015,0.0698815,0.00833924,0.00737,0.005394,5173.1331
8/27/2015,0.068555,0.008262073,0.007347,0.005365,5756.4246
8/28/2015,0.0680725,0.008215914,0.007349,0.0053375,6091.83575
8/31/2015,0.068307,0.008249124,0.007356,0.005376,6564.33375
9/1/2015,0.069424,0.008376963,0.007404,0.0054735,5916.225
9/2/2015,0.0685305,0.008310825,0.0074025,0.0054315,6076.4125
9/3/2015,0.068976,0.008328128,0.007487,0.0054585,6085.401
9/4/2015,0.0697685,0.008403008,0.0075385,0.0055385,5903.83805
9/7/2015,0.069782,0.008383987,0.0075075,0.0054905,5681.06825
9/8/2015,0.068748,0.008346897,0.007453,0.0054215,5932.7436
9/9/2015,0.068196,0.008298067,0.0074055,0.005401,5733.8658
9/10/2015,0.067837,0.008290843,0.0073505,0.005368,5896.86735
9/11/2015,0.0676095,0.008293249,0.0073135,0.005375,5804.7212
9/14/2015,0.068111,0.008317046,0.0073465,0.0053915,5575.29695
9/15/2015,0.068044,0.008302889,0.0073695,0.005412,5616.1172
9/16/2015,0.0675935,0.008294281,0.007347,0.005354,5998.10875
9/17/2015,0.067369,0.008332986,0.0072865,0.0053445,5889.8454
9/18/2015,0.0679975,0.008333681,0.0073715,0.0053655,5696.16265
9/21/2015,0.068215,0.008295313,0.0074135,0.005349,5897.306
9/22/2015,0.068972,0.00832293,0.007484,0.005416,5896.962
9/23/2015,0.068874,0.008312552,0.007431,0.0054525,5744.325
9/24/2015,0.070392,0.008327435,0.0074155,0.0054635,5784.49445
9/25/2015,0.070636,0.008293249,0.007408,0.0054625,5860.188
9/28/2015,0.071155,0.008338545,0.007415,0.0054955,5677.2495
9/29/2015,0.0707715,0.008351777,0.0074245,0.0055125,5774.81905
9/30/2015,0.0710465,0.008342719,0.007464,0.0055145,5797.87005
10/1/2015,0.070356,0.00833785,0.007447,0.0055105,5719.70015
10/2/2015,0.069887,0.008339936,0.00744,0.005493,5771.02765
10/5/2015,0.0697795,0.008301511,0.007422,0.0054815,5932.655
10/6/2015,0.068835,0.008316008,0.0073775,0.0054615,6243.38
10/7/2015,0.0684445,0.008332292,0.007416,0.0054395,6160.36995
10/8/2015,0.067888,0.00833785,0.0073925,0.005432,6362.55175
10/9/2015,0.067171,0.00831428,0.00732,0.0054325,6332.47875
10/12/2015,0.067456,0.008330903,0.0073365,0.005429,5984.9451
10/13/2015,0.0681205,0.008351079,0.007338,0.005478,5896.2438
10/14/2015,0.0680135,0.008415383,0.007335,0.005437,5840.4945
10/15/2015,0.06812,0.008411136,0.007389,0.0054415,5791.1319
10/16/2015,0.067912,0.008372054,0.0073785,0.005424,6027.1947
10/19/2015,0.0680615,0.008368551,0.0073905,0.0054125,5808.65195
10/20/2015,0.067783,0.008344459,0.0073535,0.005404,5837.4064
10/21/2015,0.0683125,0.008336807,0.0073525,0.005407,5739.6075
10/22/2015,0.068724,0.008285691,0.00746,0.005382,5802.7752
10/23/2015,0.069049,0.008232824,0.0074725,0.005376,5829.10535
10/26/2015,0.0688075,0.008257979,0.007469,0.0053795,5756.8563
10/27/2015,0.070146,0.008301511,0.007513,0.005427,5638.7326
10/28/2015,0.070787,0.008257979,0.0075615,0.005411,5939.70975
10/29/2015,0.0706975,0.008255593,0.007521,0.005392,5911.144
10/30/2015,0.0703335,0.008290155,0.0075325,0.005373,5978.175
11/2/2015,0.070292,0.008281231,0.0075165,0.005372,5891.63645
11/3/2015,0.070263,0.008260026,0.0075315,0.0053555,6118.6251
11/4/2015,0.07114,0.008226729,0.007571,0.0053465,5905.1419
11/5/2015,0.0702515,0.008213552,0.007546,0.0054015,5841.565
11/6/2015,0.0703665,0.008119519,0.007559,0.005395,5840.2472
11/9/2015,0.0703545,0.008117542,0.0075515,0.0053705,5813.3361
11/10/2015,0.070049,0.008120508,0.007571,0.0053705,5841.9988
11/11/2015,0.070087,0.008140339,0.0075765,0.005351,5627.52945
11/12/2015,0.070787,0.008155942,0.0075395,0.005355,5402.1966
11/13/2015,0.070747,0.008153614,0.007564,0.005352,5348.54845
11/16/2015,0.0705945,0.008118531,0.007597,0.0053415,5488.678
11/17/2015,0.070363,0.008100446,0.00761,0.005324,5378.7165
11/18/2015,0.0701325,0.008088325,0.007588,0.0053085,5457.2489
11/19/2015,0.069995,0.008139014,0.0075825,0.005323,5428.1757
11/20/2015,0.0702375,0.008136034,0.0076425,0.0053555,5489.1606
11/23/2015,0.0704455,0.008140339,0.007654,0.005382,5507.14135
11/24/2015,0.070562,0.008160934,0.0076695,0.0054095,5651.3142
11/25/2015,0.070419,0.008148631,0.0076685,0.0053865,5665.9824
11/26/2015,0.070653,0.008155276,0.0076865,0.0053995,5574.3052
11/27/2015,0.070874,0.008140339,0.0076845,0.005413,5510.8267
11/30/2015,0.070664,0.008123477,0.0076895,0.0053955,5491.491
12/1/2015,0.0701675,0.008138683,0.0076555,0.0053965,5460.3428
12/2/2015,0.0702105,0.008113919,0.007644,0.0054265,5236.68005
12/3/2015,0.0691895,0.008155609,0.0074565,0.0053855,5375.4416
12/4/2015,0.069209,0.008118531,0.0074575,0.0053725,5296.525
12/7/2015,0.0701795,0.00810537,0.0074805,0.0053845,5025.06375
12/8/2015,0.0714205,0.008135042,0.007467,0.00542,4948.9605
12/9/2015,0.071395,0.008234858,0.007469,0.005424,4870.75785
12/10/2015,0.0711135,0.008223684,0.0075165,0.005425,4831.168
12/11/2015,0.0718465,0.008273694,0.007529,0.005437,4584.40945
12/14/2015,0.0715275,0.008262414,0.007517,0.0054565,4589.4576
12/15/2015,0.071412,0.008218277,0.007521,0.0054645,4678.596
12/16/2015,0.0716885,0.008182302,0.007498,0.0054535,4545.17585
12/17/2015,0.0715355,0.008159269,0.007537,0.0054755,4542.0736
12/18/2015,0.0721125,0.008249464,0.0075905,0.0055385,4470.5936
12/21/2015,0.072467,0.008251846,0.0075605,0.0055435,4405.07475
12/22/2015,0.072017,0.008259343,0.00754,0.0055715,4372.01825
12/23/2015,0.0721095,0.008269247,0.0075795,0.0055605,4517.9448
12/24/2015,0.0722335,0.008303234,0.0075695,0.005567,4563.28215
12/28/2015,0.072271,0.008305303,0.0075725,0.0055825,4409.2311
12/29/2015,0.0723805,0.008301166,0.0076035,0.0056045,4552.37235
12/30/2015,0.072961,0.008297722,0.00759,0.0056,4393.9769
12/31/2015,0.07349,0.00831117,0.0076525,0.005639,4485.5296
1/4/2016,0.074351,0.008372405,0.00773,0.005689,4445.5568
1/5/2016,0.07483,0.008399126,0.0078145,0.0057235,4336.1652
1/6/2016,0.07556,0.008440599,0.007829,0.0057705,4055.39925
1/7/2016,0.075488,0.008497621,0.0077705,0.005813,3971.7
1/8/2016,0.075433,0.008513899,0.0077885,0.005864,3940.61525
1/11/2016,0.075921,0.008491487,0.007821,0.0058405,3715.48575
1/12/2016,0.075495,0.008500149,0.0078285,0.0058835,3630.5247
1/13/2016,0.0749425,0.00849726,0.0078125,0.005898,3567.03235
1/14/2016,0.074333,0.008470987,0.007796,0.005877,3663.0915
1/15/2016,0.075444,0.008542263,0.007825,0.0059915,3387.8611
1/18/2016,0.0758525,0.00852188,0.0078235,0.0059835,3350.19975
1/19/2016,0.0749185,0.00850051,0.0077925,0.0060055,3383.3264
1/20/2016,0.075901,0.00855176,0.007852,0.006026,3260.1478
1/21/2016,0.0747095,0.008495816,0.0078125,0.0059735,3442.87125
1/22/2016,0.0735495,0.008418571,0.007797,0.0059015,3822.5013
1/25/2016,0.074045,0.008453443,0.0077915,0.0059325,3607.9975
1/26/2016,0.0734715,0.008444163,0.007767,0.0058835,3765.915
1/27/2016,0.072985,0.008426375,0.0077355,0.00592,3928.1425
1/28/2016,0.0724905,0.008415737,0.0076935,0.00586,4026.97925
1/29/2016,0.0716755,0.008260708,0.007623,0.005798,4205.4507
2/1/2016,0.0718235,0.008265487,0.007591,0.005727,4142.5264
2/2/2016,0.0727765,0.008335765,0.007634,0.0057845,3925.2548
2/3/2016,0.072665,0.008480685,0.0076385,0.005808,4131.7416
2/4/2016,0.072818,0.00856421,0.0076405,0.0058695,4023.7219
2/5/2016,0.0734715,0.00855432,0.007666,0.0058985,3981.614
2/8/2016,0.07415,0.008632224,0.007709,0.0059815,3808.9836
2/9/2016,0.074609,0.008686965,0.0076915,0.006002,3490.2868
2/10/2016,0.0751405,0.008822621,0.0078145,0.0060755,3495.5598
2/11/2016,0.076137,0.008894819,0.007855,0.006144,3379.4955
2/12/2016,0.075789,0.008831972,0.0078435,0.0060875,3777.186
2/15/2016,0.0752535,0.008727907,0.007824,0.006046,3825.65925
2/16/2016,0.075618,0.008766163,0.007866,0.006128,3670.9335
2/17/2016,0.0748735,0.008763858,0.0078755,0.00613,3936.6225
2/18/2016,0.075865,0.008830412,0.00795,0.0061595,3882.0386
2/19/2016,0.0759935,0.008883361,0.007978,0.0061665,3715.9357
2/22/2016,0.076172,0.008855435,0.008029,0.0062585,3917.36825
2/23/2016,0.0767865,0.008919413,0.0080935,0.006361,3730.06605
2/24/2016,0.0772525,0.008913848,0.0080935,0.0064005,3860.28585
2/25/2016,0.0763685,0.008849949,0.008028,0.006338,3987.59355
2/26/2016,0.0761965,0.00877193,0.008023,0.006324,4001.4
2/29/2016,0.0771415,0.008873902,0.0081615,0.006377,4053.4593
3/1/2016,0.075882,0.00877116,0.0080715,0.006288,4196.7081
3/2/2016,0.076366,0.008812125,0.0081095,0.0062605,4190.8164
3/3/2016,0.0755175,0.008796235,0.0080265,0.006205,4214.30295
3/4/2016,0.0745055,0.008790436,0.0079885,0.0061785,4404.7872
3/7/2016,0.0749415,0.00881329,0.008002,0.006178,4633.9106
3/8/2016,0.076086,0.008879812,0.008069,0.0062485,4465.18475
3/9/2016,0.075151,0.00882301,0.0080125,0.0062005,4654.8738
3/10/2016,0.075295,0.008834312,0.0079055,0.0061885,4533.45975
3/11/2016,0.0739095,0.008786188,0.0078795,0.0061125,4596.98785
3/14/2016,0.074417,0.008785416,0.0079105,0.0061435,4499.50225
3/15/2016,0.0755165,0.008835093,0.007953,0.0062425,4384.7869
3/16/2016,0.0751165,0.008881783,0.0079125,0.0062285,4540.7547
3/17/2016,0.074717,0.00897787,0.0079315,0.0062005,4626.9329
3/18/2016,0.0752515,0.008962983,0.007953,0.00619,4596.684
3/21/2016,0.075197,0.008932958,0.0079465,0.0062165,4650.1953
3/22/2016,0.074789,0.008898776,0.0079335,0.006263,4696.15125
3/23/2016,0.0754635,0.00889838,0.0079565,0.0063035,4548.0186
3/24/2016,0.0751585,0.008857004,0.0079265,0.0062575,4565.8782
3/28/2016,0.0743355,0.008814067,0.0078725,0.0061835,4568.83285
3/29/2016,0.0744815,0.008873508,0.0078585,0.006169,4410.8823
3/30/2016,0.0739115,0.008894819,0.0078455,0.0061855,4413.8055
3/31/2016,0.073439,0.008882967,0.0078055,0.0061855,4457.97
4/1/2016,0.0744605,0.008955358,0.007864,0.006295,4318.08555
4/4/2016,0.074823,0.008982708,0.0078845,0.0062975,4195.83925
4/5/2016,0.0754755,0.009064129,0.0079595,0.0063985,4178.00775
4/6/2016,0.07579,0.009107883,0.0079905,0.00645,4374.2328
4/7/2016,0.0769145,0.009240863,0.0081225,0.006574,4266.91745
4/8/2016,0.076226,0.009254546,0.008117,0.0065515,4531.8267
4/11/2016,0.0759685,0.009263977,0.0081205,0.006505,4623.28435
4/12/2016,0.0752525,0.009212769,0.0080915,0.006454,4850.87605
4/13/2016,0.0753055,0.009145366,0.0081115,0.006439,4830.8621
4/14/2016,0.075269,0.009140768,0.008112,0.006458,4796.096
4/15/2016,0.0758745,0.009194134,0.0081485,0.006477,4687.7715
4/18/2016,0.075493,0.009189065,0.0081215,0.0064375,4669.68075
4/19/2016,0.074336,0.009157509,0.0080625,0.0063625,4808.076
4/20/2016,0.073906,0.009103737,0.0080585,0.006351,5030.901
4/21/2016,0.074976,0.009136175,0.0080935,0.0063785,4874.03115
4/22/2016,0.0737405,0.008945344,0.007963,0.006211,5042.8469
4/25/2016,0.073812,0.008992401,0.0079805,0.0062095,4946.3984
4/26/2016,0.073292,0.008983515,0.007951,0.0061605,5091.5481
4/27/2016,0.0732225,0.008971426,0.007924,0.006169,5258.9187
4/28/2016,0.075295,0.00924941,0.008147,0.006331,5204.6561
4/29/2016,0.075704,0.009401589,0.0082065,0.0064335,5119.34745
5/2/2016,0.075329,0.00939673,0.0081485,0.0064055,4877.2286
5/3/2016,0.0762065,0.009380423,0.008159,0.006454,4794.02685
5/4/2016,0.076206,0.009344484,0.0081345,0.006448,4775.0093
5/5/2016,0.0761895,0.009323575,0.008175,0.0064365,4827.54755
5/6/2016,0.07655,0.009334889,0.008185,0.0064685,4860.26125
5/9/2016,0.075923,0.009231479,0.0081095,0.0064075,4726.21975
5/10/2016,0.0751635,0.009152062,0.008048,0.006336,4973.7428
5/11/2016,0.0753275,0.009222965,0.0080745,0.006385,5161.03
5/12/2016,0.074583,0.009172208,0.0080625,0.0063475,5241.922
5/13/2016,0.0755705,0.009206831,0.0081425,0.0064105,5195.05545
5/16/2016,0.0749215,0.009172208,0.008103,0.006369,5338.95425
5/17/2016,0.0749515,0.009162963,0.008099,0.0063355,5378.1728
5/18/2016,0.0754365,0.009074822,0.0080905,0.0062165,5391.84135
5/19/2016,0.0760705,0.009093803,0.008117,0.0062235,5367.39165
5/20/2016,0.0756185,0.009078529,0.0080885,0.006261,5366.508
5/23/2016,0.0764415,0.009154575,0.00816,0.00632,5281.51225
5/24/2016,0.075944,0.009091736,0.00816,0.0062115,5346.6139
5/25/2016,0.075508,0.009074822,0.0081335,0.006174,5481.0993
5/26/2016,0.075423,0.009110372,0.0081385,0.0062095,5443.24635
5/27/2016,0.075626,0.009071529,0.0081615,0.006203,5436.7902
5/30/2016,0.075095,0.00899847,0.008073,0.0061465,5529.8288
5/31/2016,0.0756925,0.009032608,0.008114,0.006239,5501.1799
6/1/2016,0.075817,0.009129502,0.0081585,0.0063325,5446.0802
6/2/2016,0.0765675,0.009185689,0.0082375,0.006369,5447.6046
6/3/2016,0.076784,0.009387468,0.0082585,0.0064655,5287.901
6/6/2016,0.0759655,0.009297136,0.0081885,0.006438,5437.158
6/7/2016,0.0755655,0.009314456,0.008201,0.0064045,5522.5984
6/8/2016,0.0757375,0.009347105,0.0082035,0.0064455,5617.78235
6/9/2016,0.0761645,0.009337504,0.0082515,0.0064575,5563.58525
6/10/2016,0.077339,0.009347105,0.0083075,0.0065555,5407.0219
6/13/2016,0.077775,0.009412208,0.0083355,0.0065945,5349.43575
6/14/2016,0.0787995,0.009423738,0.008408,0.006676,5287.71045
6/15/2016,0.078371,0.009432627,0.0083775,0.0066405,5191.55455
6/16/2016,0.080484,0.009592786,0.008545,0.006754,4919.32155
6/17/2016,0.080221,0.009603842,0.0085165,0.006689,5119.82625
6/20/2016,0.0796565,0.009621398,0.008504,0.0065455,5264.30775
6/21/2016,0.0793985,0.009546995,0.0084925,0.0065175,5302.1919
6/22/2016,0.0794285,0.009578085,0.0084785,0.006512,5207.7214
6/23/2016,0.076756,0.009420187,0.0082715,0.006331,5404.35105
6/24/2016,0.08216,0.009781864,0.008799,0.0071505,4948.9543
6/27/2016,0.0840525,0.009803441,0.0088935,0.0074115,4810.5558
6/28/2016,0.0824795,0.009731413,0.0087935,0.0072935,4992.0808
6/29/2016,0.0816285,0.009725261,0.008742,0.0072435,5203.97325
6/30/2016,0.08102,0.009681479,0.0087175,0.007273,5131.4472
7/1/2016,0.0813365,0.009753719,0.008759,0.0073545,5162.13375
7/4/2016,0.0808365,0.009749915,0.00874,0.0073355,5138.5065
7/5/2016,0.0826445,0.009830425,0.008875,0.0075485,4878.731
7/6/2016,0.083225,0.009869233,0.0088915,0.0076325,4944.66
7/7/2016,0.0843905,0.009922111,0.0089685,0.007686,4676.424
7/8/2016,0.0847985,0.009945795,0.008997,0.0076765,4701.4842
7/11/2016,0.0827505,0.009727153,0.0087965,0.007486,4754.73125
7/12/2016,0.0805925,0.009551555,0.0086365,0.0072125,5074.56665
7/13/2016,0.0806505,0.009569836,0.008629,0.007279,4833.9387
7/14/2016,0.079412,0.009492619,0.0085365,0.0071145,4990.19265
7/15/2016,0.0808965,0.009537889,0.0086425,0.00723,4991.67045
7/18/2016,0.079585,0.009419744,0.008506,0.0071055,4985.2736
7/19/2016,0.0802225,0.00942285,0.008549,0.007187,4951.7925
7/20/2016,0.079549,0.009359352,0.0084965,0.007085,5039.87865
7/21/2016,0.080258,0.009450456,0.008572,0.007141,4888.653
7/22/2016,0.080626,0.009427292,0.0085895,0.0071905,4846.56675
7/25/2016,0.081032,0.009453136,0.0085985,0.0071935,4730.7052
7/26/2016,0.0818695,0.009555205,0.0086965,0.0072765,4695.86985
7/27/2016,0.081004,0.009487666,0.0085795,0.007176,4581.738
7/28/2016,0.0812775,0.009499834,0.0085775,0.007216,4494.8155
7/29/2016,0.082745,0.009797678,0.008767,0.0074075,4333.6799
8/1/2016,0.083,0.009766102,0.008749,0.007411,4314.9253
8/2/2016,0.083574,0.009911294,0.0088275,0.0074205,4217.411
8/3/2016,0.0835155,0.009878007,0.00886,0.0074115,4363.2285
8/4/2016,0.083384,0.009879959,0.008878,0.0075375,4482.81235
8/5/2016,0.083492,0.009822218,0.0088605,0.0075135,4507.1287
8/8/2016,0.0826735,0.009761335,0.0088,0.007486,4649.97855
8/9/2016,0.0824955,0.009814024,0.008826,0.007548,4583.2371
8/10/2016,0.081631,0.00987313,0.008834,0.0075885,4461.60425
8/11/2016,0.0809055,0.009808249,0.008807,0.007571,4694.0082
8/12/2016,0.0810295,0.009871181,0.0088445,0.0076385,4758.29585
8/15/2016,0.081116,0.009876056,0.0088305,0.0076675,4895.67925
8/16/2016,0.081706,0.009969593,0.008839,0.007642,4938.01515
8/17/2016,0.0818235,0.009973073,0.0088345,0.0076465,4998.4595
8/18/2016,0.081565,0.010011513,0.0088175,0.007603,5083.14765
8/19/2016,0.081997,0.009978048,0.0088095,0.0076315,5099.1936
8/22/2016,0.081785,0.009966612,0.008806,0.0075855,4932.4686
8/23/2016,0.0819475,0.00997556,0.0088245,0.0075585,5008.2402
8/24/2016,0.081797,0.009955697,0.008839,0.0075235,4926.82725
8/25/2016,0.0817625,0.009947774,0.0088165,0.0075415,4993.07675
8/26/2016,0.081249,0.009819807,0.008769,0.007475,5083.6032
8/29/2016,0.0812335,0.009812098,0.008769,0.0074885,5020.3329
8/30/2016,0.0810325,0.009712038,0.0087155,0.007424,4980.41705
8/31/2016,0.0805355,0.009668842,0.0086645,0.0073595,4865.112
9/1/2016,0.0807285,0.009685699,0.0086505,0.0073,4692.48525
9/2/2016,0.079944,0.009616309,0.00862,0.007234,4869.8517
9/5/2016,0.0802985,0.009667907,0.008674,0.0072665,4926.60905
9/6/2016,0.0800855,0.00980248,0.008709,0.007294,4821.2289
9/7/2016,0.080407,0.009829459,0.0087435,0.007368,4881.2453
9/8/2016,0.079881,0.009756573,0.008665,0.007338,5123.72505
9/9/2016,0.080374,0.009737572,0.008669,0.00734,4930.38695
9/12/2016,0.0808705,0.009817878,0.0087395,0.007361,4921.6336
9/13/2016,0.080721,0.009750865,0.0086905,0.00739,4830.3405
9/14/2016,0.080453,0.009763241,0.0086785,0.007377,4696.18625
9/15/2016,0.080629,0.009794799,0.0087115,0.007399,4756.60605
9/16/2016,0.0812705,0.009775649,0.0087615,0.007519,4682.04215
9/19/2016,0.081324,0.009810173,0.0087795,0.007529,4683.91325
9/20/2016,0.081704,0.009831875,0.0088145,0.00757,4666.4548
9/21/2016,0.0823515,0.009968599,0.0089095,0.007652,4697.75145
9/22/2016,0.0807345,0.009925558,0.008856,0.0075895,4800.7375
9/23/2016,0.0803315,0.00990148,0.0088205,0.007632,4634.66055
9/26/2016,0.080822,0.009966612,0.008856,0.0076815,4750.86225
9/27/2016,0.080803,0.009955697,0.008877,0.0076455,4617.45665
9/28/2016,0.079851,0.009933939,0.008857,0.0076305,4901.37885
9/29/2016,0.0796685,0.00989854,0.00882,0.0076325,4974.471
9/30/2016,0.0787985,0.009867285,0.008778,0.007604,4971.9857
10/3/2016,0.0785175,0.009838162,0.0087755,0.0076605,5172.71405
10/4/2016,0.077835,0.009718645,0.0086735,0.0076355,5234.26865
10/5/2016,0.0774635,0.009661369,0.008622,0.0075785,5367.7693
10/6/2016,0.077459,0.009620472,0.008628,0.0076275,5458.15195
10/7/2016,0.0786265,0.009716757,0.008675,0.0078145,5344.37595
10/10/2016,0.0780405,0.009652044,0.008666,0.007807,5505.5697
10/11/2016,0.079039,0.009660436,0.008739,0.007969,5425.22115
10/12/2016,0.0788365,0.009596468,0.008717,0.0078605,5398.86105
10/13/2016,0.0786075,0.009643667,0.008722,0.007869,5395.25085
10/14/2016,0.078896,0.00959739,0.008748,0.0078755,5412.93025
10/17/2016,0.078742,0.009625102,0.0087505,0.0079,5352.6704
10/18/2016,0.0784905,0.009627882,0.008768,0.0078295,5367.7432
10/19/2016,0.078639,0.009666973,0.008809,0.0078675,5448.44815
10/20/2016,0.0787245,0.009619547,0.008801,0.0078515,5341.2079
10/21/2016,0.079428,0.009630664,0.0088485,0.007871,5376.5763
10/24/2016,0.079233,0.009598311,0.008821,0.0078425,5361.3601
10/25/2016,0.079468,0.009594167,0.0088115,0.007872,5293.8417
10/26/2016,0.0792345,0.009571668,0.008774,0.0078165,5221.6605
10/27/2016,0.0785085,0.009497578,0.008716,0.007809,5313.9863
10/28/2016,0.0789295,0.009550642,0.0086925,0.007838,5204.88555
10/31/2016,0.0787965,0.009540164,0.0086875,0.007792,5062.806
11/1/2016,0.078875,0.009601075,0.0086845,0.007842,5014.0217
11/2/2016,0.079283,0.009680074,0.008723,0.007868,4840.8723
11/3/2016,0.0794895,0.009710152,0.0087435,0.0077925,4773.35475
11/4/2016,0.079109,0.009695559,0.0087025,0.007745,4701.1212
11/7/2016,0.0788255,0.009572584,0.0086705,0.007721,4821.05975
11/8/2016,0.0782555,0.009509319,0.0086245,0.007683,4841.5664
11/9/2016,0.0789685,0.009463872,0.008675,0.0076285,4898.6294
11/10/2016,0.078306,0.009361105,0.0085935,0.007456,4896.858
11/11/2016,0.0787935,0.009373828,0.0086345,0.0074385,4773.93
11/14/2016,0.0781555,0.009222965,0.00859,0.0073835,4817.32275
11/15/2016,0.0772395,0.009159606,0.008543,0.0073535,5125.76625
11/16/2016,0.0777205,0.009168004,0.008575,0.007368,5086.16725
11/17/2016,0.0775575,0.009081415,0.0085465,0.007314,5119.24635
11/18/2016,0.077479,0.009013069,0.0085125,0.007301,5199.117
11/21/2016,0.0770965,0.009022828,0.0084885,0.007222,5419.587
11/22/2016,0.0766485,0.008998875,0.0084665,0.007242,5458.46
11/23/2016,0.0765485,0.008887704,0.008422,0.0071465,5507.60925
11/24/2016,0.075866,0.00882301,0.00836,0.0070855,5553.66
11/25/2016,0.0758605,0.008843297,0.008353,0.007088,5341.8992
11/28/2016,0.076275,0.008933756,0.0084165,0.0071955,5399.7444
11/29/2016,0.0759205,0.008897985,0.0083565,0.0071245,5212.4163
11/30/2016,0.0744715,0.008736295,0.008251,0.0069855,5777.04855
12/1/2016,0.0738085,0.008764626,0.0082205,0.006961,6154.2843
12/2/2016,0.0741345,0.008804367,0.0082495,0.006917,6185.5668
12/5/2016,0.073537,0.008783873,0.0081605,0.0068985,6254.6443
12/6/2016,0.073729,0.008770776,0.008183,0.006918,6148.82895
12/7/2016,0.073512,0.00879005,0.0081745,0.006962,6029.545
12/8/2016,0.073951,0.008769238,0.008261,0.0069675,6145.34615
12/9/2016,0.073671,0.008665511,0.0082045,0.00689,6269.682
12/12/2016,0.073358,0.008693762,0.008175,0.0068585,6405.74225
12/13/2016,0.073137,0.008681686,0.0081695,0.0068585,6418.1082
12/14/2016,0.0732695,0.008543722,0.008109,0.0068,6308.7255
12/15/2016,0.0733485,0.008462027,0.0081255,0.006814,6383.8135
12/16/2016,0.073507,0.008475295,0.0081095,0.006782,6514.2279
12/19/2016,0.074183,0.008540804,0.0082105,0.006888,6430.3082
12/20/2016,0.07386,0.008483203,0.008168,0.0068625,6524.658
12/21/2016,0.073862,0.008507018,0.0081605,0.006886,6401.773
12/22/2016,0.074144,0.008507742,0.008152,0.0069265,6470.577
12/23/2016,0.0741415,0.008521517,0.0081495,0.0069325,6473.026
12/27/2016,0.074143,0.008516074,0.008144,0.00694,6586.36825
12/28/2016,0.0743995,0.008528421,0.00819,0.006976,6592.0761
12/29/2016,0.0741705,0.008580377,0.0081785,0.006997,6542.8363
12/30/2016,0.073908,0.008554686,0.008135,0.006933,6641.9739
1/3/2017,0.0735115,0.008492208,0.0081605,0.006939,6531.86985
1/4/2017,0.073256,0.008527694,0.00813,0.006921,6620.7819
1/5/2017,0.0735065,0.008668892,0.008173,0.00698,6562.54595
1/6/2017,0.073003,0.008552491,0.0081195,0.0069605,6676.4175
1/9/2017,0.073604,0.008618832,0.008151,0.0070865,6374.4135
1/10/2017,0.074339,0.008637816,0.008184,0.0070935,6209.9028
1/11/2017,0.0740955,0.00866476,0.008188,0.007095,6359.091
1/12/2017,0.0743435,0.008717256,0.0082145,0.0071695,6425.18715
1/13/2017,0.0742205,0.008731337,0.008203,0.0071695,6350.6885
1/16/2017,0.0747035,0.008756567,0.0082585,0.0072675,6379.212
1/17/2017,0.074998,0.008878235,0.008287,0.007152,6247.86345
1/18/2017,0.074082,0.008721057,0.0082035,0.007114,6182.7368
1/19/2017,0.0735415,0.008705493,0.0081635,0.0070535,6221.3592
1/20/2017,0.073386,0.0087241,0.008151,0.00705,6360.54125
1/23/2017,0.0740625,0.008873114,0.0082425,0.0070785,6224.421
1/24/2017,0.073399,0.008787732,0.00819,0.007019,6308.7948
1/25/2017,0.07337,0.008827294,0.008213,0.0069865,6239.7378
1/26/2017,0.0728185,0.008730956,0.008173,0.0069335,6441.4484
1/27/2017,0.072488,0.008689607,0.008122,0.006921,6389.2416
1/30/2017,0.073081,0.008789277,0.0082185,0.007039,6283.79325
1/31/2017,0.073106,0.008865641,0.0082095,0.007047,6282.6815
2/1/2017,0.072706,0.008830412,0.008199,0.006976,6432.316
2/2/2017,0.073154,0.008864855,0.00824,0.007076,6380.2508
2/3/2017,0.0728255,0.008872721,0.0082275,0.0071055,6402.77105
2/6/2017,0.07386,0.008948946,0.0083245,0.0071765,6226.4314
2/7/2017,0.074038,0.008897985,0.008329,0.007113,6186.79425
2/8/2017,0.0742835,0.008933756,0.0083485,0.007123,6169.8572
2/9/2017,0.073599,0.008829632,0.0082855,0.007065,6300.37565
2/10/2017,0.07389,0.008832752,0.008301,0.007071,6419.2905
2/13/2017,0.073766,0.008791595,0.0082955,0.0070195,6323.08455
2/14/2017,0.0735065,0.008751969,0.008274,0.007019,6395.1322
2/15/2017,0.0730435,0.008759252,0.0082625,0.00703,6364.69875
2/16/2017,0.073183,0.008831192,0.0082735,0.0070715,6301.52775
2/17/2017,0.0738705,0.008859358,0.008347,0.007136,6299.55375
2/20/2017,0.0737155,0.008841733,0.0083305,0.0070955,6353.958
2/21/2017,0.0735375,0.008796235,0.008348,0.0070525,6441.3921
2/22/2017,0.0738475,0.008826515,0.0083615,0.007089,6326.3928
2/23/2017,0.0740545,0.008881389,0.0083925,0.0070735,6370.6251
2/24/2017,0.074659,0.00891345,0.0084385,0.007149,6281.5181
2/27/2017,0.0742615,0.008872721,0.0083805,0.0071315,6303.59065
2/28/2017,0.0744315,0.00886682,0.008383,0.007162,6269.4402
3/1/2017,0.073941,0.008792368,0.0083365,0.007152,6410.1046
3/2/2017,0.0741515,0.008740877,0.0083195,0.007126,6301.4274
3/3/2017,0.073872,0.008770776,0.0082565,0.0071335,6373.4385
3/6/2017,0.074557,0.008780788,0.008298,0.007176,6378.69885
3/7/2017,0.0741595,0.008773084,0.008303,0.007191,6374.0412
3/8/2017,0.074753,0.008745081,0.008296,0.0071855,6073.1285
3/9/2017,0.0746695,0.008699813,0.008225,0.0071505,5998.97955
3/10/2017,0.074969,0.008714597,0.008166,0.00716,5894.7075
3/13/2017,0.0745635,0.008704735,0.008171,0.007124,5899.088
3/14/2017,0.075117,0.008714977,0.0082185,0.0071705,5842.8154
3/15/2017,0.074933,0.008819898,0.008216,0.0071755,5874.2178
3/16/2017,0.0750935,0.008824957,0.008197,0.00714,5862.9181
3/17/2017,0.075218,0.008871934,0.0082625,0.007158,5834.1284
3/20/2017,0.0753105,0.008884545,0.008273,0.0071895,5810.0891
3/21/2017,0.0757815,0.008950548,0.0082795,0.007173,5693.506
3/22/2017,0.0761245,0.008996446,0.0083315,0.0072055,5628.8892
3/23/2017,0.0765205,0.009013475,0.0083595,0.0071995,5609.3792
3/24/2017,0.0763075,0.008981095,0.008317,0.0072015,5656.326
3/27/2017,0.076721,0.009036689,0.008317,0.007195,5615.995
3/28/2017,0.076691,0.008996446,0.00832,0.007226,5705.58615
3/29/2017,0.076541,0.009005358,0.008364,0.0072425,5820.9789
3/30/2017,0.0765015,0.008935353,0.0083695,0.007165,5927.0184
3/31/2017,0.0771705,0.008977064,0.008427,0.0071505,5884.99785
4/3/2017,0.0773575,0.009017539,0.0084525,0.0072215,5890.7424
4/4/2017,0.077559,0.009029753,0.00846,0.0072585,5999.05665
4/5/2017,0.0777735,0.009033016,0.008471,0.0072365,6017.9238
4/6/2017,0.0778325,0.009024049,0.008478,0.007237,6082.63535
4/7/2017,0.0779495,0.009003331,0.008502,0.007276,6135.5068
4/10/2017,0.077759,0.009014288,0.008507,0.007261,6210.1413
4/11/2017,0.0784265,0.009122423,0.0086045,0.007304,6163.9326
4/12/2017,0.0784025,0.009171788,0.008599,0.007314,6090.4158
4/13/2017,0.078697,0.009166323,0.008636,0.007331,6097.31955
4/17/2017,0.078579,0.009182315,0.008627,0.007308,6028.9808
4/18/2017,0.078498,0.009222965,0.0085945,0.007184,5951.44825
4/19/2017,0.0788175,0.009185689,0.008576,0.007188,5762.22445
4/20/2017,0.078862,0.009147457,0.008535,0.0071385,5792.8668
4/21/2017,0.0794875,0.009167163,0.008545,0.0071545,5668.0566
4/24/2017,0.0778725,0.009110372,0.0083835,0.0071205,5663.874
4/25/2017,0.077107,0.009001305,0.0082385,0.0070095,5788.0495
4/26/2017,0.077295,0.009004547,0.0082585,0.00701,5754.8701
4/27/2017,0.076976,0.008987552,0.008266,0.006965,5723.4716
4/28/2017,0.076952,0.008964992,0.008227,0.0069225,5770.22285
5/1/2017,0.07685,0.008941345,0.0082035,0.006939,5761.9968
5/2/2017,0.0767065,0.008929767,0.00817,0.0069015,5650.7631
5/3/2017,0.076736,0.008868786,0.0081475,0.0068925,5726.82645
5/4/2017,0.077161,0.008892051,0.008095,0.0068805,5440.8148
5/5/2017,0.076235,0.008871147,0.0080665,0.006834,5534.7975
5/8/2017,0.0763495,0.008829632,0.0080825,0.0068235,5588.0017
5/9/2017,0.076241,0.008773084,0.0080675,0.0067825,5554.48905
5/10/2017,0.075438,0.008750055,0.0080515,0.006763,5739.3927
5/11/2017,0.0755185,0.00878233,0.008086,0.0068155,5780.92605
5/12/2017,0.0755155,0.008822621,0.008071,0.006844,5762.4598
5/15/2017,0.0751715,0.008788505,0.0080075,0.006816,5896.3387
5/16/2017,0.07482,0.00884017,0.007977,0.0068435,5842.648
5/17/2017,0.0758375,0.009023642,0.008087,0.006956,5785.9122
5/18/2017,0.076064,0.008969012,0.0080785,0.006935,5854.60245
5/19/2017,0.0752615,0.008986745,0.008019,0.006894,5965.45275
5/22/2017,0.074915,0.00898513,0.007996,0.0069115,5995.46165
5/23/2017,0.074915,0.008945744,0.007999,0.006901,6053.15775
5/24/2017,0.0747175,0.00896861,0.007994,0.006913,6016.54
5/25/2017,0.075097,0.008941745,0.0079765,0.0069105,5755.0291
5/26/2017,0.075235,0.008981095,0.008031,0.007015,5806.64175
5/29/2017,0.075614,0.008987956,0.008051,0.0069995,5817.7854
5/30/2017,0.0760665,0.0090212,0.0080655,0.007016,5746.464
5/31/2017,0.076148,0.009027308,0.008029,0.007003,5573.09025
6/1/2017,0.075912,0.008980288,0.0080085,0.0069715,5637.90365
6/2/2017,0.0761995,0.00905674,0.0080275,0.007028,5515.22925
6/5/2017,0.0765085,0.009052641,0.0080445,0.0070165,5464.70355
6/6/2017,0.0772625,0.00914035,0.008105,0.0070795,5483.3786
6/7/2017,0.077352,0.009106224,0.0080895,0.0070265,5277.7089
6/8/2017,0.077222,0.009090496,0.008106,0.007018,5264.8393
6/9/2017,0.076974,0.009062486,0.0080945,0.0071105,5313.11175
6/12/2017,0.0770835,0.009096284,0.0081195,0.007187,5308.76115
6/13/2017,0.0765905,0.009085128,0.008105,0.0071235,5362.6104
6/14/2017,0.076876,0.009126169,0.0081355,0.0071565,5150.025
6/15/2017,0.0766985,0.009014288,0.0080895,0.007068,5205.0702
6/16/2017,0.0761925,0.009019979,0.0080555,0.00706,5251.67505
6/19/2017,0.0762375,0.008966599,0.0080425,0.0070395,5231.63775
6/20/2017,0.076668,0.008973036,0.008058,0.0071035,5128.6989
6/21/2017,0.0766105,0.008978273,0.00804,0.007086,4992.0516
6/22/2017,0.0762595,0.008982305,0.0080545,0.007083,5034.3426
6/23/2017,0.075914,0.008985533,0.0080275,0.007065,5068.1466
6/26/2017,0.0758285,0.008940945,0.0079965,0.0070285,5125.85635
6/27/2017,0.0749395,0.00890036,0.0078495,0.006945,5241.36075
6/28/2017,0.0750305,0.00890472,0.007826,0.006889,5312.913
6/29/2017,0.074763,0.008914245,0.0077915,0.006853,5319.5756
6/30/2017,0.0742765,0.00889838,0.007788,0.006831,5385.2496
7/3/2017,0.0738055,0.008819509,0.0077615,0.006818,5632.9668
7/4/2017,0.073761,0.008827684,0.007781,0.0068325,5619.8208
7/5/2017,0.074092,0.008828853,0.0077775,0.0068255,5412.93435
7/6/2017,0.0737435,0.008832362,0.007732,0.006809,5447.0142
7/7/2017,0.073444,0.008780017,0.007701,0.0068105,5320.03545
7/10/2017,0.0730265,0.008768853,0.0076925,0.0068075,5346.1952
7/11/2017,0.072646,0.008776549,0.007653,0.0068305,5414.4288
7/12/2017,0.073206,0.008837435,0.007744,0.006859,5402.0197
7/13/2017,0.072914,0.008827684,0.007745,0.006822,5485.0176
7/14/2017,0.072735,0.008886519,0.007748,0.0067855,5503.8423
7/17/2017,0.0724385,0.008878235,0.0077345,0.0068005,5453.7867
7/18/2017,0.0721695,0.008922596,0.007722,0.0068425,5473.743
7/19/2017,0.0719185,0.008930565,0.0077555,0.00686,5565.1575
7/20/2017,0.0719,0.008935752,0.0076835,0.0068885,5517.163
7/21/2017,0.072322,0.008998875,0.007716,0.0069245,5340.6675
7/24/2017,0.072065,0.009000495,0.007731,0.0069085,5399.703
7/25/2017,0.0712565,0.008937349,0.0076735,0.006862,5616.878
7/26/2017,0.0709935,0.008995233,0.0076655,0.006855,5666.3349
7/27/2017,0.07148,0.008988764,0.007698,0.006879,5728.2625
7/28/2017,0.071495,0.009036281,0.007689,0.006879,5812.1258
7/31/2017,0.071329,0.009069883,0.007659,0.0068635,5804.92575
8/1/2017,0.0718395,0.009061254,0.007678,0.006863,5714.4408
8/2/2017,0.0713225,0.009030568,0.007617,0.0068295,5798.0846
8/3/2017,0.0718485,0.009087192,0.0076555,0.006916,5723.44045
8/4/2017,0.0718085,0.009034648,0.0076745,0.0069305,5802.1077
8/7/2017,0.071556,0.009029753,0.0076555,0.006927,5799.71565
8/8/2017,0.0721315,0.00906495,0.007713,0.006978,5751.8241
8/9/2017,0.072276,0.00908389,0.007725,0.006985,5801.4795
8/10/2017,0.0728325,0.009156251,0.007778,0.0070565,5668.2585
8/11/2017,0.072662,0.009158767,0.0077485,0.0070385,5688.5385
8/14/2017,0.0725215,0.009121175,0.007743,0.007035,5561.78355
8/15/2017,0.0719025,0.009035464,0.0076995,0.007021,5622.29
8/16/2017,0.0718975,0.009074822,0.0077115,0.007039,5539.50265
8/17/2017,0.0727265,0.009126586,0.0077845,0.0070925,5591.3571
8/18/2017,0.0724085,0.009157928,0.007786,0.0071125,5756.7604
8/21/2017,0.0724755,0.009175996,0.0077665,0.007113,5629.9068
8/22/2017,0.0721885,0.009126586,0.007759,0.007117,5683.3959
8/23/2017,0.072162,0.009171367,0.0077675,0.007165,5731.96995
8/24/2017,0.071595,0.009127835,0.007736,0.0071315,5701.2422
8/25/2017,0.070945,0.009144529,0.007669,0.007095,5731.29555
8/28/2017,0.0709585,0.009152899,0.0076405,0.0070775,5669.24195
8/29/2017,0.0706015,0.009111202,0.00761,0.0070525,5707.26
8/30/2017,0.0708425,0.009071529,0.0076325,0.0070175,5606.5521
8/31/2017,0.0705735,0.009092976,0.0076345,0.007032,5760.4905
9/1/2017,0.0707285,0.009069061,0.0076475,0.007003,5816.47875
9/4/2017,0.0711665,0.009112448,0.00766,0.0070465,5743.7916
9/5/2017,0.071493,0.009189909,0.0077135,0.007051,5808.5447
9/6/2017,0.0714215,0.009154575,0.007682,0.007019,5920.537
9/7/2017,0.0713035,0.009220414,0.007669,0.007038,5909.71295
9/8/2017,0.0717655,0.009272567,0.0077045,0.0070255,5799.9041
9/11/2017,0.0716705,0.00914035,0.007647,0.0069435,5890.3652
9/12/2017,0.071117,0.009076469,0.007585,0.006833,5979.19725
9/13/2017,0.0713135,0.009051002,0.007615,0.006851,6094.3526
9/14/2017,0.071442,0.009071529,0.007611,0.006771,6114.73545
9/15/2017,0.070827,0.009021607,0.0075535,0.006637,6165.1989
9/18/2017,0.070199,0.008962983,0.007498,0.0066425,6189.9036
9/19/2017,0.069893,0.008960975,0.007471,0.006633,6153.3483
9/20/2017,0.0700815,0.008910671,0.0074925,0.0066035,6317.14525
9/21/2017,0.06937,0.00889126,0.007445,0.0065465,6346.6821
9/22/2017,0.069652,0.008929767,0.007474,0.006618,6367.4671
9/25/2017,0.0699705,0.008949747,0.007554,0.006646,6594.5997
9/26/2017,0.0703055,0.008909877,0.0075555,0.00662,6559.0134
9/27/2017,0.0704865,0.008862891,0.0075455,0.006621,6532.857
9/28/2017,0.07067,0.008901153,0.0075525,0.006622,6449.72645
9/29/2017,0.070775,0.008889679,0.0075245,0.0066355,6472.6746
10/2/2017,0.0709605,0.008868,0.007558,0.006679,6328.3718
10/3/2017,0.0707165,0.008860928,0.007545,0.0066925,6319.88
10/4/2017,0.0705835,0.008868786,0.007541,0.006695,6291.729
10/5/2017,0.0709535,0.008863677,0.0075685,0.0067565,6430.74
10/6/2017,0.0709085,0.008877447,0.0075655,0.0067945,6265.3149
10/9/2017,0.0708675,0.008875477,0.0075595,0.0067535,6285.8593
10/10/2017,0.0707135,0.008892446,0.0075315,0.006735,6366.07755
10/11/2017,0.070413,0.008889284,0.007496,0.006723,6405.4653
10/12/2017,0.070378,0.008905909,0.007528,0.006715,6316.03125
10/13/2017,0.070527,0.008940146,0.0075615,0.006729,6394.75035
10/16/2017,0.070402,0.00891345,0.007556,0.0067275,6486.8258
10/17/2017,0.070808,0.008912259,0.0075745,0.006756,6494.4254
10/18/2017,0.0704865,0.008854651,0.007512,0.0067055,6567.17025
10/19/2017,0.07046,0.008885335,0.007497,0.006752,6440.95035
10/20/2017,0.070341,0.008809408,0.0074745,0.006679,6555.49125
10/23/2017,0.0705375,0.008815621,0.0075035,0.0066795,6507.76595
10/24/2017,0.070282,0.008779631,0.007465,0.0066835,6643.787
10/25/2017,0.070463,0.008791595,0.0074425,0.006628,6647.2578
10/26/2017,0.071684,0.008773084,0.0075305,0.0066665,6759.3105
10/27/2017,0.0716575,0.008796235,0.0075765,0.0067,6871.1214
10/30/2017,0.0720195,0.008835093,0.0075835,0.0066895,6892.9665
10/31/2017,0.0718885,0.008800106,0.0075565,0.006625,6973.77995
11/1/2017,0.07138,0.008758485,0.007538,0.0066125,6906.44575
11/2/2017,0.0713135,0.008764626,0.007519,0.006712,6916.4389
11/3/2017,0.071637,0.008766163,0.007551,0.006704,7080.63525
11/6/2017,0.0715515,0.008795075,0.007575,0.006677,7307.499
11/7/2017,0.0716725,0.008770776,0.00757,0.006661,7261.61535
11/8/2017,0.0717105,0.008781559,0.0075735,0.0066955,7229.92375
11/9/2017,0.0716695,0.008812514,0.0075705,0.0067045,7254.45675
11/10/2017,0.0716475,0.008807857,0.0075505,0.0066775,7211.7432
11/13/2017,0.0718775,0.00880088,0.007544,0.00671,7176.555
11/14/2017,0.0720995,0.008814067,0.007471,0.006695,7058.03555
11/15/2017,0.073032,0.008859358,0.007513,0.006726,6983.57625
11/16/2017,0.0725945,0.00884447,0.0075145,0.006703,6937.6684
11/17/2017,0.073511,0.0089218,0.007564,0.006752,7029.9712
11/20/2017,0.073638,0.008879023,0.007568,0.0067085,7007.5275
11/21/2017,0.073034,0.008893237,0.0075765,0.006717,7035.68365
11/22/2017,0.0733125,0.008991593,0.007606,0.006747,7042.1338
11/23/2017,0.0731675,0.008991189,0.0075865,0.0067555,7068.031
11/24/2017,0.072887,0.008964992,0.0075145,0.0067215,7123.2637
11/27/2017,0.0733795,0.009001305,0.0075655,0.0067585,7092.3048
11/28/2017,0.0739545,0.008969817,0.007575,0.006724,7091.56085
11/29/2017,0.073759,0.008934155,0.007541,0.0066625,7063.9023
11/30/2017,0.0739255,0.008886124,0.007465,0.0065695,7153.84995
12/1/2017,0.073886,0.008919811,0.007501,0.006621,7144.7703
12/4/2017,0.074055,0.00889561,0.0074965,0.0065995,7020.31675
12/5/2017,0.0733905,0.008881389,0.00751,0.0066065,7077.7217
12/6/2017,0.0736575,0.008905116,0.0075495,0.0066495,6874.6999
12/7/2017,0.073541,0.008842906,0.007511,0.006563,7033.887
12/8/2017,0.0731425,0.008811737,0.00749,0.0065805,7194.949
12/11/2017,0.073829,0.008805918,0.007482,0.0066015,7346.1964
12/12/2017,0.073505,0.008807081,0.0075005,0.0066135,7191.9403
12/13/2017,0.0739705,0.008885335,0.007513,0.006621,7027.3098
12/14/2017,0.07384,0.008897589,0.0075545,0.006625,7115.4109
12/15/2017,0.0744415,0.008882178,0.0075565,0.0066675,7118.74955
12/18/2017,0.0742795,0.00888494,0.0075415,0.006639,7136.7955
12/19/2017,0.0739365,0.008858181,0.0074815,0.0066175,7202.382
12/20/2017,0.0741795,0.008818731,0.007429,0.0065935,7320.7812
12/21/2017,0.073713,0.008823789,0.0074315,0.006592,7355.117
12/22/2017,0.073519,0.008828463,0.0074445,0.006607,7390.8675
12/26/2017,0.073391,0.008831192,0.007447,0.006603,7589.0097
12/27/2017,0.0729655,0.008821843,0.007421,0.006585,7531.3062
12/28/2017,0.0730955,0.008858573,0.0074175,0.0065895,7531.6872
12/29/2017,0.0728535,0.008874296,0.0073965,0.0065665,7535.24595
1/2/2018,0.072379,0.008905116,0.0073845,0.006554,7475.47815
1/3/2018,0.072034,0.008888494,0.007398,0.0065765,7632.3392
1/4/2018,0.0715375,0.00886918,0.0073495,0.0065445,7674.8925
1/5/2018,0.0711795,0.008843297,0.0073515,0.0065165,7646.4696
1/8/2018,0.0714235,0.008842124,0.007389,0.006517,7665.5791
1/9/2018,0.071925,0.008876659,0.007436,0.006556,7752.9171
1/10/2018,0.0724385,0.008973841,0.0075115,0.006644,7711.302
1/11/2018,0.072038,0.00898836,0.0074705,0.006639,7705.5213
1/12/2018,0.071376,0.009005764,0.00739,0.0065595,7758.3648
1/15/2018,0.071294,0.009046499,0.0073775,0.0065595,7766.5404
1/16/2018,0.0712805,0.009053461,0.007384,0.006564,7637.96325
1/17/2018,0.0707925,0.008985937,0.0073745,0.0064995,7720.9533
1/18/2018,0.0706255,0.00900009,0.007354,0.006478,7701.0341
1/19/2018,0.071025,0.009027308,0.0073865,0.006517,7600.27275
1/22/2018,0.070793,0.009015507,0.0073525,0.006445,7656.8076
1/23/2018,0.070919,0.009065772,0.007371,0.0064745,7716.9378
1/24/2018,0.070978,0.009155413,0.0073785,0.006428,7703.63925
1/25/2018,0.070757,0.00914035,0.0073725,0.0064625,7704.3001
1/26/2018,0.070741,0.009198363,0.0074055,0.006491,7666.5818
1/29/2018,0.070777,0.009178101,0.007412,0.0065215,7568.0143
1/30/2018,0.0709935,0.009193289,0.007413,0.0064985,7507.6505
1/31/2018,0.070624,0.009158767,0.0073725,0.006452,7539.22425
2/1/2018,0.069849,0.00914035,0.0073065,0.0064075,7620.05825
2/2/2018,0.0702385,0.00908224,0.007288,0.006431,7551.0009
2/5/2018,0.071831,0.009165483,0.007411,0.0065665,7377.6801
2/6/2018,0.0713345,0.009127002,0.0073745,0.0065435,7325.5159
2/7/2018,0.0723185,0.009147039,0.0074575,0.006589,7161.88075
2/8/2018,0.0728775,0.009195825,0.0075085,0.0066095,7047.76345
2/9/2018,0.073228,0.009191599,0.0075125,0.0066425,6831.23805
2/12/2018,0.0728385,0.009203442,0.0074875,0.006651,6800.71645
2/13/2018,0.073009,0.009274287,0.0075085,0.006676,6762.784
2/14/2018,0.0728685,0.009344484,0.0075055,0.0066755,6887.4854
2/15/2018,0.073176,0.00942285,0.0075345,0.0066835,6827.02125
2/16/2018,0.073187,0.00940601,0.007582,0.006698,6893.4646
2/19/2018,0.072973,0.009380863,0.007561,0.0066985,7000.422
2/20/2018,0.073049,0.009317494,0.007551,0.006657,7002.95625
2/21/2018,0.0729995,0.00927859,0.0075535,0.0066665,7050.6405
2/22/2018,0.073575,0.009367243,0.007597,0.006709,7087.46445
2/23/2018,0.07342,0.00935585,0.0076105,0.0066985,7194.42935
2/26/2018,0.07316,0.009351475,0.0075915,0.0066945,7218.1125
2/27/2018,0.073306,0.00931706,0.007616,0.006698,7151.3979
2/28/2018,0.0740715,0.009374268,0.0076875,0.0068125,7017.0815
3/1/2018,0.0738355,0.009412651,0.007673,0.0068325,6781.2992
3/2/2018,0.0736255,0.009456265,0.007677,0.00685,6807.1275
3/5/2018,0.073622,0.009415753,0.0076325,0.0067985,6960.6757
3/6/2018,0.0732815,0.00942285,0.0075965,0.006785,6981.96375
3/7/2018,0.073625,0.009427292,0.007596,0.006782,6824.8655
3/8/2018,0.0738175,0.009415753,0.0076475,0.006817,6755.70005
3/9/2018,0.0728225,0.009363734,0.007608,0.0067615,6994.00455
3/12/2018,0.0727775,0.009397171,0.0076185,0.006758,6911.65425
3/13/2018,0.072595,0.009383064,0.007573,0.006721,6889.008
3/14/2018,0.072702,0.009405126,0.007605,0.0067365,6899.42925
3/15/2018,0.0725395,0.009403357,0.0076425,0.0067465,6925.1864
3/16/2018,0.0728025,0.009432627,0.007678,0.0067685,7019.25315
3/19/2018,0.072797,0.009425515,0.0076415,0.006721,7007.57475
3/20/2018,0.07272,0.009386587,0.0076675,0.0067055,7182.5897
3/21/2018,0.07257,0.00942907,0.0076425,0.006668,7367.64085
3/22/2018,0.073617,0.009498931,0.007721,0.0067385,7254.50025
3/23/2018,0.0740485,0.009547451,0.007729,0.006755,7378.933
3/26/2018,0.0728705,0.009486766,0.0076245,0.0066675,7391.3492
3/27/2018,0.0732635,0.009492619,0.0076535,0.0067055,7385.73795
3/28/2018,0.073581,0.009358476,0.0076035,0.006648,7429.62815
3/29/2018,0.0736815,0.009395847,0.007638,0.0067035,7478.8361
4/2/2018,0.074483,0.009443316,0.0076765,0.0067235,7162.7378
4/3/2018,0.0735255,0.009380423,0.0076445,0.0066725,7261.9326
4/4/2018,0.073277,0.00936505,0.0076275,0.0066505,7263.1756
4/5/2018,0.072928,0.009312721,0.007608,0.00665,7337.2754
4/6/2018,0.073223,0.009351912,0.0076135,0.0066365,7176.0723
4/9/2018,0.072917,0.009366365,0.0076025,0.006628,7329.41725
4/10/2018,0.0727125,0.009327923,0.0075495,0.0065805,7615.8432
4/11/2018,0.072687,0.009363734,0.0075715,0.006605,7695.6477
4/12/2018,0.0723975,0.009316626,0.007558,0.006548,7730.2667
4/13/2018,0.072429,0.009315758,0.0075545,0.0065415,7791.1001
4/16/2018,0.072588,0.009335761,0.007541,0.006511,7650.1533
4/17/2018,0.072533,0.009345358,0.0075545,0.006541,7659.4179
4/18/2018,0.0723795,0.009325314,0.0075365,0.006566,7879.6278
4/19/2018,0.072569,0.009313155,0.0075435,0.006609,7922.1275
4/20/2018,0.0726625,0.009288069,0.0075585,0.0066325,7973.6699
4/23/2018,0.072552,0.009198786,0.0075345,0.0065985,8121.7241
4/24/2018,0.072495,0.00919498,0.0075285,0.0065925,8150.0997
