date,urals,jpy,eur,henry hub natural gas,cny,krw,uah,rub
2015-03-23,68.32487309999999,0.010713,1.3889200000000002,3.63148216,0.2042,0.00115,0.056091370999999994,0.0216
2015-03-24,68.00812492,0.0106,1.38687,3.40877296,0.2046,0.00115,0.054716263,0.022
2015-03-25,69.64945825,0.0106,1.39835,3.52573461,0.2052,0.001158,0.057233907,0.0222
2015-03-26,72.99437915,0.010669,1.39037,3.4948642,0.2056,0.0011560000000000001,0.054547777,0.0223
2015-03-27,70.17543859999999,0.010717,1.40462,3.49228386,0.2076,0.001169,0.055082559,0.0223
2015-03-30,71.77946172,0.010835,1.4154,3.39750961,0.2105,0.001179,0.055395871,0.0227
2015-03-31,70.35625082,0.010882,1.4108,3.41492976,0.212,0.001185,0.05613251,0.0226
2015-04-02,71.60168599,0.010943000000000001,1.4330100000000001,3.44950986,0.2125,0.001207,0.056111697,0.0233
2015-04-08,72.01978136,0.011022,1.40295,3.448818,0.2098,0.001191,0.055309735,0.0243
2015-04-09,72.49089964,0.010834,1.3856700000000002,3.47395048,0.2095,0.001185,0.055772231,0.025
2015-04-13,75.10870997,0.010782,1.39235,3.4169199999999997,0.212,0.001196,0.05850573200000001,0.0253
2015-04-14,76.19984264,0.010968,1.39723,3.36949848,0.2111,0.001201,0.059664305999999986,0.0257
2015-04-15,79.52356157,0.010981999999999999,1.39125,3.34395336,0.2098,0.001192,0.058057797,0.0262
2015-04-16,79.55914392,0.010926,1.3790799999999999,3.3605967000000003,0.2068,0.001182,0.06125849,0.0257
2015-04-17,79.9537394,0.010768999999999999,1.38847,3.30562925,0.2073,0.001186,0.061295297,0.0247
2015-04-20,80.34951456,0.010806,1.39,3.38622546,0.2087,0.0011949999999999999,0.05669902900000001,0.0243
2015-04-21,78.30372196,0.010863,1.39224,3.2965737,0.2091,0.0011970000000000001,0.057061340999999995,0.0241
2015-04-22,79.08446164,0.010837000000000001,1.3829200000000001,3.32836416,0.2082,0.00119,0.057124435999999994,0.0247
2015-04-23,81.88480329,0.010753,1.39152,3.3496052000000005,0.2074,0.001189,0.057084083,0.0253
2015-04-24,82.06799591,0.01075,1.39002,3.28213496,0.2063,0.001187,0.055725971,0.0251
2015-04-27,80.32578264,0.010744,1.38582,3.27270366,0.2046,0.00119,0.055484856,0.0246
2015-04-28,78.75841436,0.010689,1.36853,3.15924196,0.2009,0.0011710000000000002,0.055098479000000006,0.0243
2015-04-29,80.18231768,0.010487,1.38986,3.15813644,0.2014,0.001167,0.060314685,0.0245
2015-04-30,82.28969007,0.010490000000000001,1.41982,3.183675,0.2039,0.001174,0.059582542999999995,0.0245
2015-05-05,84.13497859,0.010604,1.40842,3.39593894,0.2029,0.001165,0.060312264000000004,0.0249
2015-05-06,83.56130004,0.010504000000000001,1.4239600000000001,3.47524191,0.2024,0.001161,0.059731459,0.0247
2015-05-08,81.85829551,0.010506,1.41266,3.44665368,0.203,0.001159,0.059757943,0.0247
2015-05-11,81.30781903,0.010526,1.41369,3.48765284,0.2041,0.001155,0.06006843200000001,0.0247
2015-05-13,81.07974855,0.010554000000000001,1.3995799999999998,3.60711599,0.1987,0.0011279999999999999,0.059534080999999996,0.025
2015-05-14,81.00482614,0.010343999999999999,1.41201,3.5283175000000004,0.1996,0.001137,0.060388566,0.0247
2015-05-15,81.88946975,0.010385,1.42408,3.5573175000000004,0.2005,0.001147,0.059248195,0.0251
2015-05-18,81.30396696,0.010428,1.41602,3.6815267999999994,0.2017,0.0011480000000000001,0.057940183,0.0254
2015-05-19,79.77258370000001,0.010431000000000001,1.40889,3.76638925,0.2036,0.0011539999999999999,0.059886292,0.0255
2015-05-20,80.82539683,0.010469,1.40872,3.8809666,0.2047,0.001158,0.061333333,0.0255
2015-05-21,82.9154002,0.010465,1.40745,3.78870226,0.2044,0.001158,0.061043565999999994,0.0253
2015-05-22,82.16796625,0.010465,1.40777,3.71223815,0.20600000000000002,0.001165,0.061613192000000004,0.0256
2015-05-26,80.73691015,0.010506999999999999,1.40575,3.68258694,0.2084,0.001167,0.059987072,0.0254
2015-05-27,78.92353474,0.0105,1.4107100000000001,3.64401536,0.2086,0.001166,0.061327467999999996,0.0249
2015-05-28,80.40266702,0.010462,1.4314,3.6539736000000014,0.2108,0.001179,0.062361093,0.0249
2015-05-29,83.93721387,0.010546,1.43671,3.61976752,0.2111,0.001173,0.062132112,0.025
2015-06-01,84.36760452,0.010539,1.4367299999999998,3.45652344,0.2121,0.001178,0.062450697,0.0245
2015-06-02,83.33762223,0.010537000000000001,1.43471,3.41795706,0.2076,0.0011619999999999998,0.06111683,0.0244
2015-06-03,81.25080262,0.010366,1.4479799999999998,3.3760383999999997,0.2072,0.00116,0.06138435900000001,0.0236
2015-06-04,79.90374609999998,0.010338,1.4617200000000001,3.38400207,0.2098,0.001168,0.061784599,0.0231
2015-06-05,81.8706546,0.010458,1.4580799999999998,3.36829272,0.2114,0.001167,0.062311425999999996,0.0233
2015-06-08,80.44917565,0.010452,1.4659200000000001,3.3529941,0.2092,0.001161,0.061404648,0.0233
2015-06-10,83.49439505,0.01043,1.4598,3.44621328,0.2076,0.00116,0.06107460400000001,0.0237
2015-06-11,82.75950999,0.0105,1.4516799999999999,3.7586758000000002,0.2078,0.001158,0.061379755,0.0235
2015-06-15,80.40175122,0.010447,1.4530399999999999,3.7016387,0.2074,0.001153,0.060005151,0.0236
2015-06-16,80.28895769,0.010435,1.45096,3.6892605000000014,0.2078,0.001153,0.059339525,0.024
2015-06-17,80.50070977,0.010456,1.46302,3.78675943,0.2078,0.001157,0.059362498,0.024
2015-06-18,80.83333333,0.010454000000000001,1.45655,3.78406281,0.2065,0.00116,0.060641025999999994,0.024
2015-06-19,79.18167782,0.010426999999999999,1.4622,3.66539569,0.2072,0.001166,0.059315492000000004,0.0238
2015-06-23,81.79937952,0.010490000000000001,1.44346,3.59085,0.2083,0.001168,0.060108583,0.024
2015-06-24,80.81516096,0.010429,1.45441,3.657775,0.2091,0.001169,0.06152648,0.0238
2015-06-25,80.43422073,0.01048,1.44779,3.5909169999999997,0.2081,0.0011619999999999998,0.061514603,0.0236
2015-06-26,81.00587851,0.010452,1.4586,3.605517,0.2103,0.001163,0.06231221400000001,0.0238
2015-06-29,79.16395364,0.010546,1.46317,3.61531588,0.2097,0.001163,0.06172678700000001,0.0234
2015-06-30,80.78370313,0.010626,1.44605,3.64694132,0.2093,0.001159,0.061762035,0.0235
2015-07-01,80.64094179,0.010594,1.44585,3.599265,0.2109,0.0011619999999999998,0.062262917,0.0234
2015-07-07,76.25822037,0.010619,1.47769,3.6796656000000003,0.2161,0.001182,0.06227352,0.0237
2015-07-08,76.22829452,0.010951,1.49091,3.66419214,0.2168,0.001185,0.062323328,0.0234
2015-07-09,77.44058009999998,0.011151000000000001,1.48189,3.644968,0.2163,0.001186,0.061232710999999995,0.0235
2015-07-10,77.80016116,0.011068000000000001,1.4986,3.60555221,0.2163,0.001187,0.061240935,0.0238
2015-07-13,76.85972729,0.010939,1.4858,3.69097311,0.2175,0.001188,0.060753340999999995,0.0239
2015-07-14,77.36178207,0.01094,1.47714,3.88818885,0.2161,0.001174,0.060386472999999996,0.0238
2015-07-15,76.08076975,0.010874,1.4839200000000001,3.9559476000000013,0.2182,0.001181,0.060441794000000014,0.0238
2015-07-16,75.55705604,0.010946,1.46879,3.95501568,0.2175,0.001178,0.061174882,0.0237
2015-07-17,75.91914259,0.010879,1.46943,3.91737536,0.2184,0.001179,0.062135395,0.0238
2015-07-20,74.98643516,0.010928,1.46853,3.85661279,0.2184,0.001173,0.059549647000000004,0.0238
2015-07-21,75.14489823,0.010915000000000001,1.47383,3.8473053,0.217,0.001173,0.061059442,0.0236
2015-07-22,74.27138403,0.010879999999999999,1.4815399999999999,3.8836857000000014,0.2183,0.001172,0.061407076,0.0236
2015-07-23,73.64056552,0.010936,1.4934,3.9217508000000003,0.2189,0.00117,0.061174550999999994,0.0235
2015-07-24,73.27657237,0.010971,1.50784,3.9599322,0.2211,0.001173,0.062482834,0.0235
2015-07-27,70.98638052,0.011092,1.52535,3.86666348,0.2215,0.001178,0.062181868,0.0229
2015-07-28,70.41428182,0.011161,1.50757,3.89060948,0.2195,0.001175,0.060915780999999995,0.0227
2015-07-29,71.5010281,0.011033,1.5056399999999999,3.9193065000000002,0.2208,0.00118,0.062234407,0.0234
2015-07-30,71.31495955,0.011059999999999999,1.4990700000000001,3.97653777,0.2208,0.001169,0.06499383,0.023
2015-07-31,69.11603722,0.011047,1.5028700000000002,3.90463962,0.2205,0.001173,0.064449918,0.0222
2015-08-04,66.62601626,0.011052,1.47451,3.78691916,0.2182,0.001159,0.062872629,0.0216
2015-08-05,66.23164763,0.010898999999999999,1.4825700000000002,3.82086176,0.2189,0.001158,0.062941816,0.0214
2015-08-06,66.25374353,0.010888,1.48718,3.88205225,0.2192,0.001169,0.06398039700000001,0.0213
2015-08-07,64.1547587,0.010911,1.47832,3.7620762,0.2171,0.001157,0.063763818,0.0211
2015-08-10,66.26197221,0.010849,1.48641,3.77668101,0.2172,0.001164,0.06286253900000001,0.0214
2015-08-12,66.06586258,0.010824,1.51235,3.8480225,0.2122,0.001155,0.063423228,0.021
2015-08-13,65.29891304,0.01091,1.51486,3.9490528,0.2124,0.001153,0.0625,0.021
2015-08-14,63.85689118,0.010921,1.50581,3.96154174,0.2121,0.00115,0.061525952,0.0209
2015-08-17,63.49701574,0.0109,1.50273,3.830043,0.2121,0.001146,0.060770483,0.0207
2015-08-18,63.77877673,0.010906,1.50166,3.7496373,0.213,0.0011480000000000001,0.063887754,0.0207
2015-08-19,61.44529124,0.01095,1.51334,3.69183444,0.2128,0.001149,0.063418617,0.0204
2015-08-20,60.48793785,0.010992,1.5322,3.7179788,0.2133,0.00115,0.061469265,0.0201
2015-08-21,59.40404593,0.011041,1.55664,3.69373312,0.214,0.001143,0.062055768,0.0198
2015-08-24,56.69368362,0.011198,1.6236,3.68626684,0.2182,0.001173,0.06302403599999999,0.0197
2015-08-25,58.48527349,0.0118,1.6154700000000002,3.6824125,0.2187,0.001178,0.062131837,0.0203
2015-08-26,58.84582982,0.011798999999999999,1.58844,3.78153893,0.2191,0.001186,0.064448189,0.0204
2015-08-27,63.92687692,0.011706999999999999,1.56939,3.81522052,0.2179,0.001189,0.06558749700000001,0.0212
2015-08-28,67.12672522,0.011531,1.5594,3.7445559,0.2182,0.001181,0.065802314,0.0214
2015-08-31,71.93870378,0.01146,1.57607,3.7019328000000002,0.2204,0.001188,0.063123858,0.022
2015-09-01,67.73044593,0.011595000000000001,1.6122299999999998,3.7644646,0.2239,0.001207,0.06525146,0.0215
2015-09-02,70.22304305,0.011937999999999999,1.59503,3.91193088,0.2236,0.0012,0.064213667,0.0212
2015-09-09,66.24394414,0.012164,1.5969799999999998,3.86259932,0.2234,0.001196,0.064548304,0.0208
2015-09-10,67.57635747,0.011821,1.5950600000000001,3.89084384,0.2217,0.001196,0.065893665,0.0209
2015-09-11,66.53976311,0.011720999999999999,1.59877,3.82983093,0.2212,0.001192,0.064720812,0.0208
2015-09-14,63.89745027,0.011696,1.58556,3.75788538,0.22,0.001184,0.063743345,0.0207
2015-09-15,64.68776253,0.011652,1.578,3.78593225,0.2198,0.001188,0.063567628,0.021
2015-09-16,67.16687509,0.011629,1.56861,3.82379921,0.2181,0.001188,0.06391552,0.0212
2015-09-17,66.42966681,0.011525,1.5939,3.72844535,0.21899999999999997,0.001194,0.064826432,0.0213
2015-09-18,64.12574767,0.011615,1.56734,3.73023805,0.2186,0.001185,0.063847545,0.0209
2015-09-21,65.73191251,0.0116,1.56908,3.65075775,0.2201,0.00119,0.06463825,0.0211
2015-09-22,66.73719848,0.011631,1.5684,3.63408174,0.2212,0.00119,0.064889265,0.0214
2015-09-23,65.62901614,0.011739,1.59725,3.64769405,0.2236,0.0011949999999999999,0.067399686,0.0215
2015-09-24,66.17312073,0.011871,1.59854,3.69654752,0.223,0.0011949999999999999,0.066486333,0.0215
2015-09-25,66.27277904,0.011857,1.5938,3.6486867999999997,0.2233,0.001193,0.066059226,0.0217
2015-09-28,65.274002,0.011801,1.60877,3.62250105,0.2246,0.001196,0.066533123,0.0216
2015-09-29,66.22763064,0.011931,1.61043,3.76932222,0.2251,0.0011970000000000001,0.066714388,0.0218
2015-09-30,66.62866914,0.011956999999999999,1.5927,3.62331308,0.2243,0.001202,0.067255628,0.0218
2015-10-08,71.30853994,0.011561,1.55325,3.41952478,0.2169,0.001196,0.064738292,0.0224
2015-10-09,69.72464558,0.011488,1.54795,3.3584616,0.2148,0.001188,0.062431843,0.0221
2015-10-12,67.83678794,0.011337999999999999,1.54282,3.22675878,0.2148,0.001187,0.062618854,0.0218
2015-10-13,65.9489303,0.011316,1.5707,3.3078961000000002,0.2177,0.0012,0.064182195,0.0219
2015-10-14,65.32876712,0.011528,1.5716700000000001,3.361274,0.2158,0.0012050000000000001,0.06369863,0.0219
2015-10-15,66.10724519,0.011526999999999999,1.5537100000000001,3.33754799,0.215,0.001215,0.06276436099999999,0.0222
2015-10-16,66.67125551,0.011475,1.56264,3.40019755,0.2166,0.001217,0.064702643,0.0225
2015-10-19,64.62472406,0.011519,1.56274,3.27603268,0.2169,0.001219,0.063879691,0.0221
2015-10-20,63.80165289,0.011544,1.5626799999999998,3.34428836,0.217,0.001217,0.061983471,0.0222
2015-10-21,63.56449376,0.011493999999999999,1.57253,3.3718752,0.2185,0.001217,0.062274619,0.0222
2015-10-22,63.84572697,0.011566,1.5411,3.2713782000000005,0.2182,0.001227,0.062014427999999996,0.0221
2015-10-23,63.67793792,0.011496,1.5267600000000001,3.24503343,0.2182,0.001219,0.06097561,0.0222
2015-10-26,62.32583805,0.01141,1.52545,3.13874907,0.2172,0.001221,0.060835977,0.0219
2015-10-27,62.21326289,0.011394,1.53653,2.95309565,0.2188,0.001224,0.06075351,0.0213
2015-10-28,65.8186929,0.011542,1.5351700000000001,2.87298352,0.2212,0.001228,0.06113844,0.022
2015-10-29,65.39440204,0.011613,1.55185,2.95034822,0.2224,0.0012380000000000002,0.060503250999999994,0.022
2015-10-30,65.97086018,0.011672,1.54198,2.9732214,0.2218,0.001228,0.061081535,0.0219
2015-11-02,66.16762278,0.011616,1.54149,2.7149978999999997,0.2208,0.00123,0.06072478,0.022
2015-11-03,67.74283329,0.011589,1.52581,2.69043411,0.2197,0.001231,0.059838575,0.0222
2015-11-05,64.99160134,0.011493999999999999,1.52358,2.64487496,0.2206,0.00123,0.061590146,0.0221
2015-11-06,65.17109186,0.011498,1.52199,2.93272098,0.2235,0.001232,0.063183303,0.0222
2015-11-09,64.55229176,0.011529000000000001,1.52585,3.08543401,0.223,0.001225,0.06229601200000001,0.022
2015-11-11,61.97022391,0.01152,1.52139,3.015375,0.2224,0.0012259999999999999,0.06188048700000001,0.0216
2015-11-12,59.38815605,0.011525,1.51746,2.99434345,0.2204,0.00121,0.061044064,0.021
2015-11-13,58.6642346,0.011445,1.51187,2.8264476000000003,0.2202,0.001199,0.060614564,0.021
2015-11-16,62.90868095,0.011442,1.50583,2.81723953,0.2212,0.0012050000000000001,0.060315670999999994,0.0216
2015-11-17,57.58683729,0.01144,1.4963899999999999,3.01434672,0.2205,0.001202,0.06018844,0.0216
2015-11-18,58.40247504,0.011393,1.4991,2.88193059,0.2203,0.0012050000000000001,0.059063423,0.0217
2015-11-19,57.95107034,0.011373999999999999,1.4920799999999999,2.95076784,0.2178,0.001202,0.05852099,0.0215
2015-11-20,57.96380716,0.011312000000000001,1.4706,2.98292774,0.2164,0.001196,0.05732836,0.0213
2015-11-23,59.48275862,0.011251,1.47894,2.9843162999999997,0.2176,0.0012,0.058120133,0.0211
2015-11-24,60.02480364,0.011319,1.46689,2.97371267,0.2158,0.001202,0.057875155,0.0211
2015-11-25,60.52123552,0.011251,1.46509,2.9064776,0.2158,0.0012050000000000001,0.05846663,0.021
2015-11-27,59.30766023,0.011239,1.4725,2.8360514,0.2174,0.001202,0.059085222,0.0209
2015-11-30,58.68271759,0.011321,1.4618,2.8394835,0.2163,0.001193,0.058253770999999996,0.0208
2015-12-01,58.26846921,0.011239,1.45185,2.88888886,0.2134,0.001182,0.057216987999999996,0.0205
2015-12-02,56.60145027,0.011113,1.45234,2.93235288,0.2138,0.001176,0.058421125,0.0203
2015-12-03,57.96213050000001,0.0111,1.49017,2.9723903999999997,0.2129,0.00118,0.05898379,0.0202
2015-12-08,53.61053361,0.01111,1.50968,2.87887348,0.2159,0.001174,0.060568261,0.02
2015-12-10,51.43524241,0.011271,1.50268,2.74127104,0.2133,0.001165,0.058371103,0.02
2015-12-11,49.96522465,0.011293000000000001,1.5283799999999998,2.62105005,0.2155,0.001172,0.05842259,0.0198
2015-12-14,49.17149959,0.011495,1.51749,2.46252522,0.2138,0.001166,0.058133112,0.0196
2015-12-15,50.04171301,0.011408,1.51973,2.3294096,0.2151,0.001184,0.058120133,0.0199
2015-12-16,48.65201161,0.011425,1.50871,2.287208,0.2136,0.001179,0.058620213,0.0196
2015-12-17,48.43596577,0.011312000000000001,1.5186899999999999,2.32077312,0.2164,0.001184,0.059896199000000004,0.0197
2015-12-18,47.71460424,0.011447,1.51421,2.45097216,0.2151,0.001178,0.058807135,0.0196
2015-12-21,47.21835883,0.011507,1.51817,2.36873252,0.2146,0.001184,0.059805285,0.0195
2015-12-22,47.26368159,0.011476,1.51419,2.37259722,0.2133,0.00118,0.060392482000000004,0.0194
2015-12-23,48.74205142,0.011417,1.50852,2.4099316,0.2134,0.001178,0.060547415,0.0198
2015-12-24,48.67134793,0.011434,1.50918,2.24612352,0.2126,0.001178,0.060167975,0.0196
2015-12-28,46.76507104,0.011431,1.51295,2.10445396,0.2126,0.00118,0.058766726,0.0191
2015-12-29,47.88925439,0.011458,1.49668,2.8740502999999995,0.2113,0.00117,0.05756578900000001,0.019
2015-12-30,46.9740634,0.011379,1.5002799999999998,3.24407314,0.2114,0.001165,0.057087965,0.0187
2015-12-31,47.84518254,0.011386,1.4915100000000001,3.11484654,0.2112,0.001166,0.05709580000000001,0.0188
2016-01-04,49.35335836,0.011414,1.5062799999999998,3.17330652,0.2129,0.001168,0.057571965,0.0192
2016-01-06,46.01244344,0.011643,1.52451,3.31779299,0.2157,0.001178,0.060520362,0.019
2016-01-07,45.50770108,0.011934,1.55926,3.32299359,0.2163,0.001191,0.06103822,0.0191
2016-01-08,45.23227384,0.012123,1.56939,3.34591582,0.2181,0.001191,0.061556163,0.0192
2016-01-11,41.95854182,0.012268000000000001,1.55235,3.5516349000000003,0.2176,0.001186,0.061043602999999995,0.0188
2016-01-12,40.79587747,0.012143000000000001,1.55427,3.61178441,0.2178,0.001183,0.061694818,0.0186
2016-01-13,40.14378145,0.012165,1.56361,3.41045364,0.2187,0.001189,0.061682243,0.0188
2016-01-14,41.37437366,0.012215,1.55561,3.31024694,0.2173,0.001186,0.059413028,0.0188
2016-01-15,39.01515152,0.01213,1.5911600000000001,3.1396599999999997,0.2205,0.001201,0.059731935,0.0187
2016-01-19,38.64524533,0.012453,1.57904,3.17924568,0.2193,0.001199,0.058619192,0.0184
2016-01-20,37.04400695,0.012304,1.57646,3.20701304,0.2213,0.0011970000000000001,0.059206717,0.0178
2016-01-21,39.03414774,0.012378,1.55377,3.10082863,0.21899999999999997,0.001187,0.057436777,0.0173
2016-01-22,42.55926878,0.012139,1.54182,3.14864656,0.2162,0.001192,0.05812625,0.0183
2016-01-25,39.72681524,0.012023,1.55985,3.16552646,0.2176,0.001198,0.057943925,0.018000000000000002
2016-01-26,41.01356174,0.012155,1.55193,3.07876114,0.2171,0.001191,0.05738758,0.0181
2016-01-27,43.47516721,0.012056,1.55024,3.18205776,0.2161,0.001178,0.05706560400000001,0.0182
2016-01-28,45.35573123,0.011992000000000001,1.5444,3.18569088,0.2144,0.001169,0.056182947000000004,0.0185
2016-01-29,46.44268775,0.011881000000000001,1.52898,2.98758071,0.2148,0.001169,0.055053642,0.0187
2016-02-02,42.25031965,0.011654000000000001,1.55131,3.17872489,0.2156,0.001172,0.054837335,0.0178
2016-02-03,45.64095411,0.011842,1.54915,2.89147008,0.2146,0.0011619999999999998,0.05412191400000002,0.0182
2016-02-05,44.10641007,0.011835,1.57863,2.87265041,0.2142,0.001172,0.054620065,0.0183
2016-02-16,41.47096048,0.012426000000000001,1.56711,2.90833499,0.2161,0.0011539999999999999,0.052453945,0.0181
2016-02-17,44.70424495,0.012325,1.54879,2.69807594,0.2148,0.001137,0.05177453,0.0185
2016-02-18,43.52382283,0.0122,1.55179,2.6618174999999997,0.2145,0.001137,0.05295514900000002,0.0183
2016-02-19,42.37548965,0.012336,1.55681,2.61798128,0.2164,0.001134,0.05190263,0.0182
2016-02-22,44.48595544,0.01242,1.52613,2.52963087,0.2121,0.001131,0.051058531,0.0184
2016-02-23,42.3910025,0.012254000000000001,1.5300200000000002,2.54808355,0.212,0.001127,0.050958067,0.0182
2016-02-24,44.01056142,0.012385,1.5303799999999999,2.538178,0.2135,0.001127,0.05086159,0.0183
2016-02-25,44.637921500000004,0.012387,1.52272,2.49169176,0.2124,0.001119,0.050995025,0.0184
2016-02-26,45.87426326,0.012229,1.53376,2.4395064,0.2133,0.001129,0.051361212,0.0184
2016-02-29,47.59837558,0.012311,1.52251,2.33538144,0.2139,0.001131,0.052093544000000006,0.0187
2016-03-02,47.16929404,0.012426999999999999,1.4899,2.26360656,0.2106,0.001119,0.051542152,0.0187
2016-03-03,46.64036997,0.012079000000000001,1.4903899999999999,2.17367756,0.2081,0.0011220000000000002,0.051822633,0.0186
2016-03-08,49.32114532,0.011964,1.48019,2.11728732,0.2066,0.001111,0.051216560999999994,0.0184
2016-03-10,50.06707808,0.011937,1.49946,2.08234116,0.20600000000000002,0.001114,0.052455058,0.0188
2016-03-11,49.61004627,0.011848000000000001,1.47451,2.27558645,0.2032,0.001113,0.051817580999999995,0.019
2016-03-14,49.07518297,0.011612,1.4777200000000001,2.277145,0.2049,0.001119,0.050565535999999994,0.019
2016-03-15,48.54499128,0.011691,1.48991,2.24057015,0.2058,0.0011220000000000002,0.049751910999999996,0.0189
2016-03-16,49.67562558,0.011847,1.48634,2.38304748,0.2062,0.001123,0.049119555,0.0192
2016-03-17,50.80402667,0.011761,1.47969,2.29877001,0.2026,0.001132,0.049418225,0.0192
2016-03-18,51.15667718,0.011736,1.48206,2.3781606,0.203,0.001129,0.049421661,0.0192
2016-03-21,51.28002111,0.01179,1.4833100000000001,2.41594626,0.2031,0.0011359999999999999,0.050145157,0.0195
2016-03-22,51.24639202,0.011788,1.47174,2.32372776,0.2019,0.001134,0.050118079,0.0195
2016-03-23,50.50451407,0.011678000000000001,1.48451,2.30221066,0.2038,0.0011359999999999999,0.050716940999999995,0.0194
2016-03-24,50.25239107,0.011815,1.48425,2.403137,0.2043,0.001137,0.050743889,0.0193
2016-03-28,49.76805832,0.011767,1.48403,2.3315175,0.2036,0.001137,0.050629556,0.0193
2016-03-29,48.23652812,0.011683,1.4802600000000001,2.299916,0.2032,0.001134,0.049822997,0.0192
2016-03-30,47.81645157,0.011625,1.47796,2.320293,0.2015,0.00114,0.049667579,0.0192
2016-03-31,48.09977798,0.011595000000000001,1.48624,2.395365,0.2017,0.001141,0.04988899,0.0195
2016-04-01,47.07568060000001,0.011601,1.48434,2.55277332,0.2015,0.001137,0.050019539,0.0193
2016-04-05,47.39493570000001,0.011812000000000001,1.5091299999999999,2.57036295,0.205,0.001142,0.050908127000000004,0.0193
2016-04-07,49.47368421,0.012014,1.51596,2.51426552,0.2062,0.0011480000000000001,0.051698867,0.0195
2016-04-08,52.06458444,0.012312,1.50888,2.5775278,0.2043,0.00115,0.051614611,0.0197
2016-04-11,53.06122449,0.012251,1.50166,2.64945936,0.2036,0.001152,0.051612902999999995,0.0198
2016-04-13,53.86123089,0.012195000000000001,1.47328,2.46601212,0.2018,0.00114,0.051221743,0.0197
2016-04-14,53.28135153,0.011951,1.4643,2.5881174,0.2004,0.001126,0.05081221599999999,0.0197
2016-04-15,51.97411003,0.01188,1.46133,2.49724915,0.2004,0.001129,0.050873786,0.0195
2016-04-18,52.14193548,0.011903,1.4596799999999999,2.2234755,0.1992,0.001127,0.050580645,0.0195
2016-04-19,52.65583003,0.011858,1.4537200000000001,2.2786698,0.1982,0.001134,0.050300780999999996,0.0194
2016-04-20,54.81139338,0.011719,1.4494200000000002,2.43129804,0.1977,0.001132,0.050423403,0.0197
2016-04-21,54.17420522,0.011681,1.45878,2.5858865,0.1987,0.001132,0.05091755,0.0193
2016-04-22,55.08562532,0.011806,1.45592,2.5057697,0.1995,0.0011279999999999999,0.05124545900000002,0.0195
2016-04-25,54.24497732,0.011607,1.46038,2.4633921,0.1995,0.001126,0.051198963,0.0195
2016-04-26,56.03303652,0.011656999999999999,1.45789,2.56362436,0.1989,0.001125,0.051232417,0.0197
2016-04-27,58.41127651,0.011595000000000001,1.49129,2.42199855,0.2029,0.001147,0.05243051,0.0202
2016-04-28,59.055737699999995,0.011821,1.48856,2.47776592,0.2021,0.001153,0.052065574,0.0202
2016-04-29,58.77942917,0.012133,1.50537,2.48195564,0.2027,0.001149,0.052347757,0.0203
2016-05-04,57.18117205,0.01226,1.54049,2.48912612,0.2058,0.001149,0.05337267,0.0201
2016-05-05,57.46818486,0.012534,1.5277,2.67804259,0.2055,0.001147,0.053181514000000006,0.0204
2016-05-09,56.27392017,0.012490000000000001,1.55593,2.74296496,0.2096,0.001163,0.054264625,0.0205
2016-05-10,58.31862013,0.012618,1.5444200000000001,2.6934001,0.2086,0.00116,0.05391824,0.0205
2016-05-12,62.14334471,0.012429,1.5530700000000002,2.770524,0.2093,0.001167,0.054061433,0.021
2016-05-13,62.48108926,0.012527,1.55482,2.73756303,0.2105,0.001169,0.053912804,0.021
2016-05-16,64.01426808,0.01266,1.55301,2.69595929,0.2102,0.001165,0.054054054000000004,0.0211
2016-05-17,63.87713311,0.012583,1.5447,2.6146507999999997,0.209,0.00116,0.054061433,0.0211
2016-05-18,63.92308756,0.012506,1.5514299999999999,2.6754,0.2099,0.0011619999999999998,0.054779361,0.021
2016-05-19,64.20863309,0.012551999999999999,1.54997,2.6405288,0.2121,0.001166,0.05478694,0.0207
2016-05-20,64.09581833,0.012582,1.55386,2.52520836,0.2115,0.001164,0.055247854000000006,0.0207
2016-05-23,63.51052049,0.012570999999999999,1.55329,2.50667984,0.2113,0.00117,0.055094131,0.0206
2016-05-24,65.04246137,0.012674,1.5509,2.70395319,0.2121,0.001172,0.05540860400000002,0.021
2016-05-25,66.06001667,0.012657,1.54964,2.6519505000000003,0.2121,0.001175,0.055432064,0.0212
2016-05-26,65.31967894,0.012607,1.5490700000000002,2.45384515,0.2112,0.001173,0.055078882,0.021
2016-05-27,65.84516848,0.012609,1.54662,2.41974915,0.2116,0.001173,0.055416319000000006,0.0211
2016-05-31,64.58390932,0.012625,1.53891,2.46640878,0.2097,0.001161,0.055156207,0.0207
2016-06-01,65.08198979999999,0.012486,1.54155,2.8923992000000003,0.2095,0.0011560000000000001,0.054981397,0.0206
2016-06-06,65.23214771,0.012579,1.54176,3.1079412,0.2067,0.001167,0.054439315999999995,0.0208
2016-06-07,65.77289181,0.012623,1.52286,3.1472279999999997,0.2042,0.001159,0.053626491,0.0207
2016-06-13,64.46459997,0.012679000000000001,1.52863,3.27847788,0.205,0.001155,0.054419927,0.0206
2016-06-14,63.65860288,0.012737,1.5230700000000001,3.41606195,0.2061,0.001155,0.054498505,0.0206
2016-06-15,62.42743351,0.012809000000000001,1.51997,3.4286211000000004,0.205,0.001155,0.05400297,0.0206
2016-06-16,60.64104305,0.012734,1.5244799999999998,3.53781,0.2073,0.001158,0.054597310999999996,0.0206
2016-06-17,63.57113849,0.013028,1.52556,3.54217474,0.2057,0.001155,0.054419927,0.0209
2016-06-20,64.52997184,0.012981,1.5167700000000002,3.4912205999999997,0.2037,0.001155,0.053909079000000006,0.0209
2016-06-21,65.18120805,0.012903,1.5090000000000001,3.66469488,0.2033,0.001164,0.053959732,0.0211
2016-06-22,63.28489535,0.012811000000000001,1.50606,3.70676145,0.2027,0.001161,0.053592854,0.0206
2016-06-23,63.94325496,0.012764,1.49569,3.70255194,0.2004,0.001151,0.052935768,0.0206
2016-06-24,61.63943209,0.012376,1.48825,3.52689039,0.2027,0.001141,0.053844092999999996,0.0207
2016-06-27,61.45975443,0.013084,1.50338,3.57981603,0.2048,0.0011560000000000001,0.05484311099999999,0.0208
2016-06-28,62.78093691,0.013378,1.4980200000000001,3.76232421,0.2046,0.00116,0.054427295,0.0211
2016-06-29,64.44772514,0.013175999999999998,1.493,3.8723635,0.2025,0.001163,0.053818279000000004,0.0211
2016-06-30,62.78351899,0.013052000000000001,1.49064,3.9323284,0.20199999999999999,0.001164,0.054086699999999995,0.0209
2016-07-01,64.07041878,0.013006,1.48629,3.89117202,0.2006,0.001159,0.053747666,0.0209
2016-07-06,62.12765957,0.013005000000000001,1.4761799999999998,3.83819679,0.1992,0.001147,0.053590426,0.0206
2016-07-07,58.73779917,0.013125,1.47825,3.65747282,0.1998,0.0011539999999999999,0.053884209,0.0207
2016-07-11,57.83324482,0.013267,1.4681899999999999,3.81795534,0.1983,0.0011539999999999999,0.053372277999999995,0.0206
2016-07-12,60.1075692,0.012915000000000001,1.4510100000000001,3.77770481,0.1961,0.001147,0.052866326,0.0205
2016-07-13,58.26761304,0.012531,1.45774,3.60956166,0.1962,0.001147,0.053101998,0.0206
2016-07-14,58.90985325,0.012581,1.4569999999999999,3.6926934,0.1959,0.001157,0.05293501,0.0208
2016-07-15,60.57007126,0.012439,1.45587,3.63385499,0.1969,0.001158,0.053180259,0.0208
2016-07-18,59.04360427,0.012584,1.4589299999999998,3.51871878,0.1964,0.00116,0.05295745,0.021
2016-07-19,59.31503198,0.012409,1.4687299999999999,3.69976878,0.1994,0.001168,0.053704691,0.021
2016-07-20,60.00267451,0.012556999999999999,1.47183,3.73887582,0.2001,0.00117,0.053891415,0.021
2016-07-21,58.54569713,0.012512,1.47119,3.64026906,0.1998,0.001173,0.053769179,0.0207
2016-07-22,58.00053605,0.012611,1.47086,3.60621935,0.201,0.001179,0.054140981,0.0207
2016-07-25,56.54618474,0.012626,1.47204,3.7165284,0.2007,0.001172,0.05408299900000002,0.0205
2016-07-26,56.22500666,0.012653,1.4643899999999999,3.76067604,0.1994,0.001172,0.053719008,0.0202
2016-07-27,54.75904419,0.012738,1.47627,3.6192184000000003,0.2008,0.00118,0.053797890999999994,0.0202
2016-07-28,53.72517660000001,0.012666,1.47622,3.73558416,0.2001,0.001185,0.053711849000000006,0.0199
2016-07-29,53.46234860000001,0.01266,1.47066,3.68383944,0.1984,0.001184,0.053054239,0.0199
2016-08-01,52.86624204,0.012891999999999999,1.4807299999999999,3.87394035,0.1991,0.0011970000000000001,0.053476645,0.0198
2016-08-02,51.93849389,0.01296,1.47465,3.80559196,0.1982,0.001182,0.052963595999999995,0.0197
2016-08-03,53.91407486,0.013027,1.46928,3.66122978,0.1986,0.00118,0.053110174,0.0199
2016-08-04,54.62768747,0.013016999999999999,1.45899,3.79871496,0.1972,0.0011769999999999999,0.05296276900000002,0.0199
2016-08-08,55.7835577,0.012952000000000002,1.44927,3.7857747,0.196,0.00118,0.052672853,0.0202
2016-08-09,55.50632087,0.012758,1.44896,3.69464886,0.1958,0.001182,0.05252183,0.0201
2016-08-11,56.57877646,0.012792,1.44651,3.58394467,0.1953,0.001183,0.052084686,0.0202
2016-08-12,58.69053842,0.012738,1.45825,3.46350996,0.196,0.001184,0.052143231,0.0202
2016-08-15,59.74719833,0.012901,1.4574200000000002,3.52812432,0.196,0.001187,0.051993745,0.0203
2016-08-16,60.61078622,0.01287,1.46563,3.5271108,0.1961,0.001186,0.052111761,0.0204
2016-08-17,62.01175702,0.012956,1.47453,3.52464516,0.1976,0.001179,0.051992162,0.0204
2016-08-18,63.29690346,0.013025,1.47715,3.53613514,0.1963,0.001174,0.051652355,0.0204
2016-08-19,63.51121017,0.013025,1.48492,3.5302635,0.1972,0.001175,0.051920808,0.0205
2016-08-22,61.40833989,0.013083000000000001,1.48579,3.46248765,0.1972,0.001167,0.051796485999999996,0.0202
2016-08-23,62.06172029,0.013068000000000001,1.48458,3.58665648,0.19699999999999998,0.001172,0.051871307,0.0203
2016-08-24,61.31616971,0.0131,1.47933,3.56244896,0.1975,0.001172,0.051884934,0.0201
2016-08-25,62.26043581,0.013075999999999999,1.48128,3.64062795,0.1973,0.0011769999999999999,0.051588342999999995,0.0202
2016-08-26,62.55949233,0.013058000000000002,1.48006,3.75550343,0.1961,0.001178,0.051824432000000004,0.0204
2016-08-29,61.97648302,0.012985,1.47817,3.80480928,0.1977,0.00118,0.051790197,0.0204
2016-08-30,61.25982155,0.012962999999999999,1.48373,3.89502972,0.1993,0.001189,0.051804500999999996,0.0204
2016-08-31,58.9996009,0.012934000000000001,1.48423,3.89399788,0.1992,0.001192,0.050685114,0.0203
2016-09-02,58.18037766,0.012862,1.4743700000000002,3.91464558,0.1983,0.001183,0.049518025,0.0202
2016-09-06,58.29322232,0.012706,1.46412,3.76886034,0.1955,0.001188,0.048393390999999994,0.0202
2016-09-08,61.63810022,0.012752,1.4730299999999998,3.66450521,0.1953,0.001191,0.049064502999999995,0.0204
2016-09-09,60.124651899999996,0.012766,1.48971,3.71230125,0.1977,0.001196,0.049728153,0.0205
2016-09-12,60.25641026,0.012912999999999999,1.4849700000000001,3.87356496,0.1989,0.001193,0.049696008,0.0204
2016-09-13,59.64630225,0.012979,1.50311,3.95769848,0.2001,0.001188,0.051045016,0.0205
2016-09-14,58.20056232,0.013065,1.50613,4.113493,0.2002,0.001189,0.050876958,0.0205
2016-09-19,57.81789222,0.013049000000000002,1.48324,3.91787838,0.1985,0.001186,0.051499867000000005,0.0205
2016-09-20,57.95394389,0.013024,1.4758200000000001,3.94397088,0.1984,0.001185,0.05108523,0.0204
2016-09-21,58.63064008,0.013013999999999998,1.46774,4.07893812,0.1977,0.001188,0.050629590999999995,0.0205
2016-09-22,58.9820751,0.013075999999999999,1.46634,4.11952502,0.1962,0.001185,0.05037289,0.0205
2016-09-23,57.32651187,0.012983000000000001,1.4723600000000001,4.10570706,0.1966,0.001189,0.050505050999999995,0.0205
2016-09-26,58.34206391,0.012988999999999999,1.47374,3.97629594,0.1962,0.001181,0.050550026,0.0205
2016-09-27,56.98447894,0.013052000000000001,1.4625299999999999,3.98851776,0.1959,0.001189,0.050606495,0.0205
2016-09-28,59.91939678,0.012987,1.4582600000000001,3.95398545,0.1956,0.00119,0.050182007,0.0206
2016-09-29,60.98742797,0.012911,1.4697200000000001,3.8715300000000004,0.1955,0.001188,0.050680985,0.0208
2016-09-30,61.26043841,0.012962000000000001,1.4659799999999998,3.85965312,0.1956,0.001185,0.050365344000000006,0.0208
2016-10-10,63.73142626,0.012681999999999999,1.4642700000000002,3.94184883,0.1959,0.001186,0.050874195,0.0212
2016-10-11,66.20241411,0.012688,1.4661799999999998,4.1285013,0.1971,0.001179,0.051465712000000004,0.0212
2016-10-13,65.26621747,0.012813999999999999,1.46061,4.16534265,0.1967,0.001169,0.051261725,0.021
2016-10-14,64.93830402,0.012740000000000001,1.4406,4.17327444,0.1952,0.0011560000000000001,0.050932002999999997,0.0207
2016-10-17,64.47765107,0.012598999999999999,1.44194,4.10934645,0.1947,0.001153,0.050989645,0.0208
2016-10-18,64.57083225,0.012618,1.43239,4.14794978,0.1936,0.001159,0.050873989,0.0208
2016-10-19,64.58171458,0.01256,1.42116,4.19514155,0.1926,0.0011560000000000001,0.05037555,0.0208
2016-10-20,64.19299856,0.012518000000000001,1.433,4.07036979,0.1942,0.001158,0.051134129,0.021
2016-10-21,64.99737119,0.012612,1.4300899999999999,4.05247899,0.1947,0.001157,0.05126183,0.0211
2016-10-24,64.24911313,0.012659,1.4297799999999998,3.7949615,0.1942,0.001157,0.051241624000000006,0.0211
2016-10-25,62.38556108,0.01261,1.42414,3.61965038,0.1929,0.001157,0.051007063,0.0211
2016-10-26,62.18794929,0.012548,1.42584,3.49208208,0.1929,0.0011480000000000001,0.051365835,0.0208
2016-10-27,63.49980235,0.012511,1.43602,3.50237445,0.1939,0.0011480000000000001,0.051653709000000006,0.021
2016-10-28,62.46874589,0.012513,1.44487,3.53908368,0.1948,0.001147,0.051585735,0.0209
2016-10-31,59.70561178,0.012565999999999999,1.4430399999999999,3.4929294,0.1943,0.001149,0.051517939000000006,0.0208
2016-11-01,59.67067433,0.012537999999999999,1.44474,3.666618,0.1931,0.00114,0.050967067000000005,0.0206
2016-11-02,58.33442109,0.012546999999999999,1.44864,3.30907896,0.1929,0.00114,0.051168255,0.0206
2016-11-03,57.22468107,0.012638,1.44559,2.96002881,0.1925,0.0011380000000000001,0.050768029000000006,0.0205
2016-11-04,56.23615274,0.012639,1.45139,3.06953877,0.193,0.001142,0.050957904000000005,0.0202
2016-11-07,56.6252588,0.012638,1.42861,2.85891888,0.1918,0.001134,0.050595238,0.0203
2016-11-08,56.10667354,0.012387,1.42055,3.01835884,0.1911,0.001141,0.050373615,0.0202
2016-11-10,57.36240641,0.012251,1.4308100000000001,2.98584105,0.1932,0.001126,0.051359517,0.02
2016-11-11,56.924518000000006,0.012296,1.43862,2.72984705,0.1945,0.0011380000000000001,0.051683010999999994,0.0201
2016-11-14,56.4866296,0.012422,1.42151,2.68769214,0.1933,0.001132,0.051363516,0.0201
2016-11-15,59.4919963,0.012208,1.41849,2.94249516,0.193,0.0011330000000000001,0.050403493,0.0206
2016-11-16,59.27807487,0.012115,1.4291399999999999,3.29349184,0.1944,0.001142,0.051871658,0.0207
2016-11-17,59.46529841,0.012253,1.43495,3.38517864,0.1947,0.001144,0.051984877,0.0208
2016-11-18,61.20196239,0.012256999999999999,1.4429100000000001,3.15404135,0.1972,0.0011539999999999999,0.052739166,0.021
2016-11-21,63.73999186,0.012287000000000001,1.4426,3.51857003,0.1968,0.00115,0.052788709,0.0212
2016-11-22,63.75303972,0.012247,1.4356200000000001,3.79881124,0.1967,0.001155,0.052688463,0.0212
2016-11-23,63.99458362,0.012156,1.42898,3.7066036,0.1955,0.001146,0.052809749,0.0211
2016-11-25,61.49402123,0.012034999999999999,1.42214,3.70955695,0.1945,0.00114,0.052129518,0.0207
2016-11-28,62.4298316,0.011865,1.41854,3.666432,0.1932,0.001141,0.0521251,0.0206
2016-11-29,59.99465526,0.011939,1.42303,3.89527747,0.19399999999999998,0.001144,0.05224478900000002,0.0205
2016-11-30,66.31008802,0.011890000000000001,1.4338,4.05630234,0.1958,0.00115,0.052945159000000006,0.0211
2016-12-01,69.83142279,0.011831999999999999,1.43784,4.4624185,0.1965,0.001155,0.052461227,0.0211
2016-12-02,70.36341692,0.01182,1.43032,4.60864277,0.1949,0.0011480000000000001,0.051629342,0.0209
2016-12-05,69.8875803,0.011814,1.44058,4.56378306,0.195,0.001147,0.051525695999999996,0.021
2016-12-07,67.97647688,0.011755,1.4372,4.8205566,0.1946,0.0011539999999999999,0.051590484000000006,0.0211
2016-12-08,69.44928313,0.011748999999999999,1.42235,5.0289822,0.1951,0.0011560000000000001,0.051989815999999994,0.0212
2016-12-09,70.19734193,0.011751000000000001,1.4178,4.90323006,0.19399999999999998,0.001149,0.051550544000000004,0.0215
2016-12-12,71.14845938,0.011642,1.41856,5.03389346,0.1932,0.001146,0.050953715,0.0219
2016-12-13,71.02666667,0.011598,1.4168,4.760068799999999,0.1934,0.001145,0.050933333,0.022
2016-12-14,69.8352687,0.011578,1.42258,4.80410686,0.1928,0.001145,0.051174723,0.0217
2016-12-15,71.01114433,0.011536,1.41524,4.74846498,0.1957,0.001149,0.051644469000000005,0.022
2016-12-16,72.89156627,0.011501,1.43042,4.82589228,0.1969,0.0011539999999999999,0.052163198,0.0221
2016-12-19,73.19530711,0.011609,1.4356799999999998,4.7383828,0.1979,0.0011619999999999998,0.052587992,0.0223
2016-12-20,73.66028379,0.011788,1.43099,4.86509634,0.1988,0.001155,0.052073287999999995,0.0224
2016-12-21,72.50621719,0.011687999999999999,1.4401700000000002,4.6284,0.1985,0.001157,0.052362531,0.0226
2016-12-22,73.28529859999998,0.011755,1.4461600000000001,4.80617192,0.19899999999999998,0.00115,0.052930581,0.0227
2016-12-23,74.01059086,0.011788,1.45718,4.94257376,0.2008,0.00116,0.052954292,0.0226
2016-12-27,75.3375087,0.01188,1.45575,5.00051552,0.2,0.001153,0.052331246,0.0229
2016-12-28,75.33788491,0.011852,1.45089,5.1103224,0.2004,0.00115,0.05141424,0.023
2016-12-29,75.14891259,0.011881999999999998,1.4530299999999998,5.10031398,0.1997,0.0011480000000000001,0.051115113,0.023
2016-12-30,74.98612653,0.011885,1.45969,5.09905972,0.1993,0.001149,0.051193119,0.0225
2017-01-03,74.0961352,0.011871,1.44129,5.1131934,0.1992,0.0011480000000000001,0.051115113,0.0227
2017-01-05,74.73426002,0.011764,1.44544,4.69576602,0.1981,0.001151,0.051785227999999996,0.023
2017-01-06,75.09930147,0.01181,1.44223,4.49132293,0.1973,0.001139,0.050814957,0.023
2017-01-09,71.75686701,0.01171,1.43802,4.55742222,0.1964,0.0011300000000000001,0.050448735,0.0226
2017-01-11,71.8451821,0.011715,1.42212,4.24230404,0.1959,0.001131,0.049321328,0.0225
2017-01-12,72.7151256,0.011644,1.41813,4.40537954,0.1934,0.001137,0.048904329,0.0225
2017-01-13,71.96747534,0.011648,1.41798,4.4357872,0.1939,0.001135,0.048120500999999996,0.0224
2017-01-17,71.12462006,0.011642,1.41583,4.48068241,0.1936,0.001139,0.047839302,0.0223
2017-01-18,70.05996003,0.011734999999999999,1.41631,4.36848255,0.1932,0.001131,0.048367755,0.0224
2017-01-19,69.59396905,0.011622,1.4103,4.33443044,0.1929,0.001125,0.048009523,0.0221
2017-01-20,71.3170086,0.011514,1.4166299999999998,4.2515730000000005,0.1927,0.001126,0.048312376,0.0222
2017-01-23,70.83333333,0.011544,1.41943,4.24465284,0.1925,0.001132,0.048523207,0.0221
2017-01-24,70.5486679,0.011701000000000001,1.41588,4.14947232,0.192,0.0011279999999999999,0.048404115,0.0223
2017-01-25,70.93238246,0.011590999999999999,1.41967,4.285106099999999,0.1924,0.0011359999999999999,0.048335975,0.0222
2017-01-26,72.23623092,0.011658,1.4176600000000001,4.29756725,0.1927,0.001132,0.048706038,0.022
2017-02-03,71.62760417,0.011576999999999999,1.40432,4.04580879,0.1894,0.001143,0.047916667,0.022
2017-02-06,70.31331593,0.011559,1.40343,3.90588102,0.1908,0.00115,0.048172324,0.0222
2017-02-08,69.77109222,0.011683,1.39941,3.8183263999999997,0.1905,0.001142,0.048659254000000006,0.0222
2017-02-10,71.39692468,0.011687000000000001,1.38721,3.98905095,0.1896,0.001137,0.047823820999999996,0.0223
2017-02-13,70.64136126,0.011506,1.38739,3.81153786,0.1902,0.0011380000000000001,0.047905759000000006,0.0226
2017-02-14,70.57288268,0.011507,1.38024,3.81138591,0.1903,0.001146,0.048153465,0.0229
2017-02-15,69.89623865,0.011420999999999999,1.3748200000000002,3.8106,0.1894,0.001142,0.047859922,0.0227
2017-02-16,70.21055368,0.011362,1.3874600000000001,3.7824411000000002,0.1895,0.0011380000000000001,0.048219392,0.0226
2017-02-17,70.4723382,0.011475,1.3849,3.66201288,0.1899,0.001134,0.048277662,0.0224
2017-02-21,71.51791531,0.011559999999999999,1.37286,3.57863485,0.1894,0.001139,0.048208469000000004,0.0227
2017-02-22,70.98533039,0.011461,1.3706399999999999,3.27835698,0.1892,0.001139,0.048163053,0.0224
2017-02-23,71.25081011,0.011457,1.37153,3.28496528,0.1888,0.001144,0.048217758,0.0224
2017-02-24,70.54455446,0.01151,1.37604,3.3711561000000003,0.1895,0.001153,0.048332465,0.0221
2017-02-27,70.53303793,0.011626000000000001,1.37979,3.23674555,0.1893,0.0011480000000000001,0.048221035,0.0224
2017-02-28,70.74572287,0.011564,1.38129,3.17798352,0.1893,0.001149,0.048060597999999996,0.0224
2017-03-01,70.96522079,0.011581999999999999,1.37391,3.28459,0.1898,0.001143,0.047935390999999994,0.0223
2017-03-02,70.43053354,0.011454,1.38749,3.38141839,0.1916,0.0011480000000000001,0.048864237000000005,0.0225
2017-03-03,71.05055292,0.011542,1.3982299999999999,3.41652426,0.1916,0.001143,0.048578199,0.0227
2017-03-07,70.86188719,0.011545,1.3925,3.29664765,0.1909,0.001145,0.048892989000000005,0.0226
2017-03-08,68.22529224,0.011563,1.40035,3.5058800000000003,0.1918,0.00115,0.049282677999999996,0.0226
2017-03-10,65.68549456,0.011614,1.41523,3.57047352,0.1919,0.001155,0.049588968,0.0225
2017-03-13,65.63201691,0.011552,1.40716,3.9532038000000003,0.1906,0.001151,0.049002774000000006,0.0225
2017-03-14,66.14631565,0.011497,1.40278,4.054856,0.1912,0.001151,0.049212859000000005,0.0223
2017-03-15,65.49487612,0.01153,1.3924299999999998,4.0174218,0.1905,0.001149,0.048255285999999994,0.0222
2017-03-16,65.16019797,0.011441,1.40221,3.89713695,0.1891,0.0011539999999999999,0.048319875,0.0225
2017-03-17,64.97923157,0.011495,1.39371,3.737888,0.1881,0.001146,0.048286604000000004,0.0227
2017-03-20,64.5970767,0.01152,1.3890799999999999,3.7241120000000003,0.1874,0.001161,0.048117967000000005,0.0226
2017-03-21,63.68482642,0.011495,1.40559,3.77711972,0.1882,0.001158,0.048368222999999995,0.0225
2017-03-22,63.64938786,0.011639,1.40624,3.97930809,0.1891,0.001166,0.048319875,0.0226
2017-03-23,63.76032516,0.011717,1.4137,3.8824919999999996,0.1902,0.001168,0.048249639000000004,0.0228
2017-03-24,64.42345533,0.01182,1.41675,3.84584963,0.1905,0.001174,0.048406139,0.023
2017-03-27,64.29509057,0.011783,1.42626,3.909164,0.1909,0.001181,0.04843791,0.0231
2017-03-28,64.70588235,0.011863,1.4166,3.87325262,0.19,0.001173,0.048342722000000005,0.023
2017-03-29,65.69752282,0.011787,1.4036600000000001,3.83957888,0.1894,0.001173,0.048239896,0.023
2017-03-30,66.58814291,0.011742,1.39711,4.054818,0.1892,0.00117,0.048553854,0.0233
2017-03-31,67.28273692,0.011693,1.3963700000000001,4.01954118,0.1901,0.001173,0.04836806900000002,0.0233
2017-04-05,68.95640687,0.011937999999999999,1.40866,4.059201,0.1915,0.0011710000000000002,0.048612946,0.0234
2017-04-07,71.17333333,0.011935,1.4127,4.24480838,0.1929,0.001175,0.049466667,0.0233
2017-04-10,72.40367951,0.012003,1.4127299999999998,4.25869353,0.1931,0.001166,0.049593387999999995,0.0235
2017-04-12,71.4969423,0.012017,1.41761,4.20366423,0.1936,0.0011710000000000002,0.049454932,0.0235
2017-04-13,71.39270613,0.012195000000000001,1.40235,3.98035654,0.1913,0.001163,0.049154334,0.0235
2017-04-17,71.02385031,0.012112000000000001,1.40246,3.95002635,0.1911,0.001163,0.049150085999999996,0.0236
2017-04-18,70.22486772,0.012098000000000001,1.41936,4.03396416,0.1925,0.001158,0.049338624000000005,0.0235
2017-04-19,68.46738695,0.012199,1.4287299999999998,4.04865243,0.1935,0.001166,0.049886621,0.0236
2017-04-20,68.10150126,0.012254000000000001,1.42391,4.16599092,0.1926,0.001167,0.049687790999999995,0.0236
2017-04-21,66.76833311,0.012153,1.4227100000000001,4.12583444,0.1929,0.001168,0.049595544000000005,0.0234
2017-04-24,65.63201691,0.012154,1.43556,4.0303218,0.1921,0.001164,0.049531106,0.0237
2017-04-25,66.30391506,0.012034,1.4498799999999998,3.9369763,0.1926,0.001176,0.049900464000000005,0.0236
2017-04-26,66.40353225,0.011945,1.45875,3.92559216,0.1943,0.001181,0.050307733,0.0234
2017-04-27,66.45679839,0.012048,1.4566700000000001,4.041429,0.1946,0.001184,0.050502344000000005,0.0235
2017-04-28,66.17254274,0.012039,1.45509,4.11540104,0.1941,0.001174,0.050347222000000004,0.0234
2017-05-04,63.22040761,0.011881999999999998,1.48271,4.21003704,0.1962,0.001189,0.051019031,0.0231
2017-05-05,64.70905172,0.012001999999999999,1.48171,4.14226624,0.1955,0.001186,0.05078125,0.0232
2017-05-09,64.83321988,0.011956,1.48061,4.149992,0.1969,0.001196,0.051327434000000005,0.0233
2017-05-10,66.41780915,0.011945,1.4751299999999998,4.13011025,0.1962,0.0012,0.051309895,0.0236
2017-05-12,67.33450657,0.011877,1.48011,4.22124252,0.1959,0.0012,0.05117097599999999,0.0237
2017-05-15,68.28544449,0.011943,1.4805,4.39587001,0.1954,0.001206,0.050991500999999995,0.0239
2017-05-16,67.14247239,0.011855,1.4924,4.406856299999999,0.1954,0.001207,0.050902235,0.0238
2017-05-17,68.36652314,0.011903,1.50148,4.3459634000000005,0.1958,0.001198,0.050995694,0.0236
2017-05-18,69.07939075,0.012140999999999999,1.49651,4.2547872,0.1953,0.001194,0.051085052,0.0234
2017-05-19,70.30433034,0.012089,1.50183,4.22157916,0.1949,0.001199,0.050811101,0.0237
2017-05-22,69.81409656,0.012055,1.50295,4.13957337,0.1942,0.001198,0.050822522,0.0236
2017-05-23,70.40652581,0.012019,1.4955200000000002,4.28976375,0.1937,0.001188,0.050949452,0.0237
2017-05-24,69.69212315,0.011963,1.4950700000000001,4.27909254,0.1943,0.001191,0.050779687999999996,0.0236
2017-05-25,66.91709149,0.011951999999999999,1.50383,4.13825604,0.1951,0.0011970000000000001,0.05097934,0.0236
2017-05-26,68.25993555,0.011994,1.50158,4.10911062,0.196,0.0012,0.051020407999999996,0.0238
2017-05-31,66.32570659,0.012085,1.51324,4.0884219,0.1973,0.001202,0.051144010999999996,0.0238
2017-06-01,66.30051532,0.012149,1.52051,4.0374,0.1988,0.001209,0.051668023,0.024
2017-06-02,65.26938063,0.012175,1.51529,3.9770123999999996,0.1974,0.001201,0.051189037,0.0237
2017-06-06,64.72155609,0.012167,1.50224,3.8424099999999997,0.1958,0.001191,0.050759392,0.0236
2017-06-07,61.94197907,0.012177,1.49132,3.93824964,0.1948,0.001178,0.050602729000000006,0.0232
2017-06-09,62.1628803,0.01206,1.48749,3.96515565,0.1952,0.00118,0.050750631,0.0232
2017-06-12,62.00769129,0.012042,1.48558,3.9538817,0.1952,0.001172,0.050921628,0.0233
2017-06-13,62.08040334,0.01206,1.48736,4.08408,0.1951,0.0011769999999999999,0.050948652999999997,0.0233
2017-06-14,59.93408042,0.012055,1.47886,3.99380068,0.1933,0.0011769999999999999,0.050626236,0.0229
2017-06-15,59.84958438,0.012025,1.47053,3.82156704,0.1937,0.001167,0.050666315,0.0228
2017-06-16,60.14958667,0.011892,1.4693200000000002,3.85518315,0.1926,0.001158,0.050387088,0.0229
2017-06-19,59.84210526,0.011838,1.46671,3.8965156000000003,0.1929,0.001158,0.050526315999999995,0.0225
2017-06-20,58.60158311,0.011798000000000001,1.46886,3.761786,0.1933,0.0011560000000000001,0.050659631,0.0221
2017-06-21,57.52681054,0.011838,1.47869,3.7808272000000014,0.1939,0.001158,0.050840725999999996,0.022
2017-06-22,58.40625829,0.011886,1.4786,3.81442068,0.1939,0.001164,0.050914877000000004,0.0221
2017-06-23,58.66807611,0.011909000000000001,1.4788700000000001,3.77934536,0.1931,0.001164,0.050739957999999995,0.0222
2017-06-26,58.89255109,0.011876000000000001,1.4741799999999998,3.77992983,0.1926,0.001163,0.050626236,0.0224
2017-06-27,59.4092048,0.011784000000000001,1.49534,3.92500864,0.1935,0.0011560000000000001,0.050639589000000006,0.0222
2017-06-28,60.41884817,0.011738,1.48929,3.9284072999999995,0.193,0.001149,0.05026178,0.0221
2017-06-29,59.80736691,0.011656999999999999,1.48904,3.965967,0.1919,0.001134,0.049850319000000004,0.0219
2017-06-30,61.65951359,0.011603,1.48584,3.91035675,0.1922,0.001135,0.050071530999999996,0.0222
2017-07-03,62.9160684,0.011572,1.4835200000000002,3.82913073,0.1922,0.001135,0.050254535999999995,0.022
2017-07-06,61.36303717,0.011512999999999999,1.50584,3.77691382,0.1939,0.001139,0.050619562,0.0219
2017-07-07,60.04473096,0.011645,1.50039,3.79182629,0.1934,0.00114,0.050519668,0.0218
2017-07-11,61.22021472,0.011547,1.5013299999999998,3.79934976,0.1932,0.001139,0.05053679,0.0215
2017-07-12,60.38030737,0.01149,1.48629,3.91415235,0.192,0.001144,0.050273509,0.0217
2017-07-13,60.87181477,0.01151,1.47419,3.87581216,0.1908,0.001137,0.049799508,0.0217
2017-07-14,60.94228805,0.011419,1.4646299999999999,3.80251332,0.1889,0.001131,0.049029622,0.0216
2017-07-17,60.4025125,0.011354000000000001,1.47133,3.7406259,0.18899999999999997,0.0011359999999999999,0.049352647,0.0216
2017-07-18,59.95452249,0.011385,1.45955,3.87275688,0.1871,0.001123,0.048762001,0.0213
2017-07-19,60.78973843,0.011271999999999999,1.44812,3.89785624,0.1864,0.001118,0.048415493,0.0213
2017-07-20,60.39205831,0.011233,1.46154,3.90006912,0.1859,0.001121,0.048504649000000004,0.0213
2017-07-21,59.01970692,0.01123,1.47327,3.89784754,0.1867,0.001129,0.048762001,0.0213
2017-07-24,59.95709238,0.011367,1.4693,3.8236801,0.1869,0.001131,0.048965169,0.021
2017-07-25,62.3661333,0.011359000000000001,1.4674200000000002,3.7372867999999997,0.1864,0.001125,0.048758977,0.021
2017-07-26,62.1361649,0.011261,1.46584,3.73144583,0.187,0.001123,0.048344785,0.021
2017-07-27,63.21074432,0.011236,1.46557,3.65278572,0.18600000000000005,0.001123,0.048449856,0.0211
2017-07-28,64.4672593,0.011281999999999999,1.4714200000000002,3.66802975,0.1858,0.001113,0.048328534000000006,0.021
2017-07-31,64.65075597,0.011315,1.47976,3.65483755,0.1863,0.001116,0.048481819,0.0209
2017-08-02,64.0311245,0.011333,1.48781,3.54342334,0.1864,0.001118,0.048318272999999995,0.0207
2017-08-03,63.74842767,0.011333,1.4932,3.47687802,0.1874,0.001114,0.04855345900000002,0.0208
2017-08-08,64.07632044,0.011434,1.4847700000000001,3.49376976,0.1887,0.001119,0.049153399,0.0211
2017-08-09,65.31440162,0.011453,1.4908299999999999,3.50583345,0.1903,0.001113,0.049315415999999994,0.0211
2017-08-11,64.41601216,0.011521,1.49785,3.6198864,0.1906,0.001108,0.049404610999999994,0.0212
2017-08-14,62.90117168,0.011603,1.50037,3.69192382,0.1906,0.001118,0.049668874,0.0213
2017-08-15,63.57243319,0.011618,1.50037,3.7749504000000003,0.1913,0.001125,0.049993607,0.0214
2017-08-16,61.99369085,0.011553,1.48478,3.74249916,0.1896,0.001111,0.04933753900000002,0.0213
2017-08-17,63.08180089,0.011451000000000001,1.48658,3.64748526,0.1891,0.0011099999999999999,0.049714648,0.0214
2017-08-18,65.12801110000001,0.011574,1.4831299999999998,3.64632864,0.1895,0.0011070000000000001,0.049564888,0.0214
2017-08-21,63.48406600000001,0.011545999999999999,1.48822,3.64003904,0.1889,0.001106,0.049376496,0.0213
2017-08-22,63.67083807,0.011556,1.48662,3.74885598,0.1895,0.001117,0.049677664,0.0214
2017-08-23,64.77732794,0.011535,1.49379,3.80155842,0.19,0.001123,0.049468622999999996,0.0214
2017-08-24,64.18722328,0.011603,1.49247,3.69864636,0.1899,0.0011220000000000002,0.049462365999999994,0.0214
2017-08-25,64.2713061,0.011551,1.50371,3.75263056,0.1897,0.001124,0.049293999000000005,0.0215
2017-08-28,63.48110009,0.011525,1.5043,3.69439945,0.1899,0.001123,0.049353259000000003,0.0215
2017-08-29,63.65237077,0.011493000000000001,1.5057399999999999,3.67329921,0.1903,0.001118,0.049427745,0.0214
2017-08-30,62.78304870000001,0.011458,1.50328,3.627636,0.1921,0.001125,0.049462365999999994,0.0216
2017-08-31,65.26991317,0.011479999999999999,1.49865,3.6262489999999996,0.1915,0.001119,0.049075123,0.0217
2017-09-01,64.55172414,0.011444,1.48671,3.64289184,0.1912,0.001118,0.048652037999999995,0.0218
2017-09-05,64.96998499,0.01138,1.49001,3.64372764,0.1908,0.001104,0.048274137,0.0217
2017-09-06,66.0875,0.011493999999999999,1.48958,3.58146828,0.1917,0.001104,0.048125,0.0218
2017-09-08,65.39702233,0.011443,1.4932,3.66270696,0.1909,0.001097,0.04764268,0.0217
2017-09-11,65.774069,0.011507,1.48874,3.5069419,0.1908,0.001102,0.047826627999999996,0.0218
2017-09-13,67.44302529,0.011384,1.48851,3.5459385,0.1915,0.001106,0.047958928,0.0216
2017-09-14,67.75765147,0.011334,1.48892,3.74089917,0.1912,0.001101,0.047720175,0.0217
2017-09-15,67.94551362,0.011332,1.49263,3.79282104,0.1907,0.001103,0.047738065,0.0217
2017-09-18,68.14526263,0.011276000000000001,1.5025700000000002,3.73122929,0.1907,0.001112,0.04812767,0.0216
2017-09-19,67.7278402,0.011259,1.49732,3.89823984,0.1898,0.001104,0.047815231,0.0215
2017-09-20,68.74610883,0.011189,1.48086,3.91635876,0.1886,0.0011,0.047565683,0.0214
2017-09-21,69.99621642,0.011097,1.5059799999999999,3.91023655,0.1912,0.001113,0.048051457,0.0218
2017-09-22,70.25872896,0.011207,1.50165,3.91653048,0.1903,0.001108,0.047726702,0.0218
2017-09-25,73.55423964,0.011215000000000001,1.49284,3.6986687999999996,0.1899,0.0011099999999999999,0.047877032,0.0219
2017-09-26,73.25640375,0.011276999999999999,1.49546,3.736656,0.1911,0.001114,0.048059853,0.0219
2017-09-27,72.45508982,0.011297,1.4963,3.74106574,0.1913,0.001112,0.04815900099999999,0.0219
2017-09-28,72.19959267,0.011292,1.5003799999999998,3.76330917,0.1916,0.0011099999999999999,0.047988798,0.022
2017-09-29,71.40668879,0.011329,1.50823,3.71908394,0.1916,0.001115,0.047995915,0.0222
2017-10-10,71.5865261,0.011371,1.51819,3.73041662,0.1953,0.001132,0.048341475999999994,0.0222
2017-10-11,71.55880842,0.011434,1.5225799999999998,3.72660145,0.1951,0.0011330000000000001,0.048279404000000005,0.0222
2017-10-13,71.40864714,0.011413,1.49905,3.7583964,0.1928,0.001125,0.047800178,0.0221
2017-10-16,72.80601197,0.011336,1.50266,3.81907302,0.193,0.001129,0.048019360999999997,0.0223
2017-10-17,72.91613561,0.011353,1.49971,3.65860836,0.1928,0.001127,0.048177415,0.0222
2017-10-18,73.2857507,0.011359999999999999,1.50227,3.68362806,0.1927,0.001125,0.048177415,0.0222
2017-10-19,71.78217822,0.011285,1.5044799999999998,3.58657045,0.1919,0.001124,0.047854785,0.0222
2017-10-20,73.08430344,0.011278,1.5078,3.56937116,0.1932,0.0011300000000000001,0.048228220999999995,0.0222
2017-10-23,72.43499424,0.011269,1.5049700000000001,3.53841587,0.1931,0.0011330000000000001,0.048161906,0.0223
2017-10-24,74.29269547,0.011293000000000001,1.51242,3.7634498999999995,0.1938,0.001137,0.048225309,0.0223
2017-10-25,74.97403946,0.011289,1.53347,3.7605212,0.1956,0.001151,0.048416407,0.0225
2017-10-26,76.72323759999998,0.011413,1.52099,3.80849559,0.196,0.0011560000000000001,0.048694517,0.0226
2017-10-27,78.02527029,0.011452,1.51209,3.765969,0.1962,0.001157,0.048586687999999996,0.0224
2017-10-30,78.22580645,0.011458,1.51539,3.62353728,0.1963,0.0011560000000000001,0.04851717,0.0224
2017-10-31,79.23197492,0.011493000000000001,1.5211,3.73378942,0.1969,0.001168,0.048589342,0.0224
2017-11-01,77.68368942,0.011493999999999999,1.51376,3.6573599999999997,0.1972,0.001172,0.048462741,0.0225
2017-11-07,82.04054938,0.01141,1.51552,3.44434264,0.1973,0.001174,0.048920862999999995,0.022
2017-11-08,81.53164887,0.011475,1.51015,4.0248468,0.1966,0.001169,0.048971086,0.022
2017-11-09,82.109375,0.011441,1.51586,4.10490432,0.1966,0.001165,0.049088542,0.022
2017-11-10,81.73867641,0.011476,1.5227899999999999,4.14393325,0.1961,0.001164,0.049210286,0.022
2017-11-13,81.43775417,0.011498999999999999,1.53061,4.10469976,0.1971,0.001172,0.049455595,0.0221
2017-11-14,79.34739877,0.011544,1.5460399999999999,4.09027411,0.1978,0.001174,0.049534792,0.0217
2017-11-15,80.30043484,0.011549,1.55376,4.04004799,0.19899999999999998,0.001192,0.049808934000000006,0.0219
2017-11-16,79.69161834,0.011674,1.55128,4.10287464,0.1986,0.001199,0.049815498,0.0221
2017-11-17,81.84822845,0.011658,1.5589600000000001,4.02433944,0.2,0.001207,0.049841354000000004,0.0224
2017-11-20,81.29801325,0.01179,1.55397,4.03496756,0.1996,0.001206,0.050066225,0.0223
2017-11-21,81.92135128,0.011761,1.54892,4.04012235,0.19899999999999998,0.001209,0.049881235,0.0223
2017-11-22,82.27648681,0.011736,1.55205,4.0208212,0.1993,0.001209,0.049231980999999994,0.0225
2017-11-27,82.93870034,0.011805,1.56515,3.84100108,0.1991,0.0012050000000000001,0.049066035,0.0225
2017-11-28,82.5674786,0.011839,1.55892,3.70495564,0.19899999999999998,0.001215,0.048979592,0.0225
2017-11-29,82.37780713,0.01181,1.56518,3.8299894,0.1997,0.001221,0.048877147,0.0225
2017-11-30,82.48744383,0.011801,1.57328,4.081581,0.1994,0.001215,0.048902987,0.0226
2017-12-01,82.62183108,0.011744,1.56243,3.88804489,0.19899999999999998,0.001213,0.048601077,0.0223
2017-12-04,81.20558042,0.011703,1.56162,3.73114944,0.1989,0.0012109999999999998,0.048302185,0.0224
2017-12-05,81.37242014,0.011708,1.55459,3.81813771,0.1983,0.001209,0.048507953,0.0224
2017-12-06,80.03701745,0.011675,1.55952,3.7626247999999998,0.1998,0.001209,0.048783712,0.0223
2017-12-07,81.70682998,0.011774,1.56738,3.85802001,0.2009,0.001218,0.049127946,0.0225
2017-12-12,83.328923,0.011772,1.5535700000000001,3.73216642,0.2,0.0012109999999999998,0.04869013,0.0223
2017-12-13,81.00039282,0.011651,1.54851,3.71245427,0.1986,0.001207,0.048055519000000005,0.0224
2017-12-14,81.68536394,0.011635,1.5364,3.5000262,0.1976,0.001198,0.04748239,0.0222
2017-12-15,81.74208737,0.011606,1.53661,3.47726952,0.1974,0.001201,0.04721423,0.0222
2017-12-18,81.7980167,0.011615,1.53741,3.42748362,0.1971,0.001201,0.04697286,0.0222
2017-12-19,82.35677933,0.011590999999999999,1.54505,3.53141195,0.1978,0.001202,0.046717996,0.0222
2017-12-20,83.04421547,0.011559999999999999,1.54844,3.576483,0.1984,0.001207,0.046824051,0.0222
2017-12-21,82.96546352,0.011503,1.54159,3.5176971,0.1975,0.001202,0.046481432999999996,0.0222
2017-12-22,83.27928395,0.011458,1.53922,3.37856664,0.1971,0.001204,0.046439227,0.0222
2017-12-26,85.30020704,0.011448999999999999,1.53463,3.38658954,0.1978,0.001202,0.046454450999999994,0.0224
2017-12-27,84.87384140000002,0.011427,1.53044,3.49055403,0.1962,0.0011970000000000001,0.045957775,0.0223
2017-12-28,84.75750577,0.011355,1.53234,3.54533496,0.1965,0.001199,0.04567616099999999,0.0223
2017-12-29,85.14534511,0.011366,1.53722,3.8028606,0.1968,0.0012,0.045588424,0.0222
2018-01-02,84.0357599,0.011367,1.54006,4.5342275999999995,0.1969,0.001201,0.045466155999999994,0.0222
2018-01-03,85.71975498,0.011373999999999999,1.53346,9.11302458,0.1965,0.001199,0.045814191,0.0223
2018-01-05,85.24923703,0.011343,1.52973,8.67884,0.1963,0.0011970000000000001,0.045015259,0.0224
2018-01-08,85.6669217,0.011251,1.52606,3.72624682,0.1964,0.001193,0.045141546,0.0223
2018-01-16,86.03190554,0.011276000000000001,1.54015,3.6856169999999997,0.1953,0.00118,0.043838714,0.0222
2018-01-17,86.0727729,0.011373000000000001,1.5289700000000002,6.8588520000000015,0.1949,0.001175,0.04366373900000002,0.0221
2018-01-18,85.28933883,0.011275,1.5295,4.918032,0.1948,0.001167,0.043369579000000005,0.0221
2018-01-19,84.91557223,0.01125,1.5284200000000001,4.425,0.1949,0.001172,0.043277048,0.0221
2018-01-22,85.13159536,0.011290000000000001,1.5295100000000001,4.00352,0.1947,0.001167,0.043158289,0.0221
2018-01-23,86.1375,0.011245999999999999,1.53724,3.916836,0.1953,0.001164,0.043375,0.0222
2018-01-24,86.35574299,0.011332,1.53934,4.1875,0.1947,0.001165,0.043041429000000006,0.0221
2018-01-25,85.93321704,0.011356,1.54484,4.388892,0.1954,0.001168,0.043483678,0.0223
2018-01-26,85.30209618,0.011389,1.53246,4.5229800000000004,0.1954,0.001158,0.043279900999999996,0.0219
2018-01-29,84.2846553,0.011356,1.52977,4.413782,0.1948,0.0011539999999999999,0.043736101,0.0219
2018-01-30,82.71681306,0.011339,1.53454,4.435086,0.1955,0.001153,0.044290486,0.0219
2018-01-31,84.00993172,0.011373000000000001,1.54103,4.465209,0.1961,0.00116,0.044692737,0.0221
2018-02-01,84.97325538,0.01137,1.55609,4.145942,0.1982,0.0011619999999999998,0.044657296,0.0222
2018-02-02,84.30210566,0.01137,1.57172,3.8063339999999997,0.2,0.001157,0.045265414000000004,0.0223
2018-02-05,83.13023609999998,0.011455,1.5699100000000001,3.5711769999999996,0.2002,0.001159,0.045823813,0.0221
2018-02-07,81.56717372,0.011633,1.56778,3.6175050000000004,0.2024,0.001173,0.047168605,0.0221
2018-02-08,80.67086493,0.011692000000000001,1.57402,3.490032,0.2027,0.0011710000000000002,0.04742321,0.022
2018-02-13,77.40170505,0.011819,1.57149,3.495472,0.2008,0.001172,0.047588752000000005,0.0221
2018-02-14,78.89225334,0.011801,1.57077,3.295516000000001,0.2009,0.001178,0.047312642,0.0222
2018-02-22,81.92709661,0.011889,1.57158,3.421071,0.2004,0.001179,0.047157787,0.0226
2018-02-23,83.08045391,0.011940000000000001,1.56746,3.3649440000000004,0.2019,0.001185,0.047303328,0.0227
2018-02-26,83.33545512,0.011933,1.56807,3.290532,0.2021,0.001189,0.047103756,0.0229
2018-02-27,82.53947875,0.011906,1.5704799999999999,3.31032,0.2023,0.001187,0.047631275,0.0228
2018-02-28,80.59778408,0.011961,1.57093,3.325042,0.2026,0.001187,0.048054625,0.0229
2018-03-01,80.59566787,0.012077,1.5815299999999999,3.427144,0.2032,0.001191,0.048349665,0.0227
2018-03-05,82.07340631,0.012137,1.5885200000000002,3.4426980000000005,0.2034,0.001194,0.048679974,0.0228
2018-03-07,79.76996805,0.012125,1.58609,3.47706,0.2024,0.001198,0.049073482,0.0225
2018-03-08,79.23995378,0.012048,1.58056,3.5781199999999997,0.2023,0.001196,0.04917190900000002,0.0225
2018-03-09,80.72412035,0.012091,1.56913,3.570632,0.2014,0.001196,0.048827129000000004,0.0225
2018-03-13,79.41475827,0.01193,1.57636,3.453353,0.2006,0.001193,0.049109415,0.0223
2018-03-14,79.43379459,0.011937999999999999,1.5700399999999999,3.5369940000000004,0.2011,0.001193,0.048622572,0.0222
2018-03-15,80.40523211,0.011939,1.57785,3.414686,0.2021,0.001199,0.048730444000000005,0.0223
2018-03-16,83.05458317,0.012059,1.59302,3.4624800000000002,0.2042,0.0012109999999999998,0.049137819000000006,0.0226
2018-03-19,83.15625809999997,0.012231,1.59825,3.396568,0.205,0.001207,0.049105986,0.0224
2018-03-20,85.34426656,0.012212,1.5932899999999999,3.472208,0.2051,0.001214,0.049459845999999995,0.0226
2018-03-21,87.45653574,0.012217,1.58886,3.527336,0.2052,0.00121,0.04893754,0.0226
2018-03-22,86.96217340000004,0.012143000000000001,1.59912,3.42335874,0.2049,0.001202,0.049525543,0.0227
2018-03-23,88.88167294,0.012347,1.60466,3.4031382000000003,0.2048,0.001199,0.049486946,0.0227
2018-03-26,87.66133196,0.012403,1.60619,3.3516779999999997,0.2064,0.0012,0.04917398,0.0226
2018-03-27,87.5504623,0.012245,1.61516,3.317099,0.2065,0.0012109999999999998,0.04948561,0.0227
2018-03-28,87.62725137,0.012362999999999999,1.60656,3.3883243999999997,0.2068,0.0012259999999999999,0.049334377,0.0226
2018-03-29,88.57775462,0.012216,1.6021100000000001,3.445464,0.2073,0.0012259999999999999,0.049231570999999995,0.0227
2018-04-04,86.34007258,0.012239,1.5911899999999999,3.658901,0.20600000000000002,0.001225,0.049377915999999994,0.0226
2018-04-09,87.00792517,0.012187,1.60063,3.5564082000000004,0.2059,0.001214,0.049889567,0.0214
2018-04-13,90.97114889,0.012165,1.58785,3.5244468,0.2051,0.001201,0.049330242,0.0208
2018-04-16,89.39724971,0.011996,1.5910600000000001,3.6324419999999997,0.205,0.0012,0.049222465,0.021
2018-04-17,89.60855009,0.011998,1.59293,3.6256275000000002,0.2049,0.001206,0.049317538,0.0209
2018-04-18,92.17625899,0.012031,1.58966,3.6629375,0.2047,0.001206,0.049203494,0.0211
2018-04-19,92.5614489,0.01198,1.59709,3.65278751,0.205,0.001212,0.049288486,0.0212
2018-04-20,93.28727842,0.01205,1.60152,3.58356724,0.2069,0.001217,0.049791449,0.0212
2018-04-23,95.7790927,0.012109,1.60548,3.624564,0.2079,0.001216,0.050361604000000004,0.0213
2018-04-24,94.23987375,0.012097,1.60881,3.6021794999999996,0.2086,0.001221,0.050236718,0.0214
2018-04-25,94.80502313,0.012086,1.6075700000000002,3.64598324,0.2089,0.001222,0.050363516,0.0212
2018-04-26,95.55202542,0.012081,1.6022100000000001,3.6890410000000013,0.2089,0.001228,0.050569235,0.0211
2018-04-27,94.71046036,0.012111,1.6002100000000001,3.71365614,0.2087,0.001235,0.050257222000000004,0.0211
2018-05-02,95.11544108,0.012152,1.59487,3.6700485,0.2094,0.001236,0.050980915999999994,0.0208
2018-05-03,95.4062666,0.012152,1.59174,3.64746816,0.2096,0.001234,0.050584174,0.0211
2018-05-04,96.97572622,0.012159,1.58669,3.57243884,0.209,0.001235,0.050404563,0.0212
2018-05-07,97.93800718,0.012158,1.58595,3.647875,0.2088,0.001231,0.050685114,0.0211
2018-05-09,101.5275358,0.012195000000000001,1.5881100000000001,3.60578805,0.2107,0.001242,0.051051856,0.0213
2018-05-14,102.0728142,0.012211,1.58465,3.64977935,0.2091,0.001241,0.050757374,0.0215
2018-05-15,102.4357602,0.012116,1.58431,3.7472160000000003,0.2098,0.0012380000000000002,0.051124197,0.0215
2018-05-16,103.4060671,0.012129000000000001,1.5710600000000001,3.8141550000000004,0.2092,0.001235,0.050691857,0.0216
2018-05-17,103.8210624,0.012054,1.57023,3.6937341,0.209,0.00123,0.050858741,0.0214
2018-05-18,102.92903740000001,0.012019,1.56725,3.6608,0.2087,0.001232,0.050991879000000004,0.0214
2018-05-21,103.07306779999999,0.012020999999999999,1.55526,3.7021260000000002,0.2072,0.001224,0.050514376,0.0214
2018-05-22,103.062302,0.011877,1.55485,3.6511239,0.207,0.0012259999999999999,0.050686378,0.0216
2018-05-23,103.7566138,0.011902,1.5470700000000002,3.67275374,0.2075,0.001228,0.050793650999999995,0.0216
2018-05-24,102.3627244,0.012018000000000001,1.5469700000000002,3.78150965,0.2072,0.00122,0.050554382,0.0214
2018-05-25,99.48330684,0.01208,1.54367,3.7861559999999996,0.2071,0.001228,0.050609432999999995,0.0214
2018-05-29,98.86742172,0.012112000000000001,1.53754,3.8422099999999997,0.2073,0.0012289999999999998,0.051032645,0.0212
2018-05-30,100.660066,0.01225,1.53999,3.76214874,0.2061,0.001225,0.05056105599999999,0.0212
2018-05-31,99.76215645,0.012119,1.54498,3.7337142,0.2063,0.0012230000000000001,0.050607822000000004,0.0212
2018-06-04,96.875,0.012143000000000001,1.52962,3.81527822,0.2042,0.001221,0.050078452,0.0211
2018-06-06,96.92187296,0.011907,1.53555,3.79526422,0.2041,0.001222,0.04982392099999999,0.0211
2018-06-07,99.61962225,0.011837,1.5478299999999998,3.70510178,0.2048,0.0012230000000000001,0.050104932000000005,0.021
2018-06-08,98.65807131,0.011956999999999999,1.5482200000000002,3.8442996,0.2054,0.001225,0.050388107,0.0211
2018-06-13,99.08946952,0.012014,1.55598,3.841844,0.2057,0.001215,0.05054104,0.0211
2018-06-14,99.83952929,0.011958,1.54694,3.88133948,0.2074,0.001228,0.051083177,0.0214
2018-06-15,96.35850578,0.012086,1.56005,3.95166534,0.2084,0.001218,0.05092717,0.0213
2018-06-19,99.8374204,0.012184,1.57016,4.0008593999999995,0.2091,0.001218,0.051212573,0.0212
2018-06-20,98.83279045,0.012308,1.57063,3.9289199999999997,0.2095,0.001222,0.051302932,0.0213
2018-06-21,97.04567015,0.012299,1.5726799999999999,4.00118467,0.2089,0.00122,0.051497493,0.0213
2018-06-22,99.55645161,0.012322,1.5661,4.06411746,0.207,0.001209,0.051209677,0.0213
2018-06-25,98.65120043,0.012222,1.57856,3.95214112,0.2064,0.001209,0.051524144,0.0214
2018-06-26,101.2577766,0.012287000000000001,1.57535,3.9503422999999995,0.2055,0.001209,0.051528265999999996,0.0214
2018-06-27,102.7792916,0.012293,1.57395,3.96383928,0.2053,0.001213,0.051771117,0.0216
2018-06-28,103.0331882,0.012355,1.5735700000000001,4.08052424,0.2052,0.001213,0.051686616,0.0217
2018-06-29,104.79405809999999,0.012311,1.57865,4.03489728,0.2042,0.0012109999999999998,0.051316678,0.0215
2018-07-02,103.5558583,0.012193,1.58581,4.010391,0.2049,0.001218,0.051907357,0.0215
2018-07-03,103.4118603,0.012287000000000001,1.5784799999999999,3.9079367999999994,0.2039,0.001214,0.051448687,0.0215
2018-07-05,102.6803845,0.012243,1.5825,3.8811056000000006,0.2039,0.001209,0.051441722,0.0214
2018-07-06,101.4939435,0.012232999999999999,1.58099,3.87251424,0.2026,0.001207,0.051144010999999996,0.0214
2018-07-09,102.169546,0.012187,1.57375,3.917733,0.2024,0.0012029999999999999,0.05115843,0.0215
2018-07-13,98.28933190000001,0.012084000000000001,1.57399,3.82423722,0.2016,0.001192,0.051320042999999996,0.0215
2018-07-16,94.24450735,0.011995,1.5784799999999999,3.854708,0.2015,0.001194,0.05135463,0.0216
2018-07-17,94.09933685,0.012001000000000001,1.57825,3.68945928,0.2016,0.001201,0.051698470999999996,0.0216
2018-07-18,95.99891863,0.01199,1.5732,3.7685422999999996,0.2015,0.0011949999999999999,0.051500406,0.0215
2018-07-19,95.89729656,0.01198,1.58189,3.68149212,0.2014,0.0011970000000000001,0.05148757,0.0214
2018-07-20,95.83277141,0.012087,1.5813700000000002,3.69240168,0.1993,0.0011949999999999999,0.050977747999999996,0.0212
2018-07-23,96.31486248,0.0121,1.58398,3.7339599999999997,0.1994,0.001194,0.051212573,0.0215
2018-07-24,96.86110737,0.012168,1.57434,3.66473352,0.1984,0.001196,0.050788090999999994,0.0213
2018-07-25,97.46478873,0.012123,1.57328,3.66413796,0.1994,0.0012,0.050435949,0.0214
2018-07-26,98.59021282,0.012089,1.57827,3.71956806,0.1992,0.001206,0.050833672,0.0215
2018-07-27,97.95945946,0.012188,1.5753,3.7624678,0.1982,0.0012109999999999998,0.050675675999999996,0.0216
2018-07-30,98.86593763,0.01217,1.58038,3.7560580000000003,0.198,0.001208,0.05035777,0.0217
2018-07-31,96.64601293,0.012156,1.57477,3.672272,0.1973,0.001209,0.050107759,0.0215
2018-08-01,95.46191248,0.012034999999999999,1.57475,3.79104617,0.198,0.001206,0.05010805,0.0215
2018-08-02,97.01086957,0.012089,1.57408,3.7830306000000014,0.1981,0.001204,0.050271739,0.0214
2018-08-03,96.62344679,0.01217,1.56237,3.78898512,0.1977,0.0012029999999999999,0.049972987999999996,0.0211
2018-08-06,97.08948152,0.012142,1.5641399999999999,3.83874532,0.1974,0.001202,0.050087992000000005,0.0212
2018-08-08,94.5498587,0.012152,1.56236,3.87362794,0.1972,0.0012050000000000001,0.049791414000000006,0.0205
2018-08-13,97.40027509999999,0.012125,1.56959,4.023344,0.1994,0.001209,0.05048143099999999,0.0204
2018-08-14,97.12826177,0.012419,1.5662,4.0164599999999995,0.2005,0.001224,0.050393482999999996,0.0208
2018-08-15,95.23414836,0.012426000000000001,1.5672,4.17213,0.1996,0.001218,0.050283188,0.0205
2018-08-16,95.71684341,0.012473999999999999,1.5668,4.185642,0.1995,0.001222,0.049579948,0.0206
2018-08-17,96.32161903,0.012419,1.56402,4.159144,0.1996,0.001221,0.04909066,0.0207
2018-08-20,96.3760218,0.012375,1.56457,4.115874,0.1995,0.001219,0.049182561,0.0203
2018-08-21,96.81053203,0.01238,1.57043,4.128981,0.1987,0.001216,0.048995657000000005,0.0202
2018-08-22,100.0272183,0.012308,1.57794,4.086677,0.1989,0.001216,0.048992923,0.02
2018-08-23,101.365894,0.012306000000000001,1.5921,4.109012,0.2,0.001227,0.049530905,0.0202
2018-08-24,101.35079820000001,0.012398000000000001,1.58578,4.098006,0.2003,0.001224,0.048847046,0.0204
2018-08-27,102.0541423,0.012274,1.58864,4.081649,0.1998,0.0012259999999999999,0.048700857,0.0202
2018-08-28,101.9760153,0.012253,1.59359,4.056078,0.2,0.0012289999999999998,0.048650859000000005,0.0201
2018-08-29,104.4863904,0.012255,1.60151,4.060548000000002,0.201,0.001232,0.048693749,0.0201
2018-08-30,105.70012390000001,0.012249,1.60686,4.07664,0.201,0.001234,0.04874019,0.0202
2018-08-31,106.63513700000001,0.012403,1.6136700000000002,4.060969999999998,0.2031,0.001247,0.049380999,0.0206
2018-09-04,106.9796601,0.012519,1.61332,4.116176,0.2037,0.0012460000000000001,0.049038729,0.0204
2018-09-05,105.6026693,0.012501,1.61699,4.12328,0.2037,0.001241,0.04907549,0.0204
2018-09-07,106.81018710000001,0.012465,1.62408,4.1706,0.2041,0.0012439999999999999,0.049810046,0.0201
