date,bfoe,urals,uahusd,HENRY HUB,euraud,cnyaud,krwaud,jpyaud,rubaud
2013-09-10,111.21,111.21,0.1222,3.6233,1.4248,0.1755,0.000989,1.0697,0.0328
2013-09-12,113.1,113.1,0.1224,3.5734,1.4343299999999999,0.1763,0.000995,1.0835,0.0336
2013-09-13,112.6,112.6,0.1226,3.6028,1.43801,0.1768,0.0009960000000000001,1.0885,0.0333
2013-09-16,110.88,110.88,0.1222,3.6409,1.43092,0.1753,0.000992,1.0834,0.0332
2013-09-17,108.67,108.67,0.1221,3.7696,1.42791,0.1747,0.000987,1.0783,0.0332
2013-09-18,111.59,111.59,0.122,3.7132,1.42039,0.1717,0.000975,1.0725,0.0331
2013-09-19,109.8,109.8,0.1221,3.7271,1.43351,0.1731,0.000987,1.0652,0.0335
2013-09-20,110.19,110.19,0.1224,3.681,1.4396200000000001,0.1739,0.0009880000000000002,1.0714,0.0335
2013-09-23,108.52,108.52,0.1225,3.6419,1.43069,0.1733,0.000987,1.073,0.0333
2013-09-24,109.51,109.51,0.1222,3.5902,1.43474,0.174,0.000991,1.0783,0.0334
2013-09-25,108.8,108.8,0.1223,3.5172,1.4439899999999999,0.1745,0.000992,1.0845,0.0333
2013-09-26,110.27,110.27,0.1223,3.4833,1.4403,0.1745,0.000992,1.079,0.033
2013-09-27,109.39,109.39,0.1223,3.5016,1.45137,0.1755,0.000998,1.0924,0.0331
2013-09-30,109.22,109.22,0.1221,3.4931,1.4516799999999999,0.1754,0.000997,1.0926,0.0332
2013-10-10,111.58,111.58,0.1221,3.7391,1.4304,0.17300000000000001,0.000987,1.0779,0.0329
2013-10-14,110.86,110.86,0.1221,3.8038,1.4292,0.1724,0.000983,1.0691,0.0327
2013-10-15,109.61,109.61,0.1221,3.8298,1.41965,0.172,0.000984,1.0695,0.0325
2013-10-16,110.93,110.93,0.1221,3.8471,1.41703,0.1716,0.000981,1.0602,0.0327
2013-10-17,109.26,109.26,0.122,3.7529,1.4192799999999999,0.1702,0.0009789999999999998,1.0599,0.0326
2013-10-18,110.25,110.25,0.1221,3.717,1.4143299999999999,0.1695,0.000974,1.0572,0.0324
2013-10-21,110.05,110.05,0.1222,3.7822,1.41727,0.17,0.000975,1.0551,0.0324
2013-10-22,110.48,110.48,0.1222,3.701,1.41961,0.1691,0.000974,1.0497,0.0325
2013-10-23,108.01,108.01,0.1223,3.6577,1.43157,0.1707,0.000982,1.0668,0.0327
2013-10-24,107.1,107.1,0.1223,3.6473,1.43421,0.1709,0.000978,1.0683,0.0328
2013-10-25,107.27,107.27,0.1223,3.6759,1.44016,0.1715,0.000982,1.0712,0.0328
2013-10-28,109.43,109.43,0.1224,3.6207,1.4401,0.1716,0.000984,1.0696,0.0327
2013-10-29,109.07,109.07,0.1224,3.5610000000000004,1.44999,0.1732,0.000992,1.0743,0.0329
2013-10-30,110.06,110.06,0.122,3.555,1.44835,0.17300000000000001,0.000995,1.0703,0.033
2013-10-31,108.89,108.89,0.1221,3.5662,1.43644,0.1735,0.000997,1.0753,0.033
2013-11-11,106.02,106.02,0.1219,3.6204,1.4324700000000001,0.1754,0.0009960000000000001,1.0776,0.0325
2013-11-12,105.91,105.91,0.121,3.6937,1.44438,0.1765,0.0010019999999999999,1.0788,0.0337
2013-11-13,106.92,106.92,0.122,3.68,1.44103,0.1754,0.000998,1.0766,0.0326
2013-11-14,108.57,108.57,0.1219,3.52,1.4448299999999998,0.1762,0.001004,1.0733,0.0329
2013-11-15,108.76,108.76,0.1219,3.56,1.44052,0.1752,0.001004,1.0655,0.0328
2013-11-18,108.6,108.6,0.1222,3.7111,1.44023,0.175,0.001008,1.0663,0.0327
2013-11-19,107.47,107.47,0.1217,3.63,1.43516,0.174,0.001005,1.0588,0.0324
2013-11-20,108.32,108.32,0.1217,3.62,1.43965,0.1758,0.0010140000000000001,1.0709,0.0325
2013-11-21,110.55,110.55,0.1216,3.68,1.46003,0.1777,0.001019,1.0705,0.0328
2013-11-22,111.47,111.47,0.1217,3.7714,1.47698,0.1788,0.001027,1.0763,0.0332
2013-11-25,111.97,111.97,0.1219,3.8477,1.4754399999999999,0.1791,0.00103,1.0736,0.0331
2013-11-26,111.95,111.95,0.1219,3.87,1.48712,0.1799,0.001033,1.0819,0.0333
2013-11-27,112.33,112.33,0.1215,3.7905,1.49573,0.1808,0.001034,1.0782,0.0332
2013-11-29,110.57,110.57,0.1216,3.7905,1.4922,0.1802,0.001037,1.0719,0.0331
2013-12-09,109.16,109.16,0.1225,4.2122,1.5078200000000002,0.1807,0.0010429999999999999,1.0629,0.033
2013-12-11,109.3,109.3,0.1217,4.2352,1.5235,0.182,0.00105,1.0791,0.0327
2013-12-12,108.28,108.28,0.1207,4.4001,1.5388700000000002,0.1843,0.0010630000000000001,1.0824,0.0341
2013-12-13,108.43,108.43,0.1209,4.3553,1.53315,0.1838,0.001058,1.0806,0.0339
2013-12-17,108.28,108.28,0.1206,4.2113,1.5471700000000002,0.1851,0.001067,1.0946,0.0341
2013-12-18,109.26,109.26,0.1206,4.263999999999999,1.54429,0.1859,0.001073,1.0822,0.0343
2013-12-19,110.15,110.15,0.1208,4.26,1.5407,0.1858,0.001062,1.0821,0.0342
2013-12-20,112.2,112.2,0.1215,4.3513,1.53253,0.1846,0.001053,1.0766,0.0339
2013-12-23,112.13,112.13,0.1214,4.52,1.53301,0.1844,0.0010550000000000002,1.0753,0.0342
2013-12-24,112.03,112.03,0.1223,4.4613,1.53348,0.1846,0.001057,1.0752,0.0344
2013-12-26,112.13,112.13,0.1217,4.41,1.53908,0.1851,0.0010609999999999999,1.0726,0.0344
2013-12-27,112.2,112.2,0.1214,4.3214,1.55017,0.1858,0.0010689999999999999,1.0725,0.0345
2013-12-30,111.31,111.31,0.1214,4.4185,1.55009,0.1853,0.001064,1.0685,0.0342
2013-12-31,110.82,110.82,0.1214,4.31,1.54116,0.1853,0.001064,1.0653,0.034
2014-01-07,107.04,107.04,0.0846,4.5386,1.52521,0.1851,0.001047,1.071,0.0307
2014-01-08,106.93,106.93,0.0821,4.3507,1.5251299999999999,0.1857,0.001052,1.0712,0.03
2014-01-09,106.18,106.18,0.0798,4.1394,1.5291,0.1856,0.001057,1.072,0.0287
2014-01-10,107.05,107.05,0.0772,3.9527,1.5196,0.1837,0.001047,1.0673,0.0288
2014-01-13,105.9,105.9,0.1203,4.19,1.51003,0.1827,0.001044,1.0723,0.0332
2014-01-14,105.85,105.85,0.1202,4.36,1.52566,0.1846,0.001053,1.0702,0.0335
2014-01-15,106.46,106.46,0.12,4.4401,1.52598,0.1855,0.001053,1.0728,0.0336
2014-01-16,105.86,105.86,0.1199,4.5385,1.5441,0.1872,0.001066,1.0864,0.0339
2014-01-17,106.8,106.8,0.1195,4.3935,1.54215,0.1882,0.001073,1.0916,0.0339
2014-01-21,108.29,108.29,0.11900000000000001,4.583,1.54005,0.1877,0.00106,1.0888,0.0334
2014-01-22,109.53,109.53,0.1193,4.9093,1.53045,0.1867,0.001058,1.0808,0.0333
2014-01-23,109.16,109.16,0.1185,5.65,1.5619399999999999,0.1884,0.001059,1.1041,0.0334
2014-01-24,109.15,109.15,0.1186,5.1853,1.57528,0.1904,0.00106,1.1256,0.0334
2014-01-27,108.5,108.5,0.1178,5.7,1.56467,0.1892,0.001056,1.1158,0.033
2014-01-28,108.42,108.42,0.1179,5.2,1.5573700000000001,0.1882,0.001057,1.1065,0.0328
2014-01-29,108.44,108.44,0.1179,5.1992,1.56342,0.1891,0.001062,1.1187,0.0326
2014-01-30,108.49,108.49,0.1181,5.27,1.54126,0.1877,0.001052,1.107,0.0325
2014-01-31,107.2,107.2,0.11599999999999999,5.03,1.5404799999999998,0.1885,0.001056,1.1194,0.0325
2014-02-04,106.01,106.01,0.0881,5.75,1.5146600000000001,0.1849,0.0010400000000000001,1.1024,0.0305
2014-02-05,106.08,106.08,0.0863,8.03,1.5188,0.1852,0.001041,1.1063,0.0301
2014-02-06,107.15,107.15,0.084,7.1767,1.51688,0.1841,0.001038,1.0931,0.0309
2014-02-07,109.17,109.17,0.0843,5.99,1.52203,0.1841,0.001039,1.0906,0.0309
2014-02-10,108.13,108.13,0.0772,7.6294,1.52481,0.1844,0.0010400000000000001,1.0928,0.0287
2014-02-12,108.35,108.35,0.0654,6.03,1.50591,0.1827,0.0010429999999999999,1.0805,0.022000000000000002
2014-02-13,109.24,109.24,0.1138,5.32,1.5236,0.1837,0.001046,1.0901,0.0317
2014-02-14,109.07,109.07,0.1138,5.51,1.51562,0.1825,0.001042,1.0873,0.0315
2014-02-18,110.79,110.79,0.113,5.71,1.52416,0.1826,0.0010400000000000001,1.0823,0.0312
2014-02-19,110.58,110.58,0.1117,6.04,1.52593,0.1828,0.0010400000000000001,1.0859,0.031
2014-02-20,110.48,110.48,0.1117,5.95,1.52322,0.1825,0.001036,1.0857,0.031
2014-02-21,109.71,109.71,0.1117,6.21,1.53073,0.1829,0.001038,1.0872,0.0314
2014-02-24,110.67,110.67,0.1091,6.224,1.51968,0.1815,0.00103,1.0797,0.0312
2014-02-25,109.64,109.64,0.1028,5.2217,1.524,0.1811,0.001033,1.0845,0.031
2014-02-26,109.55,109.55,0.0985,4.8388,1.52605,0.1821,0.001042,1.0892,0.0309
2014-02-27,108.96,108.96,0.0935,4.5638,1.52925,0.182,0.001046,1.0922,0.031
2014-02-28,109.3,109.3,0.1006,4.6963,1.54619,0.1823,0.00105,1.1008,0.031
2014-03-03,110.94,110.94,0.1026,6.8584,1.5366799999999998,0.1821,0.0010429999999999999,1.103,0.0307
2014-03-04,109.0,109.0,0.0874,7.9247,1.53552,0.1819,0.0010429999999999999,1.0931,0.0304
2014-03-06,108.11,108.11,0.0837,4.9037,1.52483,0.1798,0.001033,1.0674,0.0308
2014-03-07,108.58,108.58,0.0845,4.77,1.53013,0.18,0.001035,1.068,0.0312
2014-03-10,107.61,107.61,0.0781,4.6265,1.53844,0.1806,0.001039,1.0733,0.0287
2014-03-11,108.01,108.01,0.0769,4.6541,1.544,0.1814,0.001041,1.0813,0.0264
2014-03-12,107.84,107.84,0.0656,4.6598,1.54692,0.18100000000000002,0.001039,1.0828,0.0222
2014-03-13,107.19,107.19,0.1032,4.4,1.53554,0.1804,0.001034,1.0873,0.0303
2014-03-14,108.38,108.38,0.1031,4.39,1.54134,0.1801,0.001033,1.0925,0.0302
2014-03-17,106.34,106.34,0.1026,4.5895,1.53211,0.1781,0.001031,1.0815,0.0303
2014-03-18,106.46,106.46,0.0998,4.4422,1.52672,0.1769,0.001024,1.0802,0.0302
2014-03-19,105.77,105.77,0.0986,4.4429,1.52983,0.1785,0.001029,1.081,0.0306
2014-03-20,106.08,106.08,0.0953,4.4,1.52433,0.1776,0.001024,1.0803,0.0304
2014-03-21,106.92,106.92,0.0948,4.31,1.51892,0.1769,0.001019,1.0769,0.0304
2014-03-24,106.33,106.33,0.0928,4.4125,1.5154100000000001,0.1768,0.001016,1.071,0.0303
2014-03-25,106.59,106.59,0.0914,4.498,1.50847,0.1759,0.0010119999999999999,1.0669,0.0307
2014-03-26,106.62,106.62,0.0898,4.423,1.49371,0.1746,0.001007,1.0622,0.0305
2014-03-27,107.04,107.04,0.09,4.3856,1.4839799999999999,0.1738,0.001011,1.0571,0.0303
2014-03-28,107.27,107.27,0.0902,4.4826,1.48706,0.174,0.001011,1.0515,0.0303
2014-03-31,106.98,106.98,0.0907,4.4683,1.48624,0.1736,0.0010140000000000001,1.0457,0.0308
2014-04-02,103.95,103.95,0.114,4.34,1.4886700000000002,0.1742,0.0010220000000000001,1.0409,0.032
2014-04-03,105.23,105.23,0.1101,4.4829,1.48617,0.1744,0.001023,1.0421,0.031
2014-04-04,106.03,106.03,0.0863,4.4791,1.4749700000000001,0.1732,0.001023,1.0418,0.0305
2014-04-07,105.45,105.45,0.0852,4.5539,1.48233,0.1736,0.001023,1.0463,0.031
2014-04-08,106.76,106.76,0.0809,4.5559,1.47394,0.1724,0.001018,1.0493,0.0299
2014-04-09,107.33,107.33,0.0788,4.6592,1.47545,0.1718,0.001029,1.0441,0.0289
2014-04-11,106.51,106.51,0.0769,4.6504,1.47765,0.1714,0.001024,1.0476,0.0262
2014-04-14,108.4,108.4,0.0769,4.6284,1.46652,0.1706,0.001019,1.0418,0.0295
2014-04-15,108.77,108.77,0.084,4.6683,1.47567,0.1717,0.001025,1.0481,0.0295
2014-04-16,109.47,109.47,0.0886,4.6249,1.47431,0.1715,0.0010279999999999998,1.0438,0.0297
2014-04-17,109.71,109.71,0.0897,4.5652,1.48071,0.1723,0.001032,1.0468,0.0301
2014-04-21,109.98,109.98,0.0885,4.7658,1.47866,0.1721,0.001031,1.045,0.03
2014-04-22,109.41,109.41,0.0852,4.7362,1.4738200000000001,0.1712,0.001027,1.0404,0.0299
2014-04-23,109.02,109.02,0.0866,4.79,1.48709,0.1725,0.001035,1.0498,0.0302
2014-04-24,110.26,110.26,0.0885,4.8,1.49295,0.1727,0.0010400000000000001,1.0552,0.0302
2014-04-25,109.39,109.39,0.087,4.7015,1.49066,0.1725,0.001035,1.0549,0.0299
2014-04-28,108.4,108.4,0.0866,4.7803,1.4961799999999998,0.1728,0.001044,1.0539,0.0301
2014-04-29,109.41,109.41,0.0866,4.8233,1.4903600000000001,0.1725,0.001047,1.0512,0.0303
2014-04-30,108.65,108.65,0.0862,4.79,1.49337,0.1721,0.001042,1.053,0.0302
2014-05-02,108.74,108.74,0.114,4.72,1.4952,0.1722,0.001047,1.0545,0.0322
2014-05-05,107.34,107.34,0.0859,4.71,1.49614,0.1727,0.001049,1.0558,0.0302
2014-05-06,107.2,107.2,0.0843,4.7845,1.48977,0.1717,0.001042,1.0516,0.0309
2014-05-08,107.67,107.67,0.0818,4.7405,1.4762899999999999,0.1713,0.0010429999999999999,1.0492,0.0298
2014-05-09,107.67,107.67,0.0781,4.5739,1.4696200000000001,0.1715,0.001041,1.0489,0.0289
2014-05-12,108.2,108.2,0.0647,4.5,1.4696,0.1713,0.001042,1.046,0.0228
2014-05-13,108.85,108.85,0.0845,4.46,1.46399,0.1715,0.001045,1.045,0.0307
2014-05-14,109.56,109.56,0.0838,4.4086,1.4623,0.1712,0.001037,1.0464,0.0308
2014-05-15,109.7,109.7,0.0846,4.3523,1.4652399999999999,0.1716,0.001039,1.0522,0.0308
2014-05-16,110.27,110.27,0.0836,4.4274,1.46317,0.1714,0.0010429999999999999,1.0522,0.0308
2014-05-19,110.71,110.71,0.0837,4.5129,1.4694,0.1718,0.001049,1.056,0.031
2014-05-20,111.18,111.18,0.0837,4.53,1.48243,0.1734,0.001056,1.0677,0.0313
2014-05-21,111.79,111.79,0.084,4.56,1.4794399999999999,0.1734,0.001053,1.0663,0.0315
2014-05-22,111.63,111.63,0.0837,4.49,1.48021,0.1738,0.001058,1.0655,0.0316
2014-05-23,111.7,111.7,0.0837,4.38,1.4764899999999999,0.1737,0.001057,1.0624,0.0318
2014-05-27,111.28,111.28,0.084,4.4324,1.47252,0.1729,0.0010539999999999998,1.0591,0.0314
2014-05-28,110.96,110.96,0.084,4.5457,1.4715200000000002,0.1731,0.001058,1.063,0.0313
2014-05-29,111.07,111.07,0.0845,4.62,1.46141,0.1722,0.0010550000000000002,1.0557,0.031
2014-05-30,110.66,110.66,0.0848,4.48,1.46438,0.1719,0.001052,1.0555,0.0308
2014-06-02,109.29,109.29,0.1129,4.52,1.47048,0.1731,0.0010550000000000002,1.0564,0.0321
2014-06-03,109.2,109.2,0.1084,4.59,1.4708,0.1726,0.0010550000000000002,1.0528,0.0305
2014-06-05,109.19,109.19,0.0847,4.64,1.46251,0.1712,0.00105,1.0454,0.0302
2014-06-06,109.1,109.1,0.085,4.65,1.46176,0.1714,0.00105,1.0454,0.0311
2014-06-10,109.6,109.6,0.0772,4.57,1.44534,0.1714,0.001049,1.0423,0.0287
2014-06-11,110.44,110.44,0.0714,4.5,1.44225,0.1711,0.001047,1.0441,0.025
2014-06-13,112.66,112.66,0.0848,4.68,1.4400700000000002,0.1712,0.001042,1.0423,0.0309
2014-06-16,112.88,112.88,0.0843,4.71,1.44387,0.1709,0.001042,1.0446,0.0307
2014-06-17,113.3,113.3,0.0843,4.66,1.4509,0.172,0.001048,1.0484,0.0307
2014-06-18,114.15,114.15,0.0845,4.71,1.44507,0.1706,0.001044,1.0428,0.031
2014-06-19,115.0,115.0,0.0843,4.65,1.4478799999999998,0.1708,0.001044,1.0435,0.0309
2014-06-20,114.55,114.55,0.0842,4.52,1.4486,0.1711,0.001045,1.0436,0.0309
2014-06-23,113.66,113.66,0.0844,4.48,1.44395,0.1705,0.001042,1.0412,0.0312
2014-06-24,113.66,113.66,0.0841,4.4941,1.45242,0.1713,0.001048,1.0469,0.0316
2014-06-25,113.76,113.76,0.0838,4.5668,1.4486700000000001,0.1705,0.0010429999999999999,1.0435,0.0315
2014-06-26,112.9,112.9,0.0841,4.5519,1.44577,0.1706,0.001045,1.0442,0.0315
2014-06-27,112.89,112.89,0.0852,4.39,1.4474200000000002,0.1706,0.001046,1.046,0.0314
2014-06-30,112.09,112.09,0.0851,4.41,1.45156,0.1709,0.001048,1.0462,0.0312
2014-07-01,111.32,111.32,0.1215,4.46,1.44034,0.1698,0.001041,1.0371,0.0338
2014-07-02,110.25,110.25,0.11699999999999999,4.4,1.44646,0.1705,0.001049,1.0405,0.0321
2014-07-03,109.93,109.93,0.1083,4.2927,1.4561,0.1722,0.00106,1.0469,0.0303
2014-07-07,108.94,108.94,0.0854,4.254,1.4515799999999999,0.172,0.0010550000000000002,1.0473,0.031
2014-07-08,108.15,108.15,0.08,4.17,1.44821,0.1715,0.001051,1.0475,0.0297
2014-07-10,107.7,107.7,0.0772,4.12,1.4485299999999999,0.1716,0.00105,1.0503,0.0284
2014-07-11,105.83,105.83,0.0689,4.0842,1.44886,0.1717,0.0010429999999999999,1.0503,0.0248
2014-07-14,106.32,106.32,0.0853,4.1045,1.44984,0.1715,0.001044,1.0485,0.031
2014-07-15,105.25,105.25,0.0856,4.11,1.44793,0.1719,0.001039,1.0495,0.031
2014-07-16,105.29,105.29,0.0862,4.1007,1.44374,0.172,0.001036,1.0498,0.0308
2014-07-17,106.99,106.99,0.0854,4.02,1.4464299999999999,0.1724,0.001035,1.057,0.0303
2014-07-18,105.86,105.86,0.0859,3.9074,1.44016,0.1715,0.001034,1.0503,0.0303
2014-07-21,106.57,106.57,0.0855,3.8445,1.44276,0.1718,0.001038,1.0521,0.0303
2014-07-22,105.38,105.38,0.0866,3.7957,1.43346,0.1716,0.001039,1.0492,0.0304
2014-07-23,106.85,106.85,0.0856,3.78,1.4237799999999998,0.1706,0.001033,1.042,0.0303
2014-07-24,105.6,105.6,0.0853,3.7981,1.42941,0.1714,0.001031,1.0428,0.0303
2014-07-25,106.66,106.66,0.0841,3.7851,1.42933,0.1719,0.001037,1.045,0.0303
2014-07-28,105.92,105.92,0.0823,3.83,1.42886,0.1718,0.001036,1.0436,0.0299
2014-07-29,106.16,106.16,0.0825,3.7518,1.42897,0.1724,0.001038,1.0435,0.0298
2014-07-30,104.7,104.7,0.0818,3.74,1.43575,0.1737,0.001042,1.0426,0.0301
2014-07-31,103.9,103.9,0.0815,3.75,1.44056,0.1743,0.001042,1.0466,0.0301
2014-08-01,103.56,103.56,0.1213,3.74,1.4418,0.1738,0.001041,1.0465,0.0338
2014-08-04,104.23,104.23,0.0838,3.79,1.43798,0.1734,0.001037,1.0443,0.0299
2014-08-05,103.87,103.87,0.0858,3.86,1.4375799999999999,0.1742,0.001038,1.0476,0.0304
2014-08-07,104.76,104.76,0.0857,3.98,1.44144,0.1751,0.0010400000000000001,1.0565,0.0311
2014-08-08,103.73,103.73,0.0806,3.91,1.44565,0.1751,0.001045,1.0566,0.0297
2014-08-12,102.05,102.05,0.0642,3.92,1.44235,0.1752,0.00105,1.055,0.0224
2014-08-13,103.42,103.42,0.0761,3.85,1.43635,0.1746,0.0010429999999999999,1.0494,0.0298
2014-08-14,100.71,100.71,0.0772,3.83,1.43413,0.1744,0.001052,1.0474,0.0298
2014-08-15,101.99,101.99,0.0762,3.75,1.43767,0.1745,0.0010539999999999998,1.048,0.0297
2014-08-18,100.44,100.44,0.0768,3.7588,1.43317,0.1746,0.0010539999999999998,1.0455,0.0297
2014-08-19,99.52,99.52,0.0763,3.8424,1.43187,0.175,0.0010539999999999998,1.0444,0.0297
2014-08-20,100.34,100.34,0.0753,3.8465,1.4277,0.1753,0.001052,1.0377,0.0296
2014-08-21,100.68,100.68,0.0749,3.8692,1.4276200000000001,0.1747,0.00105,1.0352,0.0299
2014-08-22,100.17,100.17,0.0739,3.8591,1.42131,0.1745,0.0010539999999999998,1.033,0.0297
2014-08-25,100.75,100.75,0.0738,3.93,1.4188399999999999,0.1748,0.0010539999999999998,1.0337,0.0298
2014-08-26,100.68,100.68,0.0738,3.9432,1.41487,0.1746,0.001057,1.0326,0.0297
2014-08-27,100.45,100.45,0.0736,3.9889,1.41299,0.1743,0.001056,1.0311,0.0296
2014-08-28,100.32,100.32,0.0741,4.0217,1.40893,0.174,0.001052,1.0304,0.0291
2014-08-29,101.26,101.26,0.0758,4.0267,1.40622,0.1743,0.0010550000000000002,1.0287,0.0289
2014-09-04,100.76,100.76,0.0823,3.89,1.38456,0.1742,0.001047,1.0161,0.0299
2014-09-05,100.15,100.15,0.0859,3.84,1.38095,0.1737,0.001041,1.0149,0.0303
2014-09-09,98.57,98.57,0.0792,3.9389999999999996,1.40577,0.1771,0.00105,1.0231,0.0293
2014-09-10,97.2,97.2,0.0772,3.9646,1.4107100000000001,0.1782,0.001058,1.0221,0.0284
2014-09-12,96.41,96.41,0.0645,3.81,1.43441,0.1804,0.0010689999999999999,1.0309,0.0223
2014-09-15,96.54,96.54,0.0772,3.9085,1.43333,0.1804,0.001067,1.0334,0.0289
2014-09-16,97.34,97.34,0.0776,3.85,1.4250399999999999,0.1789,0.001065,1.0265,0.0287
2014-09-17,97.24,97.24,0.0786,3.9668,1.43603,0.1817,0.0010710000000000001,1.0295,0.028999999999999998
2014-09-18,96.44,96.44,0.0778,3.9648,1.43737,0.1811,0.001065,1.0233,0.0289
2014-09-19,96.95,96.95,0.0711,3.8594,1.43721,0.1824,0.001073,1.0273,0.0292
2014-09-22,95.28,95.28,0.0706,3.8679,1.4481600000000001,0.1835,0.001083,1.0355,0.0291
2014-09-23,94.98,94.98,0.0763,3.8956,1.4532100000000001,0.1843,0.0010869999999999999,1.0387,0.0293
2014-09-24,95.06,95.06,0.0755,3.84,1.4384700000000001,0.1835,0.001082,1.0321,0.0295
2014-09-25,95.33,95.33,0.0773,3.8781,1.4510100000000001,0.1854,0.00109,1.0463,0.0296
2014-09-26,95.22,95.22,0.0776,3.91,1.44712,0.1862,0.0010869999999999999,1.0438,0.0291
2014-09-29,95.42,95.42,0.0772,4.02,1.45505,0.1865,0.001086,1.0474,0.0291
2014-09-30,93.17,93.17,0.0772,4.1385,1.4441700000000002,0.1863,0.00108,1.0426,0.0289
2014-10-01,93.51,93.51,0.1207,4.14,1.44465,0.1865,0.001077,1.0507,0.0337
2014-10-02,92.92,92.92,0.1186,4.0,1.43913,0.1851,0.001072,1.0474,0.0321
2014-10-03,91.37,91.37,0.1083,3.93,1.44259,0.1878,0.00108,1.0502,0.0305
2014-10-06,92.15,92.15,0.0859,3.88,1.44411,0.1859,0.001072,1.0490000000000002,0.0311
2014-10-07,91.01,91.01,0.0857,3.8702,1.4368,0.1847,0.0010630000000000001,1.0499,0.0313
2014-10-09,88.32,88.32,0.0769,3.87,1.4450100000000001,0.1857,0.001065,1.0559,0.0293
2014-10-10,89.63,89.63,0.0772,3.8560000000000003,1.45394,0.1878,0.001073,1.0698,0.0285
2014-10-13,87.91,87.91,0.0775,3.8723,1.45374,0.1861,0.0010689999999999999,1.067,0.0282
2014-10-14,85.07,85.07,0.0775,3.9059,1.45272,0.1874,0.001077,1.0721,0.0281
2014-10-15,83.12,83.12,0.0776,3.8238,1.45402,0.1849,0.001068,1.0694,0.0279
2014-10-16,86.29,86.29,0.0775,3.7933,1.4627700000000001,0.1865,0.001076,1.074,0.0279
2014-10-17,85.11,85.11,0.0776,3.7199,1.45926,0.1867,0.001075,1.0698,0.0281
2014-10-20,84.28,84.28,0.0769,3.65,1.4573399999999999,0.1859,0.001078,1.0646,0.0277
2014-10-21,85.31,85.31,0.0777,3.62,1.44846,0.18600000000000003,0.0010789999999999999,1.0642,0.0278
2014-10-22,83.79,83.79,0.0761,3.68,1.44085,0.1862,0.0010810000000000001,1.0632,0.0275
2014-10-23,85.89,85.89,0.0769,3.5971,1.4433799999999999,0.1865,0.001077,1.0541,0.0274
2014-10-24,85.29,85.29,0.0769,3.5324,1.4415200000000001,0.1858,0.001075,1.0503,0.0271
2014-10-27,84.6,84.6,0.0769,3.5447,1.44265,0.1857,0.00108,1.0537,0.0269
2014-10-28,85.23,85.23,0.077,3.5166,1.4380000000000002,0.1847,0.001078,1.0439,0.0266
2014-10-29,85.66,85.66,0.077,3.5619,1.43587,0.18600000000000003,0.0010789999999999999,1.0438,0.0263
2014-10-30,84.9,84.9,0.0769,3.7414,1.42769,0.1851,0.001074,1.0366,0.0272
2014-10-31,84.8,84.8,0.0769,3.7803,1.42364,0.18600000000000003,0.001059,1.012,0.0264
2014-11-03,83.55,83.55,0.1083,3.7099,1.43783,0.1882,0.0010630000000000001,1.0101,0.0306
2014-11-04,82.12,82.12,0.0795,3.66,1.4357600000000001,0.1871,0.0010609999999999999,1.0073,0.0299
2014-11-06,82.16,82.16,0.0865,3.9125,1.44584,0.1911,0.00107,1.0141,0.031
2014-11-07,82.38,82.38,0.0854,4.0105,1.4419600000000001,0.1892,0.001065,1.0103,0.0312
2014-11-11,80.34,80.34,0.0632,4.063,1.43622,0.188,0.001052,0.9944,0.0248
2014-11-12,78.85,78.85,0.0636,4.2039,1.42661,0.1872,0.001047,0.9935,0.0214
2014-11-13,76.24,76.24,0.0644,4.18,1.43049,0.1872,0.001045,0.9907,0.0245
2014-11-14,78.26,78.26,0.0644,4.05,1.4313799999999999,0.1865,0.001039,0.9827,0.0243
2014-11-17,77.52,77.52,0.0644,4.2199,1.4296,0.1874,0.0010429999999999999,0.9843,0.0243
2014-11-18,76.85,76.85,0.0644,4.3161,1.4377,0.1873,0.001042,0.9814,0.0245
2014-11-19,76.6,76.6,0.0665,4.3912,1.45666,0.1895,0.001041,0.9835,0.0248
2014-11-20,78.53,78.53,0.0658,4.4110000000000005,1.4548,0.1893,0.0010429999999999999,0.9813,0.0251
2014-11-21,79.2,79.2,0.0658,4.31,1.42903,0.1883,0.001038,0.9790000000000001,0.0252
2014-11-24,78.09,78.09,0.0662,4.0574,1.44377,0.1889,0.001042,0.981,0.0258
2014-11-25,76.96,76.96,0.0663,4.1254,1.46232,0.1911,0.001056,0.9937,0.0253
2014-11-26,76.35,76.35,0.0662,4.2394,1.4630100000000001,0.1905,0.001059,0.9934,0.0247
2014-11-28,68.99,68.99,0.066,4.25,1.4638799999999998,0.1913,0.001056,0.9914,0.0234
2014-12-02,70.64,70.64,0.1151,3.7444,1.4663,0.1926,0.0010609999999999999,0.9933,0.0318
2014-12-03,69.72,69.72,0.1067,3.6323,1.46468,0.1934,0.001066,0.9932,0.0305
2014-12-05,68.22,68.22,0.0849,3.4266,1.47671,0.1954,0.00107,0.9886,0.0305
2014-12-08,65.67,65.67,0.0765,3.4961,1.4851299999999998,0.1954,0.001084,0.9990000000000001,0.0298
2014-12-09,65.95,65.95,0.0778,3.6032,1.49213,0.1949,0.001091,1.0073,0.0293
2014-12-11,62.78,62.78,0.0631,3.6754,1.50082,0.1952,0.0010960000000000002,1.0183,0.0255
2014-12-12,61.09,61.09,0.0635,3.5785,1.5111700000000001,0.1959,0.001099,1.0211,0.0208
2014-12-15,59.83,59.83,0.0639,3.6574,1.5144,0.1966,0.001109,1.0336,0.0185
2014-12-16,59.17,59.17,0.0633,3.5610000000000004,1.52229,0.1965,0.001125,1.0452,0.018000000000000002
2014-12-17,59.89,59.89,0.0632,3.6551,1.51946,0.1987,0.0011220000000000002,1.0377,0.0203
2014-12-18,59.21,59.21,0.0632,3.6741,1.50475,0.19699999999999998,0.001113,1.0307,0.0198
2014-12-19,61.25,61.25,0.0632,3.4369,1.50481,0.1973,0.001116,1.0273,0.0206
2014-12-22,59.05,59.05,0.0624,3.0352,1.50338,0.1975,0.001118,1.0244,0.0221
2014-12-23,59.67,59.67,0.0636,2.9714,1.50183,0.1982,0.001115,1.0224,0.0226
2014-12-24,58.48,58.48,0.0634,2.7548,1.50396,0.1983,0.001117,1.0234,0.0231
2014-12-26,57.83,57.83,0.0633,2.7375,1.49999,0.1982,0.001113,1.023,0.023
2014-12-29,56.29,56.29,0.0632,3.0082,1.49437,0.1975,0.001117,1.0195,0.0208
2014-12-30,55.81,55.81,0.0633,3.1173,1.48555,0.19699999999999998,0.001114,1.0231,0.0221
2014-12-31,55.76,55.76,0.0633,2.9949,1.47995,0.1973,0.001119,1.0229,0.0211
2015-01-05,52.35,52.35,0.0471,3.2074,1.47622,0.1989,0.001115,1.0341,0.0246
2015-01-06,50.22,50.22,0.0475,2.9624,1.47076,0.1991,0.001125,1.0449,0.0245
2015-01-07,50.16,50.16,0.0476,3.0663,1.46555,0.1993,0.001127,1.0379,0.0234
2015-01-09,49.37,49.37,0.0458,2.9511,1.44345,0.1963,0.001123,1.0284,0.0215
2015-01-12,46.49,46.49,0.0419,2.8961,1.45072,0.1976,0.001132,1.036,0.0205
2015-01-13,46.33,46.33,0.0632,2.8905,1.4417200000000001,0.1975,0.001135,1.0385,0.0188
2015-01-14,47.63,47.63,0.0627,3.1325,1.4465700000000001,0.198,0.0011330000000000001,1.0458,0.0191
2015-01-15,46.33,46.33,0.0632,3.2946,1.4156799999999998,0.1966,0.001131,1.0475,0.0186
2015-01-16,47.69,47.69,0.0643,3.0905,1.4068100000000001,0.1959,0.001126,1.0334,0.0186
2015-01-20,45.47,45.47,0.0632,2.9245,1.41346,0.1969,0.001125,1.0303,0.0188
2015-01-21,46.2,46.2,0.0633,2.9419,1.43603,0.1991,0.001142,1.0484,0.019
2015-01-22,46.52,46.52,0.0632,2.9329,1.4159700000000002,0.2006,0.001149,1.0514,0.0194
2015-01-23,45.89,45.89,0.0632,2.96,1.41583,0.2029,0.001173,1.0731,0.0194
2015-01-26,45.25,45.25,0.0631,2.9254,1.41814,0.2018,0.001168,1.0655,0.0184
2015-01-27,46.54,46.54,0.0627,2.9528,1.4339600000000001,0.2018,0.001169,1.069,0.0185
2015-01-28,46.26,46.26,0.0628,2.8898,1.43089,0.2029,0.001167,1.0784,0.0187
2015-01-29,46.85,46.85,0.0628,2.8798,1.45845,0.2062,0.0011710000000000002,1.089,0.0187
2015-01-30,50.77,50.77,0.0617,2.6808,1.45464,0.20600000000000002,0.001168,1.0953,0.0186
2015-02-02,53.69,53.69,0.0617,2.6335,1.45347,0.2047,0.001166,1.0898,0.0188
2015-02-03,55.59,55.59,0.0378,2.6672,1.47329,0.2051,0.001174,1.0918,0.0206
2015-02-04,53.17,53.17,0.0426,2.7286,1.46338,0.2064,0.001185,1.0998,0.0233
2015-02-06,57.52,57.52,0.0475,2.5542,1.45125,0.2054,0.001168,1.0767,0.0244
2015-02-09,57.17,57.17,0.0452,2.5963,1.4514,0.2052,0.00117,1.0804,0.0212
2015-02-10,56.29,56.29,0.0473,2.634,1.4569,0.2062,0.0011710000000000002,1.0776,0.0215
2015-02-11,54.23,54.23,0.0434,2.8473,1.46859,0.2075,0.001169,1.0756,0.022000000000000002
2015-02-12,57.04,57.04,0.0427,2.8711,1.47425,0.207,0.001174,1.0854,0.0203
2015-02-13,59.41,59.41,0.0383,2.7292,1.46793,0.2064,0.001174,1.0854,0.0203
2015-02-17,61.23,61.23,0.0379,2.946,1.45943,0.2046,0.001153,1.0726,0.0205
2015-02-18,58.53,58.53,0.0367,2.9330000000000003,1.4592,0.2047,0.001155,1.0776,0.0208
2015-02-19,59.34,59.34,0.0368,2.9655,1.45892,0.2052,0.001155,1.0789,0.0207
2015-02-20,59.79,59.79,0.0356,2.9899,1.45115,0.2038,0.0011480000000000001,1.0715,0.0205
2015-02-23,58.57,58.57,0.036000000000000004,3.1899,1.45274,0.2048,0.0011560000000000001,1.0788,0.0202
2015-02-24,58.31,58.31,0.0305,3.1262,1.44808,0.2041,0.001155,1.0733,0.0203
2015-02-25,61.3,61.3,0.0406,3.1939,1.44054,0.2026,0.001152,1.0669,0.0207
2015-02-26,59.69,59.69,0.0297,3.1143,1.4356799999999998,0.2049,0.0011619999999999998,1.0737,0.021
2015-02-27,61.81,61.81,0.0367,2.7547,1.43351,0.2042,0.001163,1.0706,0.0207
2015-03-02,60.87,60.87,0.0614,2.84,1.44012,0.2053,0.001167,1.072,0.0196
2015-03-03,61.03,61.03,0.0413,2.9267,1.42964,0.2039,0.001166,1.0684,0.0207
2015-03-04,60.11,60.11,0.0441,3.2586,1.4171200000000002,0.204,0.001161,1.0688,0.0231
2015-03-06,59.35,59.35,0.0478,2.8810000000000002,1.40524,0.2069,0.001166,1.0726,0.0236
2015-03-09,58.14,58.14,0.0453,2.7175,1.40888,0.2072,0.001165,1.0716,0.0213
2015-03-11,57.18,57.18,0.043,2.7889999999999997,1.3886399999999999,0.2102,0.001163,1.0839,0.0222
2015-03-12,56.34,56.34,0.0433,2.8193,1.37976,0.2072,0.001152,1.0697,0.0202
2015-03-13,53.83,53.83,0.0462,2.6915,1.37437,0.2092,0.00115,1.0787,0.0211
2015-03-16,52.61,52.61,0.0457,2.6616,1.38295,0.2091,0.0011560000000000001,1.0792,0.021
2015-03-17,51.33,51.33,0.0447,2.7895,1.39119,0.2101,0.0011619999999999998,1.0815,0.0214
2015-03-18,54.29,54.29,0.0427,2.7659,1.39717,0.2064,0.001157,1.0708,0.0217
2015-03-19,52.44,52.44,0.0432,2.8431,1.39363,0.21100000000000002,0.001165,1.0824,0.0218
2015-03-20,53.19,53.19,0.0453,2.8232,1.39192,0.2072,0.001155,1.0713,0.0217
2015-03-23,53.79,53.79,0.0442,2.6864,1.3889200000000002,0.2042,0.00115,1.06,0.0216
2015-03-24,53.22,53.22,0.0431,2.7777,1.38687,0.2046,0.00115,1.06,0.022000000000000002
2015-03-25,54.36,54.36,0.0449,2.7415,1.39835,0.2052,0.001158,1.0669,0.0222
2015-03-26,56.84,56.84,0.0427,2.7339,1.39037,0.2056,0.0011560000000000001,1.0717,0.0223
2015-03-27,54.36,54.36,0.0427,2.6323,1.40462,0.2076,0.001169,1.0835,0.0223
2015-03-30,54.79,54.79,0.0424,2.6136,1.4154,0.2105,0.001179,1.0882,0.0227
2015-03-31,53.34,53.34,0.0427,2.6238,1.4108,0.212,0.001185,1.0943,0.0226
2015-04-02,54.23,54.23,0.0597,2.5873,1.4330100000000001,0.2125,0.001207,1.1001,0.019
2015-04-06,57.09,57.09,0.0475,2.6175,1.4386299999999999,0.2127,0.001213,1.1022,0.0231
2015-04-08,55.27,55.27,0.0464,2.6696,1.40295,0.2098,0.001191,1.0834,0.0216
2015-04-09,55.82,55.82,0.0454,2.6284,1.3856700000000002,0.2095,0.001185,1.0782,0.0211
2015-04-13,56.7,56.7,0.0444,2.5573,1.39235,0.212,0.001196,1.0968,0.0253
2015-04-14,57.59,57.59,0.0455,2.5503,1.39723,0.2111,0.001201,1.0982,0.0257
2015-04-15,60.2,60.2,0.0446,2.5815,1.39125,0.2098,0.001192,1.0926,0.0262
2015-04-16,62.16,62.16,0.0478,2.5795,1.3790799999999999,0.2068,0.001182,1.0769,0.0257
2015-04-17,61.21,61.21,0.0477,2.6354,1.38847,0.2073,0.001186,1.0806,0.0247
2015-04-20,61.18,61.18,0.0438,2.5466,1.39,0.2087,0.0011949999999999999,1.0863,0.0243
2015-04-21,59.32,59.32,0.044000000000000004,2.5664,1.39224,0.2091,0.0011970000000000001,1.0837,0.0241
2015-04-22,60.54,60.54,0.0443,2.5976,1.3829200000000001,0.2082,0.00119,1.0753,0.0247
2015-04-23,62.62,62.62,0.0444,2.5528,1.39152,0.2074,0.001189,1.075,0.0253
2015-04-24,63.63,63.63,0.0436,2.5602,1.39002,0.2063,0.001187,1.0744,0.0251
2015-04-27,62.58,62.58,0.0436,2.4829,1.38582,0.2046,0.00119,1.0689,0.0246
2015-04-28,62.67,62.67,0.0442,2.5334,1.36853,0.2009,0.0011710000000000002,1.0487,0.0243
2015-04-29,63.66,63.66,0.0483,2.55,1.38986,0.2014,0.001167,1.0490000000000002,0.0245
2015-04-30,64.86,64.86,0.0471,2.5629,1.41982,0.2039,0.001174,1.0599,0.0245
2015-05-01,65.4,65.4,0.0632,2.6662,1.42629,0.2054,0.001179,1.0604,0.0204
2015-05-05,66.37,66.37,0.0479,2.7601,1.40842,0.2029,0.001165,1.0504,0.0249
2015-05-06,66.22,66.22,0.0475,2.7459,1.4239600000000001,0.2024,0.001161,1.0506,0.0233
2015-05-08,64.31,64.31,0.0463,2.7671,1.41266,0.203,0.001159,1.0526,0.0214
2015-05-11,63.87,63.87,0.044000000000000004,2.8463,1.41369,0.2041,0.001155,1.0554,0.0221
2015-05-13,65.83,65.83,0.0483,2.8625,1.3995799999999998,0.1987,0.0011279999999999999,1.0344,0.025
2015-05-14,65.74,65.74,0.0488,2.8746,1.41201,0.1996,0.001137,1.0385,0.0247
2015-05-15,65.79,65.79,0.0476,2.958,1.42408,0.2005,0.001147,1.0428,0.0251
2015-05-18,65.58,65.58,0.0463,3.0095,1.41602,0.2017,0.0011480000000000001,1.0431,0.0254
2015-05-19,63.16,63.16,0.0474,3.0716,1.40889,0.2036,0.0011539999999999999,1.0469,0.0255
2015-05-20,63.66,63.66,0.0483,2.9837,1.40872,0.2047,0.001158,1.0465,0.0255
2015-05-21,65.39,65.39,0.0482,2.9311,1.40745,0.2044,0.001158,1.0465,0.0253
2015-05-22,64.78,64.78,0.0482,2.8822,1.40777,0.20600000000000002,0.001165,1.0507,0.0256
2015-05-26,62.49,62.49,0.0464,2.8187,1.40575,0.2084,0.001167,1.05,0.0254
2015-05-27,61.1,61.1,0.0474,2.824,1.4107100000000001,0.2086,0.001166,1.0462,0.0249
2015-05-28,61.31,61.31,0.0477,2.7691,1.4314,0.2108,0.001179,1.0546,0.0249
2015-05-29,63.89,63.89,0.0475,2.6424,1.43671,0.2111,0.001173,1.0539,0.025
2015-06-01,64.11,64.11,0.0632,2.5998,1.4367299999999998,0.2121,0.001178,1.0537,0.0196
2015-06-02,64.41,64.41,0.0396,2.6239999999999997,1.43471,0.2076,0.0011619999999999998,1.0366,0.0192
2015-06-03,62.66,62.66,0.044000000000000004,2.6349,1.4479799999999998,0.2072,0.00116,1.0338,0.0214
2015-06-04,61.03,61.03,0.0427,2.5896,1.4617200000000001,0.2098,0.001168,1.0458,0.0238
2015-06-05,62.18,62.18,0.0476,2.557,1.4580799999999998,0.2114,0.001167,1.0452,0.0247
2015-06-08,61.47,61.47,0.047,2.6542,1.4659200000000001,0.2092,0.001161,1.043,0.0213
2015-06-10,64.59,64.59,0.047,2.918,1.4598,0.2076,0.00116,1.05,0.0221
2015-06-11,63.78,63.78,0.0445,2.8706,1.4516799999999999,0.2078,0.001158,1.0447,0.0222
2015-06-15,62.27,62.27,0.0466,2.865,1.4530399999999999,0.2074,0.001153,1.0435,0.0236
2015-06-16,62.1,62.1,0.046,2.9357,1.45096,0.2078,0.001153,1.0456,0.024
2015-06-17,61.51,61.51,0.046,2.9327,1.46302,0.2078,0.001157,1.0454,0.024
2015-06-18,62.92,62.92,0.0473,2.8589,1.45655,0.2065,0.00116,1.0427,0.024
2015-06-19,60.78,60.78,0.0461,2.8089,1.4622,0.2072,0.001166,1.0489,0.0238
2015-06-22,61.19,61.19,0.046,2.775,1.46751,0.2084,0.001175,1.0490000000000002,0.024
2015-06-23,62.39,62.39,0.0465,2.83,1.44346,0.2083,0.001168,1.0429,0.024
2015-06-24,62.08,62.08,0.0474,2.7665,1.45441,0.2091,0.001169,1.048,0.0238
2015-06-25,62.0,62.0,0.0476,2.79,1.44779,0.2081,0.0011619999999999998,1.0452,0.0236
2015-06-26,61.35,61.35,0.0477,2.7676,1.4586,0.2103,0.001163,1.0546,0.0238
2015-06-29,60.51,60.51,0.0474,2.8006,1.46317,0.2097,0.001163,1.0626,0.0234
2015-06-30,61.36,61.36,0.0476,2.7739999999999996,1.44605,0.2093,0.001159,1.0594,0.0235
2015-07-01,60.88,60.88,0.0632,2.8132,1.44585,0.2109,0.0011619999999999998,1.0619,0.0197
2015-07-07,56.46,56.46,0.0464,2.7306,1.47769,0.2161,0.001182,1.0951,0.0237
2015-07-08,56.29,56.29,0.0473,2.708,1.49091,0.2168,0.001185,1.1151,0.0211
2015-07-09,57.65,57.65,0.0455,2.6849,1.48189,0.2163,0.001186,1.1068,0.0209
2015-07-10,58.05,58.05,0.047,2.7481,1.4986,0.2163,0.001187,1.0939,0.0222
2015-07-13,57.25,57.25,0.045,2.8795,1.4858,0.2175,0.001188,1.094,0.0239
2015-07-14,57.73,57.73,0.045,2.9478,1.47714,0.2161,0.001174,1.0874,0.0238
2015-07-15,56.26,56.26,0.0446,2.9184,1.4839200000000001,0.2182,0.001181,1.0946,0.0238
2015-07-16,56.45,56.45,0.0453,2.9009,1.46879,0.2175,0.001178,1.0879,0.0237
2015-07-17,56.34,56.34,0.0458,2.8439,1.46943,0.2184,0.001179,1.0928,0.0238
2015-07-20,55.66,55.66,0.0439,2.8362,1.46853,0.2184,0.001173,1.0915,0.0238
2015-07-21,56.11,56.11,0.0453,2.8815,1.47383,0.217,0.001173,1.088,0.0236
2015-07-22,55.37,55.37,0.0453,2.8930000000000002,1.4815399999999999,0.2183,0.001172,1.0936,0.0236
2015-07-23,54.58,54.58,0.045,2.9130000000000003,1.4934,0.2189,0.00117,1.0971,0.0235
2015-07-24,53.81,53.81,0.0455,2.8156,1.50784,0.2211,0.001173,1.1092,0.0235
2015-07-27,52.17,52.17,0.0452,2.8283,1.52535,0.2215,0.001178,1.1161,0.0229
2015-07-28,52.26,52.26,0.0447,2.8755,1.50757,0.2195,0.001175,1.1033,0.0227
2015-07-29,52.7,52.7,0.0454,2.9011,1.5056399999999999,0.2208,0.00118,1.1059999999999999,0.0234
2015-07-30,52.39,52.39,0.0474,2.8474,1.4990700000000001,0.2208,0.001169,1.1047,0.023
2015-07-31,50.57,50.57,0.0471,2.7668,1.5028700000000002,0.2205,0.001173,1.1052,0.0222
2015-08-04,49.4,49.4,0.0425,2.8192,1.47451,0.2182,0.001159,1.0899,0.0243
2015-08-05,48.9,48.9,0.0474,2.8555,1.4825700000000002,0.2189,0.001158,1.0888,0.0247
2015-08-06,49.06,49.06,0.0473,2.7642,1.48718,0.2192,0.001169,1.0911,0.0233
2015-08-07,48.05,48.05,0.0463,2.8019,1.47832,0.2171,0.001157,1.0849,0.0234
2015-08-10,49.52,49.52,0.047,2.8525,1.48641,0.2172,0.001164,1.0824,0.0224
2015-08-12,49.38,49.38,0.0437,2.9139999999999997,1.51235,0.2122,0.001155,1.091,0.02
2015-08-13,48.61,48.61,0.046,2.9159,1.51486,0.2124,0.001153,1.0921,0.021
2015-08-14,47.32,47.32,0.0454,2.8266,1.50581,0.2121,0.00115,1.09,0.0209
2015-08-17,47.52,47.52,0.0448,2.7642,1.50273,0.2121,0.001146,1.0906,0.0207
2015-08-18,47.54,47.54,0.0469,2.7102,1.50166,0.213,0.0011480000000000001,1.095,0.0207
2015-08-19,45.3,45.3,0.0466,2.7319999999999998,1.51334,0.2128,0.001149,1.0992,0.0204
2015-08-20,45.06,45.06,0.0451,2.7104,1.5322,0.2133,0.00115,1.1041,0.0201
2015-08-21,44.32,44.32,0.0454,2.6974,1.55664,0.214,0.001143,1.1198,0.0198
2015-08-24,40.74,40.74,0.0451,2.635,1.6236,0.2182,0.001173,1.18,0.0197
2015-08-25,41.6,41.6,0.0443,2.6959,1.6154700000000002,0.2187,0.001178,1.1799,0.0203
2015-08-26,41.69,41.69,0.0459,2.7172,1.58844,0.2191,0.001186,1.1707,0.0204
2015-08-27,45.74,45.74,0.047,2.6835,1.56939,0.2179,0.001189,1.1531,0.0212
2015-08-28,48.27,48.27,0.0472,2.656,1.5594,0.2182,0.001181,1.146,0.0214
2015-08-31,51.28,51.28,0.0449,2.678,1.57607,0.2204,0.001188,1.1595,0.022000000000000002
2015-09-01,47.56,47.56,0.0628,2.7456,1.6122299999999998,0.2239,0.001207,1.1938,0.0197
2015-09-02,49.7,49.7,0.04,2.7151,1.59503,0.2236,0.0012,1.1808,0.0195
2015-09-03,49.97,49.97,0.0428,2.6721,1.58507,0.2242,0.001196,1.1868,0.0215
2015-09-04,48.68,48.68,0.0429,2.6692,1.6137299999999999,0.2276,0.001204,1.2164,0.025
2015-09-09,46.49,46.49,0.0453,2.7308,1.5969799999999998,0.2234,0.001196,1.1821,0.0208
2015-09-10,48.08,48.08,0.0458,2.7087,1.5950600000000001,0.2217,0.001196,1.1721,0.0221
2015-09-11,47.41,47.41,0.0439,2.6646,1.59877,0.2212,0.001192,1.1696,0.022000000000000002
2015-09-14,45.52,45.52,0.0455,2.7025,1.58556,0.22,0.001184,1.1652,0.0207
2015-09-15,46.12,46.12,0.0454,2.7307,1.578,0.2198,0.001188,1.1629,0.021
2015-09-16,47.95,47.95,0.046,2.6833,1.56861,0.2181,0.001188,1.1525,0.0212
2015-09-17,47.61,47.61,0.0465,2.6765,1.5939,0.21899999999999997,0.001194,1.1615,0.0213
2015-09-18,46.15,46.15,0.0459,2.6255,1.56734,0.2186,0.001185,1.16,0.0209
2015-09-21,46.93,46.93,0.0461,2.5917,1.56908,0.2201,0.00119,1.1631,0.0211
2015-09-22,47.22,47.22,0.046,2.5861,1.5684,0.2212,0.00119,1.1739,0.0214
2015-09-23,45.92,45.92,0.0472,2.5888,1.59725,0.2236,0.0011949999999999999,1.1871,0.0215
2015-09-24,46.59,46.59,0.0467,2.563,1.59854,0.223,0.0011949999999999999,1.1857,0.0215
2015-09-25,46.67,46.67,0.0464,2.5455,1.5938,0.2233,0.001193,1.1801,0.0217
2015-09-28,45.86,45.86,0.0465,2.6346,1.60877,0.2246,0.001196,1.1931,0.0216
2015-09-29,46.46,46.46,0.0466,2.5306,1.61043,0.2251,0.0011970000000000001,1.1957,0.0218
2015-09-30,47.13,47.13,0.0472,2.4747,1.5927,0.2243,0.001202,1.1886,0.0218
2015-10-02,47.41,47.41,0.039,2.2613,1.5955700000000002,0.2232,0.001209,1.1823,0.0198
2015-10-06,51.47,51.47,0.0474,2.3508,1.5730899999999999,0.2196,0.001202,1.1608,0.0237
2015-10-07,51.22,51.22,0.0456,2.4647,1.55905,0.2183,0.0011970000000000001,1.1561,0.0238
2015-10-08,52.71,52.71,0.0466,2.4372,1.55325,0.2169,0.001196,1.1488,0.0214
2015-10-09,52.03,52.03,0.0466,2.3667,1.54795,0.2148,0.001188,1.1338,0.0209
2015-10-12,49.67,49.67,0.0425,2.4355,1.54282,0.2148,0.001187,1.1316,0.02
2015-10-13,48.43,48.43,0.0465,2.435,1.5707,0.2177,0.0012,1.1528,0.0219
2015-10-14,47.83,47.83,0.0465,2.4367,1.5716700000000001,0.2158,0.0012050000000000001,1.1527,0.0219
2015-10-15,48.67,48.67,0.046,2.4919,1.5537100000000001,0.215,0.001215,1.1475,0.0222
2015-10-16,49.04,49.04,0.047,2.3798,1.56264,0.2166,0.001217,1.1519,0.0225
2015-10-19,47.58,47.58,0.0463,2.4241,1.56274,0.2169,0.001219,1.1544,0.0221
2015-10-20,46.78,46.78,0.045,2.448,1.5626799999999998,0.217,0.001217,1.1494,0.0222
2015-10-21,45.94,45.94,0.0449,2.3586,1.57253,0.2185,0.001217,1.1566,0.0222
2015-10-22,46.29,46.29,0.0447,2.3391,1.5411,0.2182,0.001227,1.1496,0.0221
2015-10-23,46.04,46.04,0.044000000000000004,2.2651,1.5267600000000001,0.2182,0.001219,1.141,0.0222
2015-10-26,45.43,45.43,0.0441,2.1407,1.52545,0.2172,0.001221,1.1394,0.0219
2015-10-27,45.08,45.08,0.0437,2.0663,1.53653,0.2188,0.001224,1.1542,0.0213
2015-10-28,47.19,47.19,0.0435,2.0981,1.5351700000000001,0.2212,0.001228,1.1613,0.022000000000000002
2015-10-29,46.62,46.62,0.0428,2.103,1.55185,0.2224,0.0012380000000000002,1.1672,0.022000000000000002
2015-10-30,47.62,47.62,0.0436,1.9379,1.54198,0.2218,0.001228,1.1616,0.0219
2015-11-02,47.79,47.79,0.0385,1.9227,1.54149,0.2208,0.00123,1.1589,0.0199
2015-11-03,48.9,48.9,0.0455,1.9006,1.52581,0.2197,0.001231,1.1494,0.0214
2015-11-05,46.91,46.91,0.0474,2.0951,1.52358,0.2206,0.00123,1.1498,0.0247
2015-11-06,46.6,46.6,0.0476,2.1733,1.52199,0.2235,0.001232,1.1529,0.0235
2015-11-09,46.34,46.34,0.0459,2.125,1.52585,0.223,0.001225,1.1520000000000001,0.0208
2015-11-11,44.95,44.95,0.0437,2.1145,1.52139,0.2224,0.0012259999999999999,1.1525,0.0216
2015-11-12,43.34,43.34,0.042,2.0140000000000002,1.51746,0.2204,0.00121,1.1445,0.0198
2015-11-13,42.16,42.16,0.0432,2.0093,1.51187,0.2202,0.001199,1.1442,0.021
2015-11-16,42.69,42.69,0.0428,2.1392,1.50583,0.2212,0.0012050000000000001,1.1440000000000001,0.0216
2015-11-17,41.71,41.71,0.0428,2.0493,1.4963899999999999,0.2205,0.001202,1.1393,0.0216
2015-11-18,42.1,42.1,0.042,2.0981,1.4991,0.2203,0.0012050000000000001,1.1374,0.0217
2015-11-19,41.97,41.97,0.0421,2.1463,1.4920799999999999,0.2178,0.001202,1.1312,0.0215
2015-11-20,42.26,42.26,0.0415,2.1602,1.4706,0.2164,0.001196,1.1251,0.0213
2015-11-23,43.21,43.21,0.0418,2.1389,1.47894,0.2176,0.0012,1.1319,0.0211
2015-11-24,44.33,44.33,0.042,2.1092,1.46689,0.2158,0.001202,1.1251,0.0211
2015-11-25,44.64,44.64,0.0424,2.0566,1.46509,0.2158,0.0012050000000000001,1.1239,0.021
2015-11-27,43.05,43.05,0.0425,2.0425,1.4725,0.2174,0.001202,1.1321,0.0209
2015-11-30,42.82,42.82,0.0421,2.0878,1.4618,0.2163,0.001193,1.1239,0.0208
2015-12-01,43.48,43.48,0.0628,2.1473,1.45185,0.2134,0.001182,1.1113,0.0194
2015-12-02,41.87,41.87,0.0375,2.1728,1.45234,0.2138,0.001176,1.11,0.0198
2015-12-03,42.99,42.99,0.0463,2.1134,1.49017,0.2129,0.00118,1.111,0.0212
2015-12-08,39.68,39.68,0.0468,1.9784,1.50968,0.2159,0.001174,1.1271,0.021
2015-12-10,39.04,39.04,0.0461,1.9083,1.50268,0.2133,0.001165,1.1293,0.0218
2015-12-11,37.33,37.33,0.0435,1.7702,1.5283799999999998,0.2155,0.001172,1.1495,0.021
2015-12-14,37.16,37.16,0.0421,1.6869999999999998,1.51749,0.2138,0.001166,1.1408,0.0196
2015-12-15,36.91,36.91,0.0418,1.645,1.51973,0.2151,0.001184,1.1425,0.0199
2015-12-16,36.14,36.14,0.0424,1.6788,1.50871,0.2136,0.001179,1.1312,0.0196
2015-12-17,35.34,35.34,0.0427,1.7472,1.5186899999999999,0.2164,0.001184,1.1447,0.0197
2015-12-18,35.05,35.05,0.0422,1.6996,1.51421,0.2151,0.001178,1.1507,0.0196
2015-12-21,34.78,34.78,0.043,1.7058,1.51817,0.2146,0.001184,1.1476,0.0195
2015-12-22,34.85,34.85,0.0437,1.7438,1.51419,0.2133,0.00118,1.1417,0.0194
2015-12-23,36.19,36.19,0.0438,1.6248,1.50852,0.2134,0.001178,1.1434,0.0198
2015-12-24,36.49,36.49,0.0437,1.5284,1.50918,0.2126,0.001178,1.1431,0.0196
2015-12-28,35.03,35.03,0.0426,2.0834,1.51295,0.2126,0.00118,1.1458,0.0191
2015-12-29,36.35,36.35,0.042,2.3669,1.49668,0.2113,0.00117,1.1379,0.019
2015-12-30,35.05,35.05,0.0416,2.2698,1.5002799999999998,0.2114,0.001165,1.1386,0.0187
2015-12-31,35.75,35.75,0.0416,2.3124,1.4915100000000001,0.2112,0.001166,1.1414,0.0188
2016-01-04,36.23,36.23,0.0384,2.3857,1.5062799999999998,0.2129,0.001168,1.1643,0.0193
2016-01-06,32.95,32.95,0.0399,2.3499,1.52451,0.2157,0.001178,1.1934,0.0206
2016-01-07,32.44,32.44,0.0403,2.3462,1.55926,0.2163,0.001191,1.2123,0.0209
2016-01-08,32.05,32.05,0.0403,2.4695,1.56939,0.2181,0.001191,1.2268,0.0198
2016-01-11,29.64,29.64,0.039,2.5259,1.55235,0.2176,0.001186,1.2143,0.0206
2016-01-12,28.68,28.68,0.0389,2.3826,1.55427,0.2178,0.001183,1.2165,0.0211
2016-01-13,28.35,28.35,0.0429,2.3023,1.56361,0.2187,0.001189,1.2215,0.0188
2016-01-14,29.8,29.8,0.0415,2.1925,1.55561,0.2173,0.001186,1.213,0.0188
2016-01-15,27.93,27.93,0.040999999999999995,2.1816,1.5911600000000001,0.2205,0.001201,1.2453,0.0187
2016-01-19,27.38,27.38,0.0405,2.2154,1.57904,0.2193,0.001199,1.2304,0.0184
2016-01-20,26.39,26.39,0.0409,2.1419,1.57646,0.2213,0.0011970000000000001,1.2378,0.0178
2016-01-21,28.19,28.19,0.0402,2.2037,1.55377,0.21899999999999997,0.001187,1.2139,0.0173
2016-01-22,30.98,30.98,0.0407,2.2166,1.54182,0.2162,0.001192,1.2023,0.0183
2016-01-25,28.68,28.68,0.0403,2.1413,1.55985,0.2176,0.001198,1.2155,0.018000000000000002
2016-01-26,29.95,29.95,0.0402,2.2288,1.55193,0.2171,0.001191,1.2056,0.0181
2016-01-27,31.7,31.7,0.0401,2.2384,1.55024,0.2161,0.001178,1.1992,0.0182
2016-01-28,33.04,33.04,0.0398,2.1163,1.5444,0.2144,0.001169,1.1881,0.0185
2016-01-29,33.2,33.2,0.039,2.2517,1.52898,0.2148,0.001169,1.1654,0.0187
2016-02-02,32.0,32.0,0.0386,2.0351,1.55131,0.2156,0.001172,1.1842,0.0178
2016-02-03,35.31,35.31,0.0376,2.0591,1.54915,0.2146,0.0011619999999999998,1.1835,0.0187
2016-02-05,33.69,33.69,0.0398,2.0866,1.57863,0.2142,0.001172,1.2112,0.02
2016-02-08,32.8,32.8,0.0403,2.2242,1.57931,0.2152,0.001172,1.2182,0.0197
2016-02-09,30.38,30.38,0.0375,2.167,1.5972,0.2157,0.0011769999999999999,1.2284,0.0202
2016-02-11,31.04,31.04,0.0392,2.1219,1.59283,0.2142,0.001172,1.2512,0.0206
2016-02-12,32.28,32.28,0.0385,2.0669,1.58356,0.2146,0.001163,1.2426,0.0209
2016-02-16,31.76,31.76,0.0373,1.9187,1.56711,0.2161,0.0011539999999999999,1.2325,0.0181
2016-02-17,34.36,34.36,0.0372,1.9125,1.54879,0.2148,0.001137,1.22,0.0185
2016-02-18,33.45,33.45,0.0379,1.8736,1.55179,0.2145,0.001137,1.2336,0.0183
2016-02-19,32.52,32.52,0.0371,1.8083,1.55681,0.2164,0.001134,1.242,0.0182
2016-02-22,34.05,34.05,0.0369,1.8415,1.52613,0.2121,0.001131,1.2254,0.0184
2016-02-23,32.44,32.44,0.0367,1.828,1.5300200000000002,0.212,0.001127,1.2385,0.0182
2016-02-24,33.86,33.86,0.0366,1.7931,1.5303799999999999,0.2135,0.001127,1.2387,0.0183
2016-02-25,34.47,34.47,0.0369,1.7652,1.52272,0.2124,0.001119,1.2229,0.0184
2016-02-26,34.77,34.77,0.0366,1.6648,1.53376,0.2133,0.001129,1.2311,0.0184
2016-02-29,35.94,35.94,0.0372,1.6164,1.52251,0.2139,0.001131,1.2427,0.0187
2016-03-02,36.73,36.73,0.0388,1.5857,1.4899,0.2106,0.001119,1.2079,0.0182
2016-03-03,36.6,36.6,0.0381,1.5566,1.4903899999999999,0.2081,0.0011220000000000002,1.1964,0.0186
2016-03-08,38.96,38.96,0.0403,1.5489,1.48019,0.2066,0.001111,1.1937,0.0199
2016-03-10,39.39,39.39,0.0386,1.6963,1.49946,0.20600000000000002,0.001114,1.1848,0.0209
2016-03-11,39.46,39.46,0.039,1.7225,1.47451,0.2032,0.001113,1.1612,0.0205
2016-03-14,38.56,38.56,0.038,1.6835,1.4777200000000001,0.2049,0.001119,1.1691,0.019
2016-03-15,37.94,37.94,0.0371,1.7772,1.48991,0.2058,0.0011220000000000002,1.1847,0.0189
2016-03-16,39.45,39.45,0.0371,1.7361,1.48634,0.2062,0.001123,1.1761,0.0192
2016-03-17,40.56,40.56,0.0378,1.819,1.47969,0.2026,0.001132,1.1736,0.0192
2016-03-18,40.54,40.54,0.0376,1.8382,1.48206,0.203,0.001129,1.179,0.0192
2016-03-21,40.55,40.55,0.038,1.7608,1.4833100000000001,0.2031,0.0011359999999999999,1.1788,0.0195
2016-03-22,40.89,40.89,0.0382,1.7546,1.47174,0.2019,0.001134,1.1678,0.0195
2016-03-23,39.79,39.79,0.0382,1.81,1.48451,0.2038,0.0011359999999999999,1.1815,0.0194
2016-03-24,39.54,39.54,0.0382,1.755,1.48425,0.2043,0.001137,1.1767,0.0193
2016-03-28,39.29,39.29,0.0382,1.735,1.48403,0.2036,0.001137,1.1683,0.0193
2016-03-29,38.62,38.62,0.038,1.77,1.4802600000000001,0.2032,0.001134,1.1625,0.0192
2016-03-30,38.81,38.81,0.0381,1.8375,1.47796,0.2015,0.00114,1.1595,0.0192
2016-03-31,38.72,38.72,0.0382,1.9548,1.48624,0.2017,0.001141,1.1601,0.0195
2016-04-01,37.86,37.86,0.0414,1.8295,1.48434,0.2015,0.001137,1.1667,0.0192
2016-04-04,36.68,36.68,0.0382,1.9545,1.4976200000000002,0.2027,0.001142,1.1812,0.0192
2016-04-05,37.31,37.31,0.0398,1.8967,1.5091299999999999,0.205,0.001142,1.2014,0.0201
2016-04-07,38.7,38.7,0.0403,1.9345,1.51596,0.2062,0.0011480000000000001,1.2312,0.0208
2016-04-08,41.01,41.01,0.0404,2.0008,1.50888,0.2043,0.00115,1.2251,0.0199
2016-04-11,41.89,41.89,0.0391,1.8733,1.50166,0.2036,0.001152,1.2195,0.0202
2016-04-13,42.81,42.81,0.0392,1.9805,1.47328,0.2018,0.00114,1.1951,0.0197
2016-04-14,42.68,42.68,0.0391,1.9217,1.4643,0.2004,0.001126,1.188,0.0197
2016-04-15,41.96,41.96,0.0393,1.7175,1.46133,0.2004,0.001129,1.1903,0.0195
2016-04-18,42.03,42.03,0.0392,1.766,1.4596799999999999,0.1992,0.001127,1.1858,0.0195
2016-04-19,42.91,42.91,0.0393,1.8996,1.4537200000000001,0.1982,0.001134,1.1719,0.0194
2016-04-20,44.4,44.4,0.0393,2.0155,1.4494200000000002,0.1977,0.001132,1.1681,0.0197
2016-04-21,43.48,43.48,0.0394,1.939,1.45878,0.1987,0.001132,1.1806,0.0193
2016-04-22,44.0,44.0,0.0395,1.8993,1.45592,0.1995,0.0011279999999999999,1.1607,0.0195
2016-04-25,43.41,43.41,0.0395,1.9778,1.46038,0.1995,0.001126,1.1657,0.0195
2016-04-26,44.88,44.88,0.0397,1.8765,1.45789,0.1989,0.001125,1.1595,0.0197
2016-04-27,45.99,45.99,0.0398,1.8808,1.49129,0.2029,0.001147,1.1821,0.0202
2016-04-28,46.64,46.64,0.0397,1.8926,1.48856,0.2021,0.001153,1.2133,0.0202
2016-04-29,46.36,46.36,0.0398,1.9081,1.50537,0.2027,0.001149,1.2372,0.0203
2016-05-02,45.38,45.38,0.0386,1.9084,1.5043600000000001,0.2022,0.001147,1.226,0.0183
2016-05-04,44.34,44.34,0.0384,1.9969,1.54049,0.2058,0.001149,1.2534,0.0193
2016-05-05,44.72,44.72,0.0397,2.0476,1.5277,0.2055,0.001147,1.249,0.0204
2016-05-09,43.0,43.0,0.0374,1.9703,1.55593,0.2096,0.001163,1.2618,0.0203
2016-05-10,45.16,45.16,0.0387,2.04,1.5444200000000001,0.2086,0.00116,1.2429,0.021
2016-05-12,47.48,47.48,0.0385,2.0051,1.5530700000000002,0.2093,0.001167,1.2527,0.021
2016-05-13,47.31,47.31,0.0392,1.9597,1.55482,0.2105,0.001169,1.266,0.021
2016-05-16,48.5,48.5,0.0394,1.906,1.55301,0.2102,0.001165,1.2583,0.0211
2016-05-17,48.74,48.74,0.0396,1.96,1.5447,0.209,0.00116,1.2506,0.0211
2016-05-18,47.88,47.88,0.0396,1.909,1.5514299999999999,0.2099,0.0011619999999999998,1.2552,0.021
2016-05-19,48.35,48.35,0.0396,1.8251,1.54997,0.2121,0.001166,1.2582,0.0207
2016-05-20,48.28,48.28,0.0399,1.8104,1.55386,0.2115,0.001164,1.2571,0.0207
2016-05-23,47.79,47.79,0.0398,1.9533,1.55329,0.2113,0.00117,1.2674,0.0206
2016-05-24,48.48,48.48,0.0398,1.905,1.5509,0.2121,0.001172,1.2657,0.021
2016-05-25,49.28,49.28,0.0399,1.7665,1.54964,0.2121,0.001175,1.2607,0.0212
2016-05-26,49.83,49.83,0.0398,1.7485,1.5490700000000002,0.2112,0.001173,1.2609,0.021
2016-05-27,48.96,48.96,0.0398,1.7721,1.54662,0.2116,0.001173,1.2625,0.0211
2016-05-31,48.31,48.31,0.0399,2.092,1.53891,0.2097,0.001161,1.2486,0.0207
2016-06-01,48.87,48.87,0.0428,2.2554,1.54155,0.2095,0.0011560000000000001,1.2579,0.019
2016-06-06,49.02,49.02,0.0401,2.3184,1.54176,0.2067,0.001167,1.2623,0.0208
2016-06-07,49.98,49.98,0.0403,2.2867,1.52286,0.2042,0.001159,1.2484,0.0206
2016-06-09,50.39,50.39,0.0372,2.3097,1.52293,0.2051,0.00116,1.2562,0.0202
2016-06-10,48.89,48.89,0.0386,2.4174,1.52601,0.20600000000000002,0.001158,1.2679,0.0212
2016-06-13,48.29,48.29,0.0402,2.5235,1.52863,0.205,0.001155,1.2737,0.0206
2016-06-14,47.55,47.55,0.0401,2.5229,1.5230700000000001,0.2061,0.001155,1.2809,0.0206
2016-06-15,47.09,47.09,0.04,2.6206,1.51997,0.205,0.001155,1.2734,0.0206
2016-06-16,45.45,45.45,0.0402,2.6078,1.5244799999999998,0.2073,0.001158,1.3028,0.0206
2016-06-17,47.77,47.77,0.0402,2.5815,1.52556,0.2057,0.001155,1.2981,0.0209
2016-06-20,48.94,48.94,0.0402,2.7324,1.5167700000000002,0.2037,0.001155,1.2903,0.0209
2016-06-21,49.47,49.47,0.0402,2.7615,1.5090000000000001,0.2033,0.001164,1.2811,0.0211
2016-06-22,48.36,48.36,0.0402,2.7774,1.50606,0.2027,0.001161,1.2764,0.0206
2016-06-23,49.55,49.55,0.0403,2.6847,1.49569,0.2004,0.001151,1.2376,0.0206
2016-06-24,46.93,46.93,0.0402,2.6733,1.48825,0.2027,0.001141,1.3084,0.0207
2016-06-27,46.04,46.04,0.0402,2.7581,1.50338,0.2048,0.0011560000000000001,1.3378,0.0208
2016-06-28,47.35,47.35,0.0402,2.861,1.4980200000000001,0.2046,0.00116,1.3176,0.0211
2016-06-29,48.68,48.68,0.0401,2.9302,1.493,0.2025,0.001163,1.3052,0.0211
2016-06-30,48.42,48.42,0.0403,2.8991,1.49064,0.20199999999999999,0.001164,1.3006,0.0209
2016-07-01,49.27,49.27,0.0428,2.8757,1.48629,0.2006,0.001159,1.3005,0.0191
2016-07-06,47.29,47.29,0.04,2.7506,1.4761799999999998,0.1992,0.001147,1.3125,0.0207
2016-07-07,44.88,44.88,0.0403,2.8554,1.47825,0.1998,0.0011539999999999999,1.3267,0.0207
2016-07-11,44.32,44.32,0.0391,2.8453,1.4681899999999999,0.1983,0.0011539999999999999,1.2915,0.0203
2016-07-12,46.46,46.46,0.0386,2.7514,1.4510100000000001,0.1961,0.001147,1.2531,0.0211
2016-07-13,45.13,45.13,0.0404,2.8092,1.45774,0.1962,0.001147,1.2581,0.0206
2016-07-14,45.69,45.69,0.0404,2.7733,1.4569999999999999,0.1959,0.001157,1.2439,0.0208
2016-07-15,46.72,46.72,0.0403,2.6661,1.45587,0.1969,0.001158,1.2584,0.0208
2016-07-18,45.67,45.67,0.0402,2.8086,1.4589299999999998,0.1964,0.00116,1.2409,0.021
2016-07-19,45.31,45.31,0.0403,2.8057,1.4687299999999999,0.1994,0.001168,1.2557,0.021
2016-07-20,45.81,45.81,0.0403,2.7219,1.47183,0.2001,0.00117,1.2512,0.021
2016-07-21,44.75,44.75,0.0403,2.7023,1.47119,0.1998,0.001173,1.2611,0.0207
2016-07-22,44.42,44.42,0.0404,2.7756,1.47086,0.201,0.001179,1.2626,0.0207
2016-07-25,43.37,43.37,0.0404,2.8092,1.47204,0.2007,0.001172,1.2653,0.0205
2016-07-26,43.27,43.27,0.0403,2.7155,1.4643899999999999,0.1994,0.001172,1.2738,0.0202
2016-07-27,42.25,42.25,0.0403,2.7984,1.47627,0.2008,0.00118,1.2666,0.0202
2016-07-28,41.2,41.2,0.0403,2.7644,1.47622,0.2001,0.001185,1.266,0.0199
2016-07-29,41.01,41.01,0.0403,2.9435,1.47066,0.1984,0.001184,1.2892,0.0199
2016-08-01,40.81,40.81,0.0428,2.8676,1.4807299999999999,0.1991,0.0011970000000000001,1.296,0.0192
2016-08-02,40.58,40.58,0.0385,2.7859,1.47465,0.1982,0.001182,1.3027,0.0181
2016-08-03,42.38,42.38,0.0381,2.8824,1.46928,0.1986,0.00118,1.3017,0.0184
2016-08-04,43.05,43.05,0.039,2.8877,1.45899,0.1972,0.0011769999999999999,1.2952,0.0197
2016-08-08,44.06,44.06,0.0403,2.8266,1.44927,0.196,0.00118,1.2758,0.0202
2016-08-09,43.75,43.75,0.0375,2.7499,1.44896,0.1958,0.001182,1.2792,0.0204
2016-08-11,44.72,44.72,0.0391,2.6667,1.44651,0.1953,0.001183,1.2738,0.0202
2016-08-12,46.21,46.21,0.0388,2.6992,1.45825,0.196,0.001184,1.2901,0.0212
2016-08-15,47.17,47.17,0.0399,2.7065,1.4574200000000002,0.196,0.001187,1.287,0.0203
2016-08-16,48.2,48.2,0.0401,2.7121,1.46563,0.1961,0.001186,1.2956,0.0204
2016-08-17,49.06,49.06,0.0398,2.7074,1.47453,0.1976,0.001179,1.3025,0.0204
2016-08-18,50.03,50.03,0.0397,2.7135,1.47715,0.1963,0.001174,1.3025,0.0204
2016-08-19,49.89,49.89,0.0396,2.6405,1.48492,0.1972,0.001175,1.3083,0.0205
2016-08-22,48.12,48.12,0.0395,2.7354,1.48579,0.1972,0.001167,1.3068,0.0202
2016-08-23,48.67,48.67,0.0395,2.7128,1.48458,0.19699999999999998,0.001172,1.31,0.0203
2016-08-24,48.37,48.37,0.0395,2.7717,1.47933,0.1975,0.001172,1.3076,0.0201
2016-08-25,48.99,48.99,0.0393,2.8609,1.48128,0.1973,0.0011769999999999999,1.3058,0.0202
2016-08-26,49.13,49.13,0.0392,2.8772,1.48006,0.1961,0.001178,1.2985,0.0204
2016-08-29,48.69,48.69,0.0392,2.9481,1.47817,0.1977,0.00118,1.2963,0.0204
2016-08-30,47.42,47.42,0.0389,2.9243,1.48373,0.1993,0.001189,1.2934,0.0204
2016-08-31,46.18,46.18,0.0381,2.9429,1.48423,0.1992,0.001192,1.2862,0.0203
2016-09-02,45.85,45.85,0.0386,2.8539,1.4743700000000002,0.1983,0.001183,1.2706,0.0177
2016-09-06,46.71,46.71,0.04,2.8169,1.46412,0.1955,0.001188,1.2752,0.0209
2016-09-08,48.87,48.87,0.0403,2.8375,1.4730299999999998,0.1953,0.001191,1.2766,0.0201
2016-09-09,46.96,46.96,0.0375,2.9208,1.48971,0.1977,0.001196,1.2913,0.0205
2016-09-12,47.03,47.03,0.0384,2.9944,1.4849700000000001,0.1989,0.001193,1.2979,0.0215
2016-09-13,45.95,45.95,0.0381,3.07,1.50311,0.2001,0.001188,1.3065,0.0205
2016-09-14,44.79,44.79,0.038,3.03,1.50613,0.2002,0.001189,1.3073,0.0205
2016-09-15,45.28,45.28,0.0383,2.9493,1.49613,0.1998,0.001183,1.3035,0.0205
2016-09-16,44.93,44.93,0.0387,2.9354,1.4895,0.2002,0.001185,1.3049,0.0205
2016-09-19,44.81,44.81,0.0388,2.9712,1.48324,0.1985,0.001186,1.3024,0.0205
2016-09-20,44.94,44.94,0.0386,3.0817,1.4758200000000001,0.1984,0.001185,1.3014,0.0204
2016-09-21,45.97,45.97,0.0386,3.1406,1.46774,0.1977,0.001188,1.3076,0.0205
2016-09-22,46.24,46.24,0.0385,3.1382,1.46634,0.1962,0.001185,1.2983,0.0205
2016-09-23,44.86,44.86,0.0385,3.0321,1.4723600000000001,0.1966,0.001189,1.2989,0.0205
2016-09-26,45.67,45.67,0.0386,3.0456,1.47374,0.1962,0.001181,1.3052,0.0205
2016-09-27,44.95,44.95,0.0388,3.0315,1.4625299999999999,0.1959,0.001189,1.2987,0.0205
2016-09-28,47.58,47.58,0.0386,2.9781,1.4582600000000001,0.1956,0.00119,1.2911,0.0206
2016-09-29,47.83,47.83,0.0387,2.9472,1.4697200000000001,0.1955,0.001188,1.2962,0.0208
2016-09-30,47.71,47.71,0.0386,2.8389,1.4659799999999998,0.1956,0.001185,1.2883,0.0208
2016-10-03,49.17,49.17,0.0391,2.8124,1.46061,0.1956,0.00118,1.2822,0.0188
2016-10-05,50.21,50.21,0.0397,2.8598,1.47003,0.1967,0.0011769999999999999,1.2677,0.0205
2016-10-06,51.17,51.17,0.04,2.9901,1.4701600000000001,0.1979,0.001182,1.2682,0.0207
2016-10-10,51.56,51.56,0.0387,3.1405,1.4642700000000002,0.1959,0.001186,1.2688,0.0212
2016-10-11,51.11,51.11,0.0391,3.1401,1.4661799999999998,0.1971,0.001179,1.2814,0.02
2016-10-13,50.37,50.37,0.0388,3.1587,1.46061,0.1967,0.001169,1.274,0.021
2016-10-14,50.36,50.36,0.0388,3.1295,1.4406,0.1952,0.0011560000000000001,1.2599,0.0207
2016-10-17,49.93,49.93,0.0389,3.1642,1.44194,0.1947,0.001153,1.2618,0.0208
2016-10-18,50.35,50.35,0.039,3.2159,1.43239,0.1936,0.001159,1.256,0.0208
2016-10-19,50.88,50.88,0.0389,3.1429,1.42116,0.1926,0.0011560000000000001,1.2518,0.0208
2016-10-20,49.59,49.59,0.039,3.0909,1.433,0.1942,0.001158,1.2612,0.021
2016-10-21,50.0,50.0,0.039,2.887,1.4300899999999999,0.1947,0.001157,1.2659,0.0211
2016-10-24,49.64,49.64,0.039,2.7551,1.4297799999999998,0.1942,0.001157,1.261,0.0211
2016-10-25,48.28,48.28,0.039,2.6704,1.42414,0.1929,0.001157,1.2548,0.0211
2016-10-26,48.3,48.3,0.0393,2.6795,1.42584,0.1929,0.0011480000000000001,1.2511,0.0208
2016-10-27,48.56,48.56,0.0392,2.6856,1.43602,0.1939,0.0011480000000000001,1.2513,0.021
2016-10-28,47.97,47.97,0.0392,2.654,1.44487,0.1948,0.001147,1.2566,0.0209
2016-10-31,46.69,46.69,0.0392,2.79,1.4430399999999999,0.1943,0.001149,1.2538,0.0208
2016-11-01,47.87,47.87,0.0427,2.5322,1.44474,0.1931,0.00114,1.2547,0.0188
2016-11-02,46.88,46.88,0.0384,2.2677,1.44864,0.1929,0.00114,1.2638,0.0177
2016-11-03,46.37,46.37,0.0392,2.3581,1.44559,0.1925,0.0011380000000000001,1.2639,0.019
2016-11-04,45.57,45.57,0.0392,2.1936,1.45139,0.193,0.001142,1.2638,0.0198
2016-11-07,46.14,46.14,0.0402,2.3324,1.42861,0.1918,0.001134,1.2387,0.0206
2016-11-08,44.96,44.96,0.0401,2.3173,1.42055,0.1911,0.001141,1.2251,0.0202
2016-11-10,45.02,45.02,0.0388,2.0783,1.4308100000000001,0.1932,0.001126,1.2296,0.0212
2016-11-11,43.77,43.77,0.039,2.0286,1.43862,0.1945,0.0011380000000000001,1.2422,0.0201
2016-11-14,43.73,43.73,0.0388,2.2231,1.42151,0.1933,0.001132,1.2208,0.0201
2016-11-15,46.04,46.04,0.0381,2.4896,1.41849,0.193,0.0011330000000000001,1.2115,0.0206
2016-11-16,45.72,45.72,0.0388,2.5323,1.4291399999999999,0.1944,0.001142,1.2253,0.0207
2016-11-17,45.15,45.15,0.0385,2.3365,1.43495,0.1947,0.001144,1.2257,0.0208
2016-11-18,45.91,45.91,0.0387,2.5813,1.4429100000000001,0.1972,0.0011539999999999999,1.2287,0.021
2016-11-21,48.05,48.05,0.0389,2.7988,1.4426,0.1968,0.00115,1.2247,0.0212
2016-11-22,48.5,48.5,0.039,2.7436,1.4356200000000001,0.1967,0.001155,1.2156,0.0212
2016-11-23,48.54,48.54,0.039,2.7395,1.42898,0.1955,0.001146,1.2035,0.0211
2016-11-25,46.58,46.58,0.0388,2.728,1.42214,0.1945,0.00114,1.1865,0.0207
2016-11-28,47.59,47.59,0.039,2.9141,1.41854,0.1932,0.001141,1.1939,0.0206
2016-11-29,45.94,45.94,0.0391,3.0357,1.42303,0.19399999999999998,0.001144,1.189,0.0205
2016-11-30,49.86,49.86,0.0391,3.295,1.4338,0.1958,0.00115,1.1832,0.0211
2016-12-01,53.01,53.01,0.0431,3.4171,1.43784,0.1965,0.001155,1.182,0.0186
2016-12-02,53.87,53.87,0.0382,3.4053,1.43032,0.1949,0.0011480000000000001,1.1814,0.018000000000000002
2016-12-05,53.38,53.38,0.0396,3.602,1.44058,0.195,0.001147,1.1755,0.021
2016-12-07,51.95,51.95,0.0403,3.7628,1.4372,0.1946,0.0011539999999999999,1.1749,0.0205
2016-12-08,53.09,53.09,0.0399,3.6594,1.42235,0.1951,0.0011560000000000001,1.1751,0.0202
2016-12-09,53.59,53.59,0.0376,3.7502,1.4178,0.19399999999999998,0.001149,1.1642,0.0204
2016-12-12,54.51,54.51,0.0382,3.568,1.41856,0.1932,0.001146,1.1598,0.0219
2016-12-13,54.37,54.37,0.0382,3.6029,1.4168,0.1934,0.001145,1.1578,0.022000000000000002
2016-12-14,52.98,52.98,0.0379,3.5166,1.42258,0.1928,0.001145,1.1536,0.0217
2016-12-15,53.41,53.41,0.038,3.5508,1.41524,0.1957,0.001149,1.1501,0.022000000000000002
2016-12-16,54.5,54.5,0.0381,3.4612,1.43042,0.1969,0.0011539999999999999,1.1609,0.0221
2016-12-19,54.39,54.39,0.0381,3.5239,1.4356799999999998,0.1979,0.0011619999999999998,1.1788,0.0223
2016-12-20,54.92,54.92,0.0378,3.36,1.43099,0.1988,0.001155,1.1688,0.0224
2016-12-21,53.84,53.84,0.0379,3.4787,1.4401700000000002,0.1985,0.001157,1.1755,0.0226
2016-12-22,54.2,54.2,0.0382,3.5671,1.4461600000000001,0.19899999999999998,0.00115,1.1788,0.0227
2016-12-23,54.38,54.38,0.038,3.5882,1.45718,0.2008,0.00116,1.188,0.0226
2016-12-27,55.38,55.38,0.0376,3.6719999999999997,1.45575,0.2,0.001153,1.1852,0.0229
2016-12-28,55.28,55.28,0.0369,3.6606,1.45089,0.2004,0.00115,1.1882,0.023
2016-12-29,55.57,55.57,0.0369,3.6811,1.4530299999999998,0.1997,0.0011480000000000001,1.1885,0.023
2016-12-30,55.41,55.41,0.0369,3.682,1.45969,0.1993,0.001149,1.1871,0.0225
2017-01-03,54.98,54.98,0.0368,3.3902,1.44129,0.1992,0.0011480000000000001,1.1764,0.0223
2017-01-05,56.42,56.42,0.0377,3.2959,1.44544,0.1981,0.001151,1.181,0.0233
2017-01-06,56.33,56.33,0.0381,3.3261,1.44223,0.1973,0.001139,1.171,0.024
2017-01-09,54.07,54.07,0.0388,3.1198,1.43802,0.1964,0.0011300000000000001,1.1715,0.0218
2017-01-11,54.42,54.42,0.0372,3.2783,1.42212,0.1959,0.001131,1.1644,0.0225
2017-01-12,55.6,55.6,0.037000000000000005,3.3202,1.41813,0.1934,0.001137,1.1648,0.0223
2017-01-13,55.14,55.14,0.0361,3.3611,1.41798,0.1939,0.001135,1.1642,0.0224
2017-01-17,54.94,54.94,0.0362,3.3057,1.41583,0.1936,0.001139,1.1735,0.0223
2017-01-18,53.62,53.62,0.0363,3.2531,1.41631,0.1932,0.001131,1.1622,0.0224
2017-01-19,53.59,53.59,0.0363,3.2148,1.4103,0.1929,0.001125,1.1514,0.0221
2017-01-20,54.94,54.94,0.0365,3.2069,1.4166299999999998,0.1927,0.001126,1.1544,0.0222
2017-01-23,54.81,54.81,0.0368,3.1464,1.41943,0.1925,0.001132,1.1701,0.0221
2017-01-24,54.68,54.68,0.0367,3.2489999999999997,1.41588,0.192,0.0011279999999999999,1.1591,0.0223
2017-01-25,54.71,54.71,0.0366,3.2545,1.41967,0.1924,0.0011359999999999999,1.1658,0.0222
2017-01-26,55.54,55.54,0.0367,3.4194,1.4176600000000001,0.1927,0.001132,1.1588,0.022000000000000002
2017-01-27,54.86,54.86,0.0368,3.2904,1.4170399999999999,0.1922,0.001123,1.1509,0.0221
2017-01-30,54.46,54.46,0.0369,3.1954,1.41561,0.1923,0.001131,1.1633,0.0221
2017-01-31,54.68,54.68,0.0369,3.0047,1.42345,0.1912,0.001145,1.1689,0.0219
2017-02-01,56.14,56.14,0.0369,3.1177,1.41953,0.1923,0.001143,1.1640000000000001,0.0227
2017-02-02,56.37,56.37,0.0373,3.0981,1.4049200000000002,0.1891,0.001141,1.1577,0.022000000000000002
2017-02-03,56.46,56.46,0.037000000000000005,3.0006,1.40432,0.1894,0.001143,1.1559,0.0225
2017-02-06,55.35,55.35,0.0381,2.9248,1.40343,0.1908,0.00115,1.1683,0.0237
2017-02-08,54.61,54.61,0.0385,3.0495,1.39941,0.1905,0.001142,1.1687,0.0207
2017-02-10,56.0,56.0,0.0376,2.9261,1.38721,0.1896,0.001137,1.1506,0.0221
2017-02-13,55.06,55.06,0.0366,2.9119,1.38739,0.1902,0.0011380000000000001,1.1507,0.0226
2017-02-14,55.14,55.14,0.0369,2.92,1.38024,0.1903,0.001146,1.1421,0.0229
2017-02-15,55.07,55.07,0.0369,2.9163,1.3748200000000002,0.1894,0.001142,1.1362,0.0227
2017-02-16,55.08,55.08,0.0371,2.8178,1.3874600000000001,0.1895,0.0011380000000000001,1.1475,0.0226
2017-02-17,55.09,55.09,0.037000000000000005,2.7433,1.3849,0.1899,0.001134,1.156,0.0224
2017-02-21,56.11,56.11,0.037000000000000005,2.5162,1.37286,0.1894,0.001139,1.1461,0.0227
2017-02-22,55.9,55.9,0.0371,2.5304,1.3706399999999999,0.1892,0.001139,1.1457,0.0224
2017-02-23,56.2,56.2,0.0372,2.6010000000000004,1.37153,0.1888,0.001144,1.151,0.0224
2017-02-24,55.54,55.54,0.0371,2.4835,1.37604,0.1895,0.001153,1.1626,0.0221
2017-02-27,55.54,55.54,0.037000000000000005,2.4386,1.37979,0.1893,0.0011480000000000001,1.1564,0.0224
2017-02-28,55.56,55.56,0.0368,2.515,1.38129,0.1893,0.001149,1.1582,0.0224
2017-03-01,55.65,55.65,0.0369,2.5957,1.37391,0.1898,0.001143,1.1454,0.0227
2017-03-02,54.39,54.39,0.0368,2.5871,1.38749,0.1916,0.0011480000000000001,1.1542,0.022000000000000002
2017-03-03,55.0,55.0,0.0369,2.5041,1.3982299999999999,0.1916,0.001143,1.1545,0.0227
2017-03-07,54.82,54.82,0.0385,2.66,1.3925,0.1909,0.001145,1.1563,0.022000000000000002
2017-03-08,52.54,52.54,0.0386,2.6878,1.40035,0.1918,0.00115,1.1614,0.0208
2017-03-10,50.66,50.66,0.0374,2.9813,1.41523,0.1919,0.001155,1.1552,0.022000000000000002
2017-03-13,50.79,50.79,0.0371,3.07,1.40716,0.1906,0.001151,1.1497,0.0225
2017-03-14,51.04,51.04,0.0372,3.0366,1.40278,0.1912,0.001151,1.153,0.0223
2017-03-15,51.5,51.5,0.0372,3.0045,1.3924299999999998,0.1905,0.001149,1.1441,0.0222
2017-03-16,51.2,51.2,0.0371,2.87,1.40221,0.1891,0.0011539999999999999,1.1495,0.0225
2017-03-17,51.22,51.22,0.0372,2.87,1.39371,0.1881,0.001146,1.1520000000000001,0.0227
2017-03-20,51.12,51.12,0.0372,2.9194,1.3890799999999999,0.1874,0.001161,1.1495,0.0226
2017-03-21,50.32,50.32,0.0372,3.0603,1.40559,0.1882,0.001158,1.1639,0.0225
2017-03-22,50.14,50.14,0.0371,2.9808,1.40624,0.1891,0.001166,1.1717,0.0226
2017-03-23,49.92,49.92,0.0368,2.9333,1.4137,0.1902,0.001168,1.182,0.0228
2017-03-24,50.49,50.49,0.0369,2.98,1.41675,0.1905,0.001174,1.1783,0.023
2017-03-27,50.3,50.3,0.0369,2.9506,1.42626,0.1909,0.001181,1.1863,0.0231
2017-03-28,50.65,50.65,0.0369,2.9312,1.4166,0.19,0.001173,1.1787,0.023
2017-03-29,51.66,51.66,0.037000000000000005,3.11,1.4036600000000001,0.1894,0.001173,1.1742,0.023
2017-03-30,52.16,52.16,0.0371,3.0714,1.39711,0.1892,0.00117,1.1693,0.0233
2017-03-31,52.71,52.71,0.0369,3.0998,1.3963700000000001,0.1901,0.001173,1.1767,0.0233
2017-04-04,53.39,53.39,0.0369,3.0705,1.41096,0.192,0.001175,1.1938,0.0236
2017-04-05,53.13,53.13,0.0378,3.2126,1.40866,0.1915,0.0011710000000000002,1.1935,0.0231
2017-04-07,54.24,54.24,0.0384,3.1941,1.4127,0.1929,0.001175,1.2003,0.0221
2017-04-10,55.18,55.18,0.0374,3.1533,1.4127299999999998,0.1931,0.001166,1.2017,0.022000000000000002
2017-04-12,54.73,54.73,0.0367,2.9941,1.41761,0.1936,0.0011710000000000002,1.2195,0.0224
2017-04-13,54.7,54.7,0.0372,2.9895,1.40235,0.1913,0.001163,1.2112,0.0235
2017-04-17,54.8,54.8,0.0373,3.0616,1.40246,0.1911,0.001163,1.2098,0.0236
2017-04-18,54.09,54.09,0.0373,3.0609,1.41936,0.1925,0.001158,1.2199,0.0235
2017-04-19,52.27,52.27,0.0374,3.1234,1.4287299999999998,0.1935,0.001166,1.2254,0.0236
2017-04-20,51.96,51.96,0.0374,3.1054,1.42391,0.1926,0.001167,1.2153,0.0236
2017-04-21,51.15,51.15,0.0374,3.0389999999999997,1.4227100000000001,0.1929,0.001168,1.2154,0.0234
2017-04-24,51.12,51.12,0.0375,2.9803,1.43556,0.1921,0.001164,1.2034,0.0237
2017-04-25,51.38,51.38,0.0376,2.9578,1.4498799999999998,0.1926,0.001176,1.1945,0.0236
2017-04-26,51.11,51.11,0.0376,3.0205,1.45875,0.1943,0.001181,1.2048,0.0234
2017-04-27,50.75,50.75,0.0377,3.0728,1.4566700000000001,0.1946,0.001184,1.2039,0.0235
2017-04-28,50.88,50.88,0.0377,3.1666,1.45509,0.1941,0.001174,1.1973,0.0234
2017-05-01,50.75,50.75,0.038,3.1683,1.44822,0.1925,0.001168,1.1882,0.023
2017-05-04,47.76,47.76,0.0368,3.0688,1.48271,0.1962,0.001189,1.2002,0.0234
2017-05-05,48.89,48.89,0.0377,3.08,1.48171,0.1955,0.001186,1.1956,0.0232
2017-05-09,48.16,48.16,0.0386,3.0335,1.48061,0.1969,0.001196,1.1945,0.0217
2017-05-10,49.68,49.68,0.0374,3.1098,1.4751299999999998,0.1962,0.0012,1.1877,0.0222
2017-05-12,50.32,50.32,0.0369,3.2473,1.48011,0.1959,0.0012,1.1943,0.0224
2017-05-15,51.31,51.31,0.0378,3.267,1.4805,0.1954,0.001206,1.1855,0.0239
2017-05-16,50.76,50.76,0.0378,3.2276,1.4924,0.1954,0.001207,1.1903,0.0238
2017-05-17,51.43,51.43,0.0379,3.162,1.50148,0.1958,0.001198,1.2141,0.0236
2017-05-18,51.95,51.95,0.0379,3.1322,1.49651,0.1953,0.001194,1.2089,0.0234
2017-05-19,53.36,53.36,0.0379,3.0867,1.50183,0.1949,0.001199,1.2055,0.0237
2017-05-22,53.31,53.31,0.038,3.2073,1.50295,0.1942,0.001198,1.2019,0.0236
2017-05-23,53.66,53.66,0.0381,3.1998,1.4955200000000002,0.1937,0.001188,1.1963,0.0237
2017-05-24,53.39,53.39,0.0381,3.1054,1.4950700000000001,0.1943,0.001191,1.1952,0.0236
2017-05-25,50.84,50.84,0.038,3.0633,1.50383,0.1951,0.0011970000000000001,1.1994,0.0236
2017-05-26,51.75,51.75,0.038,3.1014,1.50158,0.196,0.0012,1.2061,0.0238
2017-05-30,51.29,51.29,0.0381,3.0522,1.4983899999999999,0.1955,0.001191,1.2085,0.0237
2017-05-31,50.08,50.08,0.038,3.0,1.51324,0.1973,0.001202,1.2149,0.0238
2017-06-01,49.66,49.66,0.0371,2.9329,1.52051,0.1988,0.001209,1.2175,0.023
2017-06-02,49.35,49.35,0.0369,2.86,1.51529,0.1974,0.001201,1.2167,0.0222
2017-06-06,49.18,49.18,0.0381,2.9562,1.50224,0.1958,0.001191,1.2177,0.0236
2017-06-07,47.48,47.48,0.0384,2.9937,1.49132,0.1948,0.001178,1.206,0.0219
2017-06-09,47.55,47.55,0.0385,2.9762,1.48749,0.1952,0.00118,1.2042,0.0218
2017-06-12,47.49,47.49,0.0369,3.08,1.48558,0.1952,0.001172,1.206,0.0223
2017-06-13,47.38,47.38,0.0384,3.0101,1.48736,0.1951,0.0011769999999999999,1.2055,0.0233
2017-06-14,46.23,46.23,0.0384,2.9004,1.47886,0.1933,0.0011769999999999999,1.2025,0.0229
2017-06-15,46.04,46.04,0.0384,2.9217,1.47053,0.1937,0.001167,1.1892,0.0228
2017-06-16,46.65,46.65,0.0384,2.969,1.4693200000000002,0.1926,0.001158,1.1838,0.0229
2017-06-19,46.3,46.3,0.0384,2.8585,1.46671,0.1929,0.001158,1.1798,0.0225
2017-06-20,45.22,45.22,0.0384,2.866,1.46886,0.1933,0.0011560000000000001,1.1838,0.0221
2017-06-21,44.21,44.21,0.0384,2.8812,1.47869,0.1939,0.001158,1.1886,0.022000000000000002
2017-06-22,44.73,44.73,0.0384,2.8504,1.4786,0.1939,0.001164,1.1909,0.0221
2017-06-23,45.18,45.18,0.0384,2.8599,1.4788700000000001,0.1931,0.001164,1.1876,0.0222
2017-06-26,45.44,45.44,0.0384,2.9771,1.4741799999999998,0.1926,0.001163,1.1784,0.0224
2017-06-27,45.7,45.7,0.0384,2.9789999999999996,1.49534,0.1935,0.0011560000000000001,1.1738,0.0222
2017-06-28,46.97,46.97,0.0384,3.03,1.48929,0.193,0.001149,1.1657,0.0221
2017-06-29,46.79,46.79,0.0383,3.0045,1.48904,0.1919,0.001134,1.1603,0.0219
2017-06-30,48.23,48.23,0.0385,2.9439,1.48584,0.1922,0.001135,1.1572,0.0222
2017-07-03,49.1,49.1,0.0371,2.8933,1.4835200000000002,0.1922,0.001135,1.1513,0.0226
2017-07-06,47.57,47.57,0.0382,2.8763,1.50584,0.1939,0.001139,1.1645,0.0232
2017-07-07,46.53,46.53,0.0384,2.8888,1.50039,0.1934,0.00114,1.1547,0.0218
2017-07-11,47.52,47.52,0.0374,2.9895,1.5013299999999998,0.1932,0.001139,1.149,0.022000000000000002
2017-07-12,47.05,47.05,0.0369,2.9759,1.48629,0.192,0.001144,1.151,0.0225
2017-07-13,47.78,47.78,0.0385,2.9388,1.47419,0.1908,0.001137,1.1419,0.0217
2017-07-14,48.58,48.58,0.0384,2.929,1.4646299999999999,0.1889,0.001131,1.1354,0.0216
2017-07-17,47.75,47.75,0.0385,3.0204,1.47133,0.18899999999999997,0.0011359999999999999,1.1385,0.0216
2017-07-18,48.11,48.11,0.0386,3.0857,1.45955,0.1871,0.001123,1.1272,0.0213
2017-07-19,49.13,49.13,0.0385,3.1012,1.44812,0.1864,0.001118,1.1233,0.0213
2017-07-20,48.69,48.69,0.0386,3.1019,1.46154,0.1859,0.001121,1.123,0.0213
2017-07-21,47.39,47.39,0.0386,3.0265,1.47327,0.1867,0.001129,1.1367,0.0213
2017-07-24,48.23,48.23,0.0388,2.9614,1.4693,0.1869,0.001131,1.1359,0.021
2017-07-25,50.26,50.26,0.0387,2.9617,1.4674200000000002,0.1864,0.001125,1.1261,0.021
2017-07-26,50.43,50.43,0.0387,2.9241,1.46584,0.187,0.001123,1.1236,0.021
2017-07-27,50.98,50.98,0.0386,2.9225,1.46557,0.18600000000000003,0.001123,1.1282,0.0211
2017-07-28,51.66,51.66,0.0386,2.9185,1.4714200000000002,0.1858,0.001113,1.1315,0.021
2017-07-31,52.17,52.17,0.0388,2.8361,1.47976,0.1863,0.001116,1.1333,0.0209
2017-08-02,51.86,51.86,0.0372,2.7702,1.48781,0.1864,0.001118,1.1333,0.0222
2017-08-03,51.42,51.42,0.0371,2.7768,1.4932,0.1874,0.001114,1.1434,0.0226
2017-08-08,51.54,51.54,0.0389,2.7747,1.4847700000000001,0.1887,0.001119,1.1453,0.0211
2017-08-09,52.34,52.34,0.0384,2.8548,1.4908299999999999,0.1903,0.001113,1.1521,0.0217
2017-08-11,51.75,51.75,0.0376,2.9146,1.49785,0.1906,0.001108,1.1603,0.022000000000000002
2017-08-14,50.32,50.32,0.039,2.964,1.50037,0.1906,0.001118,1.1618,0.0213
2017-08-15,50.52,50.52,0.0391,2.9268,1.50037,0.1913,0.001125,1.1553,0.0214
2017-08-16,49.94,49.94,0.0391,2.8907,1.48478,0.1896,0.001111,1.1451,0.0213
2017-08-17,50.34,50.34,0.0392,2.8752,1.48658,0.1891,0.0011099999999999999,1.1574,0.0214
2017-08-18,52.47,52.47,0.0393,2.8864,1.4831299999999998,0.1895,0.0011070000000000001,1.1546,0.0214
2017-08-21,51.24,51.24,0.0392,2.9767,1.48822,0.1889,0.001106,1.1556,0.0213
2017-08-22,51.14,51.14,0.0393,3.0078,1.48662,0.1895,0.001117,1.1535,0.0214
2017-08-23,51.83,51.83,0.0391,2.9236,1.49379,0.19,0.001123,1.1603,0.0214
2017-08-24,51.52,51.52,0.0391,2.9651,1.49247,0.1899,0.0011220000000000002,1.1551,0.0214
2017-08-25,51.7,51.7,0.0391,2.9309,1.50371,0.1897,0.001124,1.1525,0.0215
2017-08-28,51.32,51.32,0.0393,2.9253,1.5043,0.1899,0.001123,1.1493,0.0215
2017-08-29,51.35,51.35,0.0393,2.8848,1.5057399999999999,0.1903,0.001118,1.1458,0.0214
2017-08-30,50.31,50.31,0.0391,2.8666,1.50328,0.1921,0.001125,1.148,0.0216
2017-08-31,52.41,52.41,0.039,2.8944,1.49865,0.1915,0.001119,1.1444,0.0217
2017-09-01,52.41,52.41,0.0371,2.9036,1.48671,0.1912,0.001118,1.138,0.0226
2017-09-05,52.9,52.9,0.0377,2.8638,1.49001,0.1908,0.001104,1.1494,0.0233
2017-09-06,53.83,53.83,0.0382,2.9304,1.48958,0.1917,0.001104,1.1443,0.0232
2017-09-08,53.58,53.58,0.0389,2.8259,1.4932,0.1909,0.001097,1.1507,0.0211
2017-09-11,53.76,53.76,0.0377,2.847,1.48874,0.1908,0.001102,1.1384,0.022000000000000002
2017-09-13,54.9,54.9,0.0383,2.9877,1.48851,0.1915,0.001106,1.1334,0.0216
2017-09-14,55.09,55.09,0.0382,3.0362,1.48892,0.1912,0.001101,1.1332,0.0217
2017-09-15,55.3,55.3,0.0382,2.9857,1.49263,0.1907,0.001103,1.1276,0.0217
2017-09-18,55.08,55.08,0.0383,3.1032,1.5025700000000002,0.1907,0.001112,1.1259,0.0216
2017-09-19,54.9,54.9,0.0383,3.1366,1.49732,0.1898,0.001104,1.1189,0.0215
2017-09-20,55.68,55.68,0.0382,3.1405,1.48086,0.1886,0.0011,1.1097,0.0214
2017-09-21,55.92,55.92,0.0381,3.1054,1.5059799999999999,0.1912,0.001113,1.1207,0.0218
2017-09-22,56.64,56.64,0.038,2.9448,1.50165,0.1903,0.001108,1.1215,0.0218
2017-09-25,58.86,58.86,0.038,2.9656,1.49284,0.1899,0.0011099999999999999,1.1277,0.0219
2017-09-26,57.95,57.95,0.0379,2.9506,1.49546,0.1911,0.001114,1.1297,0.0219
2017-09-27,57.49,57.49,0.0378,2.9537,1.4963,0.1913,0.001112,1.1292,0.0219
2017-09-28,57.36,57.36,0.0377,2.9222,1.5003799999999998,0.1916,0.0011099999999999999,1.1329,0.022000000000000002
2017-09-29,56.53,56.53,0.0376,2.8861,1.50823,0.1916,0.001115,1.1346,0.0222
2017-10-02,56.03,56.03,0.0367,2.8056,1.49908,0.1921,0.001114,1.1329,0.0223
2017-10-03,55.79,55.79,0.0374,2.7249,1.4987,0.1919,0.001116,1.1309,0.0225
2017-10-04,55.82,55.82,0.0372,2.8127,1.49517,0.1914,0.001113,1.1278,0.0235
2017-10-05,57.09,57.09,0.0378,2.9078,1.50234,0.1927,0.001123,1.1371,0.0236
2017-10-10,56.49,56.49,0.0376,2.8985,1.51819,0.1953,0.001132,1.1434,0.0222
2017-10-11,56.58,56.58,0.0377,2.9271,1.5225799999999998,0.1951,0.0011330000000000001,1.1413,0.022000000000000002
2017-10-13,57.07,57.07,0.0377,3.0126,1.49905,0.1928,0.001125,1.1336,0.0221
2017-10-16,57.92,57.92,0.0377,2.8722,1.50266,0.193,0.001129,1.1353,0.0223
2017-10-17,58.19,58.19,0.0378,2.8898,1.49971,0.1928,0.001127,1.136,0.0222
2017-10-18,58.44,58.44,0.0378,2.8141,1.50227,0.1927,0.001125,1.1285,0.0222
2017-10-19,57.57,57.57,0.0377,2.8123,1.5044799999999998,0.1919,0.001124,1.1278,0.0222
2017-10-20,58.2,58.2,0.0377,2.7659,1.5078,0.1932,0.0011300000000000001,1.1269,0.0222
2017-10-23,57.35,57.35,0.0376,2.9379,1.5049700000000001,0.1931,0.0011330000000000001,1.1293,0.0223
2017-10-24,58.13,58.13,0.0375,2.9242,1.51242,0.1938,0.001137,1.1289,0.0223
2017-10-25,58.19,58.19,0.0373,2.9339,1.53347,0.1956,0.001151,1.1413,0.0225
2017-10-26,59.17,59.17,0.0373,2.8858,1.52099,0.196,0.0011560000000000001,1.1452,0.0226
2017-10-27,60.34,60.34,0.0373,2.7822,1.51209,0.1962,0.001157,1.1458,0.0224
2017-10-30,60.64,60.64,0.0373,2.8706,1.51539,0.1963,0.0011560000000000001,1.1493,0.0224
2017-10-31,60.94,60.94,0.0372,2.8,1.5211,0.1969,0.001168,1.1494,0.0224
2017-11-01,60.48,60.48,0.0367,2.6438,1.51376,0.1972,0.001172,1.141,0.0225
2017-11-07,63.63,63.63,0.0386,3.0771,1.51552,0.1973,0.001174,1.1475,0.0215
2017-11-08,63.43,63.43,0.039,3.1518,1.51015,0.1966,0.001169,1.1441,0.0212
2017-11-09,63.71,63.71,0.0384,3.1825,1.51586,0.1966,0.001165,1.1476,0.0218
2017-11-10,63.49,63.49,0.0376,3.1444,1.5227899999999999,0.1961,0.001164,1.1499,0.0222
2017-11-13,62.83,62.83,0.0377,3.1183,1.53061,0.1971,0.001172,1.1544,0.0221
2017-11-14,60.98,60.98,0.0378,3.0833,1.5460399999999999,0.1978,0.001174,1.1549,0.0217
2017-11-15,61.54,61.54,0.0378,3.1139,1.55376,0.19899999999999998,0.001192,1.1674,0.0219
2017-11-16,61.06,61.06,0.0378,3.0536,1.55128,0.1986,0.001199,1.1658,0.0221
2017-11-17,62.32,62.32,0.0377,3.0524,1.5589600000000001,0.2,0.001207,1.179,0.0224
2017-11-20,61.97,61.97,0.0378,3.0503,1.55397,0.1996,0.001206,1.1761,0.0223
2017-11-21,62.51,62.51,0.0378,3.0469999999999997,1.54892,0.19899999999999998,0.001209,1.1736,0.0223
2017-11-22,63.14,63.14,0.0375,2.9267,1.55205,0.1993,0.001209,1.1805,0.0225
2017-11-27,63.48,63.48,0.0373,2.8166,1.56515,0.1991,0.0012050000000000001,1.1839,0.0225
2017-11-28,63.06,63.06,0.0372,2.909,1.55892,0.19899999999999998,0.001215,1.181,0.0225
2017-11-29,62.72,62.72,0.037000000000000005,3.09,1.56518,0.1997,0.001221,1.1801,0.0225
2017-11-30,62.78,62.78,0.037000000000000005,2.9417,1.57328,0.1994,0.001215,1.1744,0.0226
2017-12-01,63.67,63.67,0.0366,2.8404,1.56243,0.19899999999999998,0.001213,1.1703,0.0225
2017-12-04,62.39,62.39,0.0372,2.9011,1.56162,0.1989,0.0012109999999999998,1.1708,0.0235
2017-12-05,62.62,62.62,0.0378,2.8624,1.55459,0.1983,0.001209,1.1675,0.0237
2017-12-06,61.31,61.31,0.0384,2.9181,1.55952,0.1998,0.001209,1.1774,0.0233
2017-12-07,62.31,62.31,0.0386,2.8034,1.56738,0.2009,0.001218,1.1772,0.0217
2017-12-12,64.78,64.78,0.0368,2.8063,1.5535700000000001,0.2,0.0012109999999999998,1.1651,0.0223
2017-12-13,63.25,63.25,0.0367,2.673,1.54851,0.1986,0.001207,1.1635,0.0224
2017-12-14,64.04,64.04,0.0364,2.6658,1.5364,0.1976,0.001198,1.1606,0.0222
2017-12-15,63.8,63.8,0.0361,2.6202,1.53661,0.1974,0.001201,1.1615,0.0222
2017-12-18,63.55,63.55,0.036000000000000004,2.7071,1.53741,0.1971,0.001201,1.1591,0.0222
2017-12-19,63.97,63.97,0.0358,2.7406,1.54505,0.1978,0.001202,1.156,0.0222
2017-12-20,64.33,64.33,0.0359,2.697,1.54844,0.1984,0.001207,1.1503,0.0222
2017-12-21,64.5,64.5,0.0358,2.6021,1.54159,0.1975,0.001202,1.1458,0.0222
2017-12-22,64.7,64.7,0.0358,2.6119,1.53922,0.1971,0.001204,1.1449,0.0222
2017-12-26,66.4,66.4,0.0359,2.6977,1.53463,0.1978,0.001202,1.1427,0.0224
2017-12-27,66.06,66.06,0.0357,2.7543,1.53044,0.1962,0.0011970000000000001,1.1355,0.0223
2017-12-28,66.39,66.39,0.0356,2.9645,1.53234,0.1965,0.001199,1.1366,0.0223
2017-12-29,66.82,66.82,0.0356,3.5396,1.53722,0.1968,0.0012,1.1367,0.0222
2018-01-02,66.69,66.69,0.0359,7.1346,1.54006,0.1969,0.001201,1.1374,0.0222
2018-01-03,68.26,68.26,0.0375,6.8,1.53346,0.1965,0.001199,1.1343,0.0227
2018-01-05,68.08,68.08,0.0382,2.9299,1.52973,0.1963,0.0011970000000000001,1.1251,0.021
2018-01-08,68.21,68.21,0.0371,2.89,1.52606,0.1964,0.001193,1.1276,0.0215
2018-01-16,69.33,69.33,0.0349,5.46,1.54015,0.1953,0.00118,1.1373,0.0222
2018-01-17,69.42,69.42,0.0348,3.92,1.5289700000000002,0.1949,0.001175,1.1275,0.0221
2018-01-18,69.13,69.13,0.0347,3.54,1.5295,0.1948,0.001167,1.125,0.0221
2018-01-19,68.68,68.68,0.0346,3.2,1.5284200000000001,0.1949,0.001172,1.129,0.0221
2018-01-22,69.06,69.06,0.0346,3.14,1.5295100000000001,0.1947,0.001167,1.1246,0.0221
2018-01-23,69.61,69.61,0.0347,3.35,1.53724,0.1953,0.001164,1.1332,0.0222
2018-01-24,70.42,70.42,0.0347,3.54,1.53934,0.1947,0.001165,1.1356,0.0221
2018-01-25,69.86,69.86,0.0349,3.63,1.54484,0.1954,0.001168,1.1389,0.0223
2018-01-26,70.17,70.17,0.0351,3.58,1.53246,0.1954,0.001158,1.1356,0.0219
2018-01-29,69.2,69.2,0.0354,3.59,1.52977,0.1948,0.0011539999999999999,1.1339,0.0219
2018-01-30,68.09,68.09,0.0358,3.61,1.53454,0.1955,0.001153,1.1373,0.0219
2018-01-31,68.83,68.83,0.036000000000000004,3.34,1.54103,0.1961,0.00116,1.137,0.0221
2018-02-01,69.82,69.82,0.0356,3.06,1.55609,0.1982,0.0011619999999999998,1.137,0.0222
2018-02-02,68.05,68.05,0.0359,2.83,1.57172,0.2,0.001157,1.1455,0.0223
2018-02-05,66.89,66.89,0.0382,2.85,1.5699100000000001,0.2002,0.001159,1.1633,0.0208
2018-02-07,65.48,65.48,0.0381,2.73,1.56778,0.2024,0.001173,1.1692,0.0215
2018-02-08,64.1,64.1,0.037000000000000005,2.72,1.57402,0.2027,0.0011710000000000002,1.1819,0.0214
2018-02-13,62.33,62.33,0.0374,2.59,1.57149,0.2008,0.001172,1.1801,0.0221
2018-02-14,64.21,64.21,0.0375,2.53,1.57077,0.2009,0.001178,1.179,0.0222
2018-02-15,64.3,64.3,0.0373,2.52,1.5742399999999999,0.1991,0.001183,1.1858,0.0223
2018-02-16,64.8,64.8,0.037000000000000005,2.53,1.56924,0.19899999999999998,0.001185,1.1905,0.0224
2018-02-20,64.86,64.86,0.037000000000000005,2.63,1.56503,0.1997,0.001179,1.1818,0.0224
2018-02-21,64.92,64.92,0.037000000000000005,2.67,1.574,0.201,0.001191,1.1889,0.0226
2018-02-22,66.05,66.05,0.037000000000000005,2.64,1.57158,0.2004,0.001179,1.194,0.0226
2018-02-23,67.1,67.1,0.0371,2.58,1.56746,0.2019,0.001185,1.1933,0.0227
2018-02-26,67.31,67.31,0.037000000000000005,2.6,1.56807,0.2021,0.001189,1.1906,0.0229
2018-02-27,66.36,66.36,0.0371,2.59,1.5704799999999999,0.2023,0.001187,1.1961,0.0228
2018-02-28,64.46,64.46,0.0373,2.66,1.57093,0.2026,0.001187,1.2077,0.0229
2018-03-01,64.02,64.02,0.0359,2.67,1.5815299999999999,0.2032,0.001191,1.2137,0.0223
2018-03-05,65.43,65.43,0.0381,2.7,1.5885200000000002,0.2034,0.001194,1.2125,0.0211
2018-03-07,64.39,64.39,0.038,2.8,1.58609,0.2024,0.001198,1.2048,0.0215
2018-03-08,63.59,63.59,0.037000000000000005,2.78,1.58056,0.2023,0.001196,1.2091,0.0211
2018-03-09,65.28,65.28,0.0352,2.71,1.56913,0.2014,0.001196,1.193,0.0204
2018-03-13,64.5,64.5,0.0386,2.78,1.57636,0.2006,0.001193,1.1938,0.0223
2018-03-14,64.5,64.5,0.0383,2.69,1.5700399999999999,0.2011,0.001193,1.1939,0.0222
2018-03-15,64.52,64.52,0.038,2.7,1.57785,0.2021,0.001199,1.2059,0.0223
2018-03-16,65.48,65.48,0.0379,2.62,1.59302,0.2042,0.0012109999999999998,1.2231,0.0226
2018-03-19,65.49,65.49,0.0379,2.68,1.59825,0.205,0.001207,1.2212,0.0224
2018-03-20,66.89,66.89,0.038,2.71,1.5932899999999999,0.2051,0.001214,1.2217,0.0226
2018-03-21,69.24,69.24,0.038,2.6583,1.58886,0.2052,0.00121,1.2143,0.0226
2018-03-22,68.41,68.41,0.0381,2.6180000000000003,1.59912,0.2049,0.001202,1.2347,0.0227
2018-03-23,69.86,69.86,0.0381,2.58,1.60466,0.2048,0.001199,1.2403,0.0227
2018-03-26,69.54,69.54,0.0381,2.57,1.60619,0.2064,0.0012,1.2245,0.0226
2018-03-27,68.91,68.91,0.038,2.602,1.61516,0.2065,0.0012109999999999998,1.2363,0.0227
2018-03-28,68.83,68.83,0.0378,2.64,1.60656,0.2068,0.0012259999999999999,1.2216,0.0226
2018-03-29,69.22,69.22,0.0378,2.81,1.6021100000000001,0.2073,0.0012259999999999999,1.2239,0.0227
2018-04-04,67.97,67.97,0.0381,2.7710000000000004,1.5911899999999999,0.20600000000000002,0.001225,1.2138,0.0226
2018-04-05,68.36,68.36,0.038,2.73,1.59295,0.2065,0.001225,1.2118,0.0212
2018-04-06,66.78,66.78,0.0383,2.7294,1.5983,0.2064,0.001217,1.2187,0.0211
2018-04-09,68.53,68.53,0.0352,2.7132,1.60063,0.2059,0.001214,1.2165,0.0204
2018-04-13,72.85,72.85,0.0383,2.82,1.58785,0.2051,0.001201,1.1996,0.0208
2018-04-16,71.82,71.82,0.0383,2.8215,1.5910600000000001,0.205,0.0012,1.1998,0.021
2018-04-17,71.85,71.85,0.0383,2.845,1.59293,0.2049,0.001206,1.2031,0.0209
2018-04-18,73.91,73.91,0.0383,2.8433,1.58966,0.2047,0.001206,1.198,0.0211
2018-04-19,73.67,73.67,0.0381,2.7698,1.59709,0.205,0.001212,1.205,0.0212
2018-04-20,73.63,73.63,0.0382,2.78,1.60152,0.2069,0.001217,1.2109,0.0212
2018-04-23,74.58,74.58,0.0383,2.7393,1.60548,0.2079,0.001216,1.2097,0.0213
2018-04-24,73.45,73.45,0.0382,2.7724,1.60881,0.2086,0.001221,1.2086,0.0214
2018-04-25,73.47,73.47,0.0381,2.7905,1.6075700000000002,0.2089,0.001222,1.2081,0.0212
2018-04-26,74.1,74.1,0.0382,2.8053,1.6022100000000001,0.2089,0.001228,1.2111,0.0211
2018-04-27,73.85,73.85,0.0381,2.82,1.6002100000000001,0.2087,0.001235,1.2095,0.0211
2018-04-30,74.87,74.87,0.0381,2.75,1.60382,0.2094,0.001241,1.2147,0.0211
2018-05-01,73.47,73.47,0.0354,2.7491,1.60113,0.2109,0.0012439999999999999,1.2152,0.0224
2018-05-02,73.07,73.07,0.0361,2.7328,1.59487,0.2094,0.001236,1.2152,0.0221
2018-05-03,73.62,73.62,0.0378,2.6909,1.59174,0.2096,0.001234,1.2159,0.0228
2018-05-04,74.9,74.9,0.0385,2.75,1.58669,0.209,0.001235,1.2158,0.0226
2018-05-07,75.47,75.47,0.038,2.7101,1.58595,0.2088,0.001231,1.2195,0.0214
2018-05-09,77.01,77.01,0.0353,2.7227,1.5881100000000001,0.2107,0.001242,1.2211,0.0204
2018-05-14,77.77,77.77,0.0382,2.82,1.58465,0.2091,0.001241,1.2116,0.0215
2018-05-15,77.61,77.61,0.0382,2.85,1.58431,0.2098,0.0012380000000000002,1.2129,0.0215
2018-05-16,78.51,78.51,0.0381,2.7762,1.5710600000000001,0.2092,0.001235,1.2054,0.0216
2018-05-17,78.87,78.87,0.0382,2.75,1.57023,0.209,0.00123,1.2019,0.0214
2018-05-18,78.09,78.09,0.0383,2.78,1.56725,0.2087,0.001232,1.2021,0.0214
2018-05-21,78.95,78.95,0.0383,2.7681,1.55526,0.2072,0.001224,1.1877,0.0214
2018-05-22,78.87,78.87,0.0384,2.7826,1.55485,0.207,0.0012259999999999999,1.1902,0.0216
2018-05-23,79.18,79.18,0.0384,2.8585,1.5470700000000002,0.2075,0.001228,1.2018,0.0216
2018-05-24,78.31,78.31,0.0383,2.8683,1.5469700000000002,0.2072,0.00122,1.208,0.0214
2018-05-25,75.85,75.85,0.0382,2.9,1.54367,0.2071,0.001228,1.2112,0.0214
2018-05-29,74.96,74.96,0.0383,2.8238,1.53754,0.2073,0.0012289999999999998,1.225,0.0212
2018-05-30,77.12,77.12,0.0383,2.8289999999999997,1.53999,0.2061,0.001225,1.2119,0.0212
2018-05-31,77.13,77.13,0.0383,2.8873,1.54498,0.2063,0.0012230000000000001,1.2143,0.0212
2018-06-04,74.67,74.67,0.0384,2.9018,1.52962,0.2042,0.001221,1.1907,0.0224
2018-06-06,75.02,75.02,0.0382,2.8409,1.53555,0.2041,0.001222,1.1837,0.0211
2018-06-07,76.74,76.74,0.038,2.931,1.5478299999999998,0.2048,0.0012230000000000001,1.1957,0.0214
2018-06-08,75.77,75.77,0.037000000000000005,2.92,1.5482200000000002,0.2054,0.001225,1.2014,0.0212
2018-06-13,75.75,75.75,0.0383,2.9413,1.55598,0.2057,0.001215,1.1958,0.0211
2018-06-14,75.21,75.21,0.0382,2.9554,1.54694,0.2074,0.001228,1.2086,0.0214
2018-06-15,72.53,72.53,0.0379,3.02,1.56005,0.2084,0.001218,1.2144,0.0213
2018-06-18,74.68,74.68,0.038,2.9702,1.5657,0.2092,0.001221,1.2184,0.0212
2018-06-19,74.29,74.29,0.0378,2.9,1.57016,0.2091,0.001218,1.2308,0.0212
2018-06-20,73.57,73.57,0.0378,2.9479,1.57063,0.2095,0.001222,1.2299,0.0213
2018-06-21,72.49,72.49,0.038,2.9978,1.5726799999999999,0.2089,0.00122,1.2322,0.0213
2018-06-22,75.03,75.03,0.0381,2.9408,1.5661,0.207,0.001209,1.2222,0.0213
2018-06-25,74.25,74.25,0.0382,2.929,1.57856,0.2064,0.001209,1.2287,0.0214
2018-06-26,75.9,75.9,0.0381,2.9301,1.57535,0.2055,0.001209,1.2293,0.0214
2018-06-27,76.57,76.57,0.038,2.9951,1.57395,0.2053,0.001213,1.2355,0.0216
2018-06-28,76.95,76.95,0.038,2.9664,1.5735700000000001,0.2052,0.001213,1.2311,0.0217
2018-06-29,78.6,78.6,0.038,2.97,1.57865,0.2042,0.0012109999999999998,1.2193,0.0215
2018-07-02,76.94,76.94,0.0369,2.8680000000000003,1.58581,0.2049,0.001218,1.2287,0.0221
2018-07-03,77.34,77.34,0.0384,2.8664,1.5784799999999999,0.2039,0.001214,1.2243,0.0225
2018-07-05,76.92,76.92,0.0381,2.8609,1.5825,0.2039,0.001209,1.2233,0.0211
2018-07-06,76.52,76.52,0.0382,2.91,1.58099,0.2026,0.001207,1.2187,0.021
2018-07-09,77.49,77.49,0.0354,2.8554,1.57375,0.2024,0.0012029999999999999,1.2084,0.0201
2018-07-13,74.25,74.25,0.0381,2.86,1.57399,0.2016,0.001192,1.1995,0.0215
2018-07-16,71.43,71.43,0.0381,2.7378,1.5784799999999999,0.2015,0.001194,1.2001,0.0216
2018-07-17,71.17,71.17,0.0382,2.7845,1.57825,0.2016,0.001201,1.199,0.0216
2018-07-18,72.47,72.47,0.0381,2.7234,1.5732,0.2015,0.0011949999999999999,1.198,0.0215
2018-07-19,72.11,72.11,0.0379,2.7158,1.58189,0.2014,0.0011970000000000001,1.2087,0.0214
2018-07-20,72.71,72.71,0.0378,2.77,1.5813700000000002,0.1993,0.0011949999999999999,1.21,0.0212
2018-07-23,72.7,72.7,0.0378,2.7048,1.58398,0.1994,0.001194,1.2168,0.0215
2018-07-24,73.15,73.15,0.0377,2.7178,1.57434,0.1984,0.001196,1.2123,0.0213
2018-07-25,74.03,74.03,0.0376,2.7729,1.57328,0.1994,0.0012,1.2089,0.0214
2018-07-26,74.03,74.03,0.0375,2.7755,1.57827,0.1992,0.001206,1.2188,0.0215
2018-07-27,73.77,73.77,0.0375,2.78,1.5753,0.1982,0.0012109999999999998,1.217,0.0216
2018-07-30,74.51,74.51,0.0373,2.72,1.58038,0.198,0.001208,1.2156,0.0217
2018-07-31,73.07,73.07,0.0372,2.8159,1.57477,0.1973,0.001209,1.2035,0.0215
2018-08-01,71.8,71.8,0.0354,2.801,1.57475,0.198,0.001206,1.2089,0.0223
2018-08-02,72.65,72.65,0.0369,2.7893,1.57408,0.1981,0.001204,1.217,0.022000000000000002
2018-08-03,72.82,72.82,0.0383,2.8412,1.56237,0.1977,0.0012029999999999999,1.2142,0.0225
2018-08-06,72.82,72.82,0.0383,2.8613,1.5641399999999999,0.1974,0.001202,1.2152,0.0211
2018-08-08,71.29,71.29,0.037000000000000005,2.99,1.56236,0.1972,0.0012050000000000001,1.2125,0.0205
2018-08-13,71.92,71.92,0.0367,2.92,1.56959,0.1994,0.001209,1.2419,0.0204
2018-08-14,71.37,71.37,0.0365,3.02,1.5662,0.2005,0.001224,1.2426,0.0208
2018-08-15,69.9,69.9,0.0364,3.03,1.5672,0.1996,0.001218,1.2474,0.0205
2018-08-16,70.29,70.29,0.036000000000000004,3.02,1.5668,0.1995,0.001222,1.2419,0.0206
2018-08-17,70.97,70.97,0.0359,3.01,1.56402,0.1996,0.001221,1.2375,0.0207
2018-08-20,71.48,71.48,0.0361,3.03,1.56457,0.1995,0.001219,1.238,0.0203
2018-08-21,72.05,72.05,0.0361,3.01,1.57043,0.1987,0.001216,1.2308,0.0202
2018-08-22,74.28,74.28,0.036000000000000004,3.02,1.57794,0.1989,0.001216,1.2306,0.02
2018-08-23,74.21,74.21,0.0359,2.97,1.5921,0.2,0.001227,1.2398,0.0202
2018-08-24,75.01,75.01,0.0358,2.99,1.58578,0.2003,0.001224,1.2274,0.0204
2018-08-27,75.69,75.69,0.0358,2.98,1.58864,0.1998,0.0012259999999999999,1.2253,0.0202
2018-08-28,75.56,75.56,0.0357,2.98,1.59359,0.2,0.0012289999999999998,1.2255,0.0201
2018-08-29,77.03,77.03,0.0356,2.98,1.60151,0.201,0.001232,1.2249,0.0201
2018-08-30,77.1,77.1,0.0354,2.95,1.60686,0.201,0.001234,1.2403,0.0202
2018-08-31,77.15,77.15,0.0355,2.96,1.6136700000000002,0.2031,0.001247,1.2519,0.0206
2018-09-04,77.5,77.5,0.0384,2.96,1.61332,0.2037,0.0012460000000000001,1.2501,0.0214
2018-09-05,76.57,76.57,0.0381,3.0,1.61699,0.2037,0.001241,1.2465,0.0213
2018-09-07,76.06,76.06,0.0382,,1.62408,0.2041,0.0012439999999999999,1.2608,0.0215
